id,title,company,category,contract_type,contract_time,region,created,first_seen,last_seen,salary_min,salary_max,salary_mid
5821183026,Secondary SEMH Outreach Advisor,Supply Staff Limited,teaching-jobs,contract,,London,2026-07-30 15:11:54+00,2026-07-31,2026-07-31,111020,111020,111020.000000000000
5821154185,Secondary SEMH Outreach Advisor,Supply Staff Limited,teaching-jobs,contract,,London,2026-07-30 15:06:09+00,2026-07-31,2026-07-31,84500,111020,97760.000000000000
5821153515,Senior Planning & Data Analyst,Morgan Law,it-jobs,permanent,full_time,London,2026-07-30 15:04:49+00,2026-07-31,2026-07-31,43000,50000,46500.000000000000
5821152253,Commercial Financial Analyst,Ashley Kate HR & Finance,accounting-finance-jobs,,full_time,North West England,2026-07-30 15:03:40+00,2026-07-31,2026-07-31,37500,40000,38750.000000000000
5821314442,Data Analyst,Goodlife Recruitment Solutions Ltd,it-jobs,permanent,full_time,North West England,2026-07-30 16:48:35+00,2026-07-31,2026-07-31,45000,45000,45000.000000000000
5821149515,"SQL/Data Analyst (T-SQL, Azure Data Factory, Fabric, SSIS, ERP)",TXP Technology x People,it-jobs,contract,,West Midlands,2026-07-30 15:00:59+00,2026-07-31,2026-07-31,91000,104000,97500.000000000000
5821148678,Secondary SEMH Outreach Advisor,Supply Staff Limited,teaching-jobs,permanent,,London,2026-07-30 14:59:34+00,2026-07-31,2026-07-31,111020,111020,111020.000000000000
5821148656,Data Analyst Apprentice,Back TO Work,it-jobs,,full_time,North West England,2026-07-30 14:59:32+00,2026-07-31,2026-07-31,25800,25800,25800.000000000000
5821148351,Data Performance Manager,Acis Group Ltd,it-jobs,permanent,full_time,East Midlands,2026-07-30 14:58:52+00,2026-07-31,2026-07-31,40000,45000,42500.000000000000
5821092171,"SQL/Data Analyst (T-SQL, Azure Data Factory, Fabric, SSIS, ERP)",TXP,it-jobs,contract,,West Midlands,2026-07-30 12:55:45+00,2026-07-31,2026-07-31,91000,104000,97500.000000000000
5820807185,Customer Retention Strategist,Specsavers,it-jobs,permanent,full_time,South East England,2026-07-30 06:33:30+00,2026-07-31,2026-07-31,65000,65000,65000.000000000000
5820801563,Customer Retention Strategist,Specsavers,it-jobs,permanent,full_time,Scotland,2026-07-30 06:29:30+00,2026-07-31,2026-07-31,65000,65000,65000.000000000000
5822289741,Python Developer,Tria,it-jobs,,full_time,West Midlands,2026-07-31 11:30:04+00,2026-07-31,2026-07-31,45000,50000,47500.000000000000
5820422952,Data Analyst,Euro Car Parks,it-jobs,permanent,full_time,London,2026-07-30 00:51:19+00,2026-07-31,2026-07-31,100000,100000,100000.000000000000
5820419256,Data Analyst - Performance,Elevate Recruitment.,it-jobs,permanent,,London,2026-07-30 00:49:44+00,2026-07-31,2026-07-31,35000,35000,35000.000000000000
5821004492,Trainee Data Engineer,NEWTO TRAINING LIMITED,it-jobs,contract,,London,2026-07-30 11:33:36+00,2026-07-31,2026-07-31,40000,40000,40000.000000000000
5820418829,HR Data Analyst,Liberty Recruitment Group,it-jobs,,,South East England,2026-07-30 00:47:39+00,2026-07-31,2026-07-31,40000,40000,40000.000000000000
5822289667,Senior Technical Product Manager,ST Selection,it-jobs,,full_time,West Midlands,2026-07-31 11:30:03+00,2026-07-31,2026-07-31,70000,75000,72500.000000000000
5822289462,Azure Data DevOps Engineer,Assura Protect,it-jobs,,full_time,London,2026-07-31 11:29:49+00,2026-07-31,2026-07-31,60000,95669,77834.500000000000
5820008422,Data Analyst,UCL Partners,it-jobs,contract,full_time,London,2026-07-29 18:08:37+00,2026-07-31,2026-07-31,40000,52000,46000.000000000000
5819979704,Key Account Manager - Tesco Retail Media,Hackajob Ltd,sales-jobs,,,London,2026-07-29 16:50:40+00,2026-07-31,2026-07-31,100000,100000,100000.000000000000
5819979127,Data Operations Manager,Vitality Corporate Services Limited,it-jobs,,full_time,London,2026-07-29 16:50:06+00,2026-07-31,2026-07-31,75000,75000,75000.000000000000
5821148333,Senior Planning & Data Analyst,Morgan Law,it-jobs,permanent,full_time,London,2026-07-30 14:58:47+00,2026-07-31,2026-07-31,43000,50000,46500.000000000000
5822252503,Data Engineering Manager,Datatech Analytics,it-jobs,permanent,,London,2026-07-31 11:13:07+00,2026-07-31,2026-07-31,95000,95000,95000.000000000000
5822251766,Lead Product Manager,Anson Mccade,it-jobs,permanent,,West Midlands,2026-07-31 11:12:54+00,2026-07-31,2026-07-31,75000,75000,75000.000000000000
5821148323,Secondary SEMH Outreach Advisor,Supply Staff Limited,teaching-jobs,contract,,London,2026-07-30 14:58:44+00,2026-07-31,2026-07-31,84500,111020,97760.000000000000
5821005611,SQL Developer / Data Analyst,Beagle Aircraft,it-jobs,,full_time,South West England,2026-07-30 11:33:48+00,2026-07-31,2026-07-31,23000,63000,43000.000000000000
5821880721,Data Solution Architect,Experis,it-jobs,contract,,London,2026-07-31 03:11:38+00,2026-07-31,2026-07-31,260000,390000,325000.000000000000
5821880708,"Data Engineer (AWS) - 12-month FTC, Hybrid/London, Manchest",SmartSourcing PLC,it-jobs,contract,,North West England,2026-07-31 03:11:38+00,2026-07-31,2026-07-31,45000,45000,45000.000000000000
5822251771,Principal Product Manager,Anson Mccade,it-jobs,permanent,,Scotland,2026-07-31 11:12:54+00,2026-07-31,2026-07-31,90000,90000,90000.000000000000
5821876514,Data Tech Lead,Morson Edge,it-jobs,permanent,,North West England,2026-07-31 03:10:39+00,2026-07-31,2026-07-31,85000,85000,85000.000000000000
5822251800,Lead Product Manager,Anson Mccade,it-jobs,permanent,,North West England,2026-07-31 11:12:54+00,2026-07-31,2026-07-31,75000,75000,75000.000000000000
5822251764,Lead Product Manager,Anson Mccade,it-jobs,permanent,,South West England,2026-07-31 11:12:54+00,2026-07-31,2026-07-31,75000,75000,75000.000000000000
5822251768,Lead Product Manager,Anson Mccade,it-jobs,permanent,,North East England,2026-07-31 11:12:54+00,2026-07-31,2026-07-31,75000,75000,75000.000000000000
5822251740,Principal Product Manager,Anson Mccade,it-jobs,permanent,,South West England,2026-07-31 11:12:53+00,2026-07-31,2026-07-31,90000,90000,90000.000000000000
5822251398,Systems Engineering Lead - Spartan Data Workstream,Hackajob Ltd,engineering-jobs,permanent,,North West England,2026-07-31 11:12:48+00,2026-07-31,2026-07-31,95000,95000,95000.000000000000
5822251443,Lead Product Manager,Anson Mccade,it-jobs,permanent,,South West England,2026-07-31 11:12:48+00,2026-07-31,2026-07-31,75000,75000,75000.000000000000
5822247058,Senior Product Data Scientist,Datatech Analytics,it-jobs,permanent,,South East England,2026-07-31 11:11:28+00,2026-07-31,2026-07-31,90000,90000,90000.000000000000
5822245955,Senior Manager of Data Science,WRK DIGITAL LTD,it-jobs,permanent,,Yorkshire And The Humber,2026-07-31 11:11:06+00,2026-07-31,2026-07-31,100000,100000,100000.000000000000
5822245733,Customer Sales Engineer,True Worth Consulting Ltd,it-jobs,permanent,full_time,North West England,2026-07-31 11:11:01+00,2026-07-31,2026-07-31,60000,60000,60000.000000000000
5822245512,Senior AI Engineer,Hackajob Ltd,it-jobs,permanent,,Northern Ireland,2026-07-31 11:10:56+00,2026-07-31,2026-07-31,90000,90000,90000.000000000000
5822245460,Lead AI Engineer,Hackajob Ltd,it-jobs,permanent,,Northern Ireland,2026-07-31 11:10:55+00,2026-07-31,2026-07-31,90000,90000,90000.000000000000
5822244368,Portfolio Analyst,AWE Plc,it-jobs,permanent,,South East England,2026-07-31 11:10:34+00,2026-07-31,2026-07-31,55000,55000,55000.000000000000
5822242787,Software Engineer - eDV,Henderson Scott,it-jobs,permanent,,South West England,2026-07-31 11:09:51+00,2026-07-31,2026-07-31,80000,80000,80000.000000000000
5822242545,Principal AI Engineer,Hackajob Ltd,it-jobs,permanent,,West Midlands,2026-07-31 11:09:46+00,2026-07-31,2026-07-31,100000,100000,100000.000000000000
5822120412,Associate Data Scientist,Vitality Corporate Services Limited,it-jobs,,full_time,London,2026-07-31 08:51:41+00,2026-07-31,2026-07-31,35000,35000,35000.000000000000
5822116970,"Data Engineer (AWS) - 12-month FTC, Hybrid/London, Manchest",SmartSourcing PLC,it-jobs,contract,,North West England,2026-07-31 08:49:06+00,2026-07-31,2026-07-31,45000,45000,45000.000000000000
5822115787,Data Tech Lead,Morson Edge,it-jobs,,,North West England,2026-07-31 08:48:19+00,2026-07-31,2026-07-31,85000,85000,85000.000000000000
5822113409,Lead AI Engineer,Hackajob Ltd,it-jobs,,,Northern Ireland,2026-07-31 08:46:50+00,2026-07-31,2026-07-31,90000,90000,90000.000000000000
5822110260,Lead Data Scientist - Workday Products,Hackajob Ltd,it-jobs,,,Northern Ireland,2026-07-31 08:45:00+00,2026-07-31,2026-07-31,100000,100000,100000.000000000000
5822126778,Works Planner (Data and GIS) - GLA15687,Glasgow,it-jobs,,,,2026-07-31 08:58:07+00,2026-07-31,2026-07-31,30001,40000,35000.500000000000
5821413303,Senior Technical Application Specialist - Compliance Engineering,Lloyds Bank,it-jobs,,full_time,,2026-07-30 18:24:01+00,2026-07-31,2026-07-31,72702,80780,76741.000000000000
5821372465,Cloud Solution Architect (Data & AI),Microsoft,it-jobs,contract,full_time,London,2026-07-30 18:16:45+00,2026-07-31,2026-07-31,61900,105500,83700.000000000000
5821875480,Lead Data Scientist - Workday Products,Hackajob Ltd,it-jobs,permanent,,Northern Ireland,2026-07-31 03:10:28+00,2026-07-31,2026-07-31,100000,100000,100000.000000000000
5821348615,Technical Application Specialist,Lloyds Bank,it-jobs,,full_time,,2026-07-30 18:08:22+00,2026-07-31,2026-07-31,48987,54430,51708.500000000000
5821939539,Programmer,Staffordshire County Council,it-jobs,permanent,,,2026-07-31 04:00:09+00,2026-07-31,2026-07-31,33699,38220,35959.500000000000
5821324557,Technical Lead,Third Nexus Group Limited,it-jobs,permanent,full_time,London,2026-07-30 16:57:13+00,2026-07-31,2026-07-31,80000,100000,90000.000000000000
5821315375,Senior Data Engineer,Lynx Recruitment Limited,it-jobs,,,London,2026-07-30 16:50:40+00,2026-07-31,2026-07-31,100000,100000,100000.000000000000
5821152375,Data Enrichment Manager,Hunter Selection,it-jobs,contract,full_time,South East England,2026-07-30 15:03:49+00,2026-07-31,2026-07-31,80000,90000,85000.000000000000
5821150402,Data Engineer (Azure),Lynx Recruitment Ltd,it-jobs,permanent,full_time,London,2026-07-30 15:02:08+00,2026-07-31,2026-07-31,40000,60000,50000.000000000000
5821149505,"Data Architect (Azure, Databricks, Data Modelling)",Robert Half,it-jobs,permanent,,London,2026-07-30 15:00:58+00,2026-07-31,2026-07-31,156000,169000,162500.000000000000
5821149210,Senior Databricks Architect,Tenth Revolution Group,it-jobs,permanent,full_time,London,2026-07-30 15:00:23+00,2026-07-31,2026-07-31,85000,115000,100000.000000000000
5821149134,AWS Data Platform Architect,Tenth Revolution Group,it-jobs,permanent,full_time,London,2026-07-30 15:00:14+00,2026-07-31,2026-07-31,85000,110000,97500.000000000000
5821149016,Data Engineer AWS,SmartSourcing Ltd,it-jobs,contract,,North West England,2026-07-30 15:00:02+00,2026-07-31,2026-07-31,49400,49400,49400.000000000000
5821149022,Data Engineer AWS,SmartSourcing Ltd,it-jobs,contract,,North East England,2026-07-30 15:00:02+00,2026-07-31,2026-07-31,49400,49400,49400.000000000000
5821149018,Data Engineer AWS,SmartSourcing Ltd,it-jobs,contract,,Wales,2026-07-30 15:00:02+00,2026-07-31,2026-07-31,49400,49400,49400.000000000000
5821149001,Data Engineer AWS,SmartSourcing Ltd,it-jobs,contract,,Scotland,2026-07-30 15:00:01+00,2026-07-31,2026-07-31,49400,49400,49400.000000000000
5821148826,Senior Data Engineer,Lynx Recruitment Ltd,it-jobs,permanent,full_time,London,2026-07-30 14:59:49+00,2026-07-31,2026-07-31,60000,100000,80000.000000000000
5821839357,GCP Data Engineer (Python/BigQuery/Snowflake),Source Group International,it-jobs,contract,full_time,,2026-07-31 02:29:57+00,2026-07-31,2026-07-31,135200,156000,145600.000000000000
5821839365,Senior Data Engineer,Langham Recruitment,it-jobs,permanent,full_time,West Midlands,2026-07-31 02:29:57+00,2026-07-31,2026-07-31,60000,70000,65000.000000000000
5821721208,Data Solution Architect,Experis,it-jobs,contract,,London,2026-07-31 00:44:11+00,2026-07-31,2026-07-31,260000,390000,325000.000000000000
5821655226,"Data Engineer (AWS) 12-month FTC, Hybrid/London, Manchester, Cardiff,",SmartSourcing PLC,it-jobs,contract,,Scotland,2026-07-30 23:12:34+00,2026-07-31,2026-07-31,45000,45000,45000.000000000000
5821653350,Principal Product Manager,Anson McCade,it-jobs,permanent,,North East England,2026-07-30 23:10:29+00,2026-07-31,2026-07-31,90000,90000,90000.000000000000
5821643340,Data Modeler,Harnham - Data & Analytics Recruitment,it-jobs,contract,,London,2026-07-30 23:02:42+00,2026-07-31,2026-07-31,156000,182000,169000.000000000000
5821433721,"Data Architect (Azure, Databricks, Data Modelling)",Robert Half,it-jobs,permanent,full_time,London,2026-07-30 20:48:41+00,2026-07-31,2026-07-31,156000,169000,162500.000000000000
5821426123,Principal Data Product Manager,Anson McCade,it-jobs,permanent,,North West England,2026-07-30 19:12:12+00,2026-07-31,2026-07-31,90000,90000,90000.000000000000
5821421629,SRE Technical Lead,FDM Group,it-jobs,contract,,South West England,2026-07-30 18:57:58+00,2026-07-31,2026-07-31,90000,90000,90000.000000000000
5820418690,Full Stack Developer,Oscar Associates  Limited,it-jobs,,,East Midlands,2026-07-30 00:47:09+00,2026-07-31,2026-07-31,45000,45000,45000.000000000000
5820342708,Data Analyst,Elevate Recruitment Limited,it-jobs,permanent,full_time,London,2026-07-29 22:56:18+00,2026-07-31,2026-07-31,30000,39000,34500.000000000000
5821633577,Research Infrasructure Engineer,Tate London City,it-jobs,permanent,full_time,South East England,2026-07-30 23:00:54+00,2026-07-31,2026-07-31,41000,49000,45000.000000000000
5821421298,Data Solution Architect,Experis,it-jobs,contract,,London,2026-07-30 18:56:33+00,2026-07-31,2026-07-31,260000,260000,260000.000000000000
5821421299,Data Engineer,Connect2Luton,it-jobs,contract,,Eastern England,2026-07-30 18:56:33+00,2026-07-31,2026-07-31,130000,143000,136500.000000000000
5821421263,Data Architect,Connect2Luton,it-jobs,contract,,Eastern England,2026-07-30 18:56:24+00,2026-07-31,2026-07-31,182000,182000,182000.000000000000
5821421271,Junior Data Engineer,Jackson Hogg Ltd,it-jobs,,full_time,North East England,2026-07-30 18:56:24+00,2026-07-31,2026-07-31,30000,35000,32500.000000000000
5821005233,Data Analyst,VIQU IT,it-jobs,,full_time,Northern Ireland,2026-07-30 11:33:44+00,2026-07-31,2026-07-31,40000,50000,45000.000000000000
5820373355,Trainee Data Engineer Programme No Experience Required,NEWTO TRAINING LIMITED,it-jobs,permanent,,Yorkshire And The Humber,2026-07-29 23:08:08+00,2026-07-31,2026-07-31,40000,40000,40000.000000000000
5821407884,Commercial Strategy Manager,iwoca,it-jobs,,full_time,London,2026-07-30 18:22:14+00,2026-07-31,2026-07-31,70000,90000,80000.000000000000
5821402179,Senior Product Lead (Conversion & Checkout),Autotrader,it-jobs,,,North West England,2026-07-30 18:21:10+00,2026-07-31,2026-07-31,65000,90000,77500.000000000000
5822246780,Group Tax Manager,Hackajob Ltd,accounting-finance-jobs,permanent,,London,2026-07-31 11:11:23+00,2026-07-31,2026-07-31,100000,100000,100000.000000000000
5821349813,Senior Product Lead (New Car Advertising Products),Autotrader,it-jobs,,,North West England,2026-07-30 18:08:57+00,2026-07-31,2026-07-31,65000,90000,77500.000000000000
5821349737,Sr Product Mgr II,Elsevier,it-jobs,,full_time,London,2026-07-30 18:08:44+00,2026-07-31,2026-07-31,100400,167300,133850.000000000000
5820418826,Data Analyst,Catalyst,it-jobs,permanent,full_time,North East England,2026-07-30 00:47:39+00,2026-07-31,2026-07-31,80000,80000,80000.000000000000
5822245979,Senior Data Scientist - Workday Products,Hackajob Ltd,it-jobs,permanent,,Northern Ireland,2026-07-31 11:11:07+00,2026-07-31,2026-07-31,90000,90000,90000.000000000000
5821004493,SC - Data Analyst,Velocity Talent,it-jobs,permanent,full_time,Yorkshire And The Humber,2026-07-30 11:33:36+00,2026-07-31,2026-07-31,75000,85000,80000.000000000000
5822245605,AI / ML Researcher - Hybrid,Anson Mccade,it-jobs,permanent,,Eastern England,2026-07-31 11:10:58+00,2026-07-31,2026-07-31,65000,65000,65000.000000000000
5821653505,Data Architect (SC  NPPV3 Cleared),Pigment Consulting,it-jobs,contract,,,2026-07-30 23:10:35+00,2026-07-31,2026-07-31,156000,182000,169000.000000000000
5821003808,Data Analyst Placement Programme,Data Jobs at ITOL Recruit,it-jobs,,full_time,West Midlands,2026-07-30 11:33:28+00,2026-07-31,2026-07-31,30000,45000,37500.000000000000
5821005636,Data Analyst,Catalyst,it-jobs,permanent,full_time,Northern Ireland,2026-07-30 11:33:49+00,2026-07-31,2026-07-31,50000,80000,65000.000000000000
5822245495,Lead Engineer - Workplace Technology and Automation,Hackajob Ltd,it-jobs,permanent,,London,2026-07-31 11:10:55+00,2026-07-31,2026-07-31,95000,95000,95000.000000000000
5822245492,Lead Engineer - Full Stack,Hackajob Ltd,it-jobs,permanent,,North West England,2026-07-31 11:10:55+00,2026-07-31,2026-07-31,95000,95000,95000.000000000000
5821148304,Data Analyst and Technical Support Coordinator,OnetoOne Personnel,it-jobs,permanent,full_time,Eastern England,2026-07-30 14:58:39+00,2026-07-31,2026-07-31,37000,43000,40000.000000000000
5821005098,Data Analyst,JIYU People Ltd,it-jobs,,full_time,South West England,2026-07-30 11:33:42+00,2026-07-31,2026-07-31,40000,50000,45000.000000000000
5820418123,Senior AI Engineer,CarFinance 247,it-jobs,,,North West England,2026-07-30 00:44:56+00,2026-07-31,2026-07-31,80000,80000,80000.000000000000
5821005651,Data Analyst,NBI LLC,it-jobs,,full_time,West Midlands,2026-07-30 11:33:49+00,2026-07-31,2026-07-31,35000,50000,42500.000000000000
5822244377,Senior Revenue Manager,Hackajob Ltd,accounting-finance-jobs,permanent,,London,2026-07-31 11:10:34+00,2026-07-31,2026-07-31,100000,100000,100000.000000000000
5821005129,Data Analyst / SQL Developer,Silcoms II Ltd,it-jobs,contract,full_time,North West England,2026-07-30 11:33:42+00,2026-07-31,2026-07-31,33000,43000,38000.000000000000
5822242735,Technical Operations Lead,Peregrine,it-jobs,permanent,,South West England,2026-07-31 11:09:50+00,2026-07-31,2026-07-31,127185,127185,127185.000000000000
5822242503,Analytics Platform Engineer,LM RECRUITMENT SOLUTIONS LTD,it-jobs,permanent,full_time,Yorkshire And The Humber,2026-07-31 11:09:45+00,2026-07-31,2026-07-31,95000,95000,95000.000000000000
5822233646,Senior Data Scientist,Harnham - Data & Analytics Recruitment,it-jobs,contract,,London,2026-07-31 11:00:14+00,2026-07-31,2026-07-31,104000,130000,117000.000000000000
5821005586,Data & Application Developer,Ascent Performance Group Ltd,it-jobs,,full_time,North West England,2026-07-30 11:33:48+00,2026-07-31,2026-07-31,35000,45000,40000.000000000000
5821005440,Oracle Fusion Technical Support Analyst,Gov Facility Services Ltd (GFSL,it-jobs,,full_time,London,2026-07-30 11:33:46+00,2026-07-31,2026-07-31,65000,65000,65000.000000000000
5822114625,Client Partner,Hackajob Ltd,sales-jobs,,,London,2026-07-31 08:47:33+00,2026-07-31,2026-07-31,100000,100000,100000.000000000000
5822113615,Group Tax Manager,Hackajob Ltd,accounting-finance-jobs,,,London,2026-07-31 08:47:05+00,2026-07-31,2026-07-31,100000,100000,100000.000000000000
5821005080,Data Scientist (AI & Conversational Analytics),Huxley Associates,it-jobs,,full_time,London,2026-07-30 11:33:42+00,2026-07-31,2026-07-31,90000,110000,100000.000000000000
5821004840,BI Data Engineer,Parkside,it-jobs,permanent,full_time,West Midlands,2026-07-30 11:33:39+00,2026-07-31,2026-07-31,55000,55000,55000.000000000000
5821004810,Senior Business Intelligence Analyst / Data Manager,IT Talent Solutions,it-jobs,,full_time,South East England,2026-07-30 11:33:39+00,2026-07-31,2026-07-31,50000,60000,55000.000000000000
5821004418,Data Lead,Akkodis,it-jobs,,full_time,London,2026-07-30 11:33:35+00,2026-07-31,2026-07-31,70000,80000,75000.000000000000
5821004158,Head of Artificial Intelligence (Gen-AI),The Portfolio Group,it-jobs,,full_time,North West England,2026-07-30 11:33:32+00,2026-07-31,2026-07-31,130000,150000,140000.000000000000
5821004028,Data Engineer,Intec Select Ltd,it-jobs,,full_time,London,2026-07-30 11:33:31+00,2026-07-31,2026-07-31,30000,34000,32000.000000000000
5821003973,Infor M3 Support,Ambis Resourcing,it-jobs,,full_time,South East England,2026-07-30 11:33:30+00,2026-07-31,2026-07-31,45000,70000,57500.000000000000
5821003488,Business Analytics Lead,DS SMITH PACKAGING LIMITED,it-jobs,,full_time,London,2026-07-30 11:33:25+00,2026-07-31,2026-07-31,24000,64000,44000.000000000000
5821003526,Automation & Software Developer,Batch'd,it-jobs,permanent,full_time,Yorkshire And The Humber,2026-07-30 11:33:25+00,2026-07-31,2026-07-31,23000,55000,39000.000000000000
5820418684,Power BI Engineer,First Choice Staff,it-jobs,,,London,2026-07-30 00:47:09+00,2026-07-31,2026-07-31,45000,45000,45000.000000000000
5820148649,Head of Portfolio Performance,Daniel Owen Ltd,it-jobs,permanent,full_time,West Midlands,2026-07-29 20:42:08+00,2026-07-31,2026-07-31,75000,95000,85000.000000000000
5820137530,Finance Business Partner,Pertemps,accounting-finance-jobs,permanent,full_time,South East England,2026-07-29 20:14:24+00,2026-07-31,2026-07-31,60000,70000,65000.000000000000
5822134506,NPI Engineer,Oliver Rae,engineering-jobs,contract,full_time,West Midlands,2026-07-31 09:03:01+00,2026-07-31,2026-07-31,40000,50000,45000.000000000000
5822130139,Technical Business Analyst Guernsey,Resourgenix Ltd,it-jobs,,full_time,,2026-07-31 09:00:02+00,2026-07-31,2026-07-31,60000,80000,70000.000000000000
5822127070,Assistant Buyer,Building Careers UK,trade-construction-jobs,permanent,full_time,North West England,2026-07-31 08:58:21+00,2026-07-31,2026-07-31,35000,55000,45000.000000000000
5822126866,Administrator (Children's Activities Programme) (Temporary) (MOR12067) - MOR12067,Moray Council,admin-jobs,,,Scotland,2026-07-31 08:58:12+00,2026-07-31,2026-07-31,20001,30000,25000.500000000000
5822126779,Private Sector Housing Officer - MOR12055,Moray Council,property-jobs,,,Scotland,2026-07-31 08:58:07+00,2026-07-31,2026-07-31,40001,50000,45000.500000000000
5822126768,Clerical Officer - GLA15701,Glasgow,accounting-finance-jobs,,,,2026-07-31 08:58:07+00,2026-07-31,2026-07-31,20001,30000,25000.500000000000
5822126781,Executive Support Assistant - MOR12063,Moray Council,admin-jobs,,,Scotland,2026-07-31 08:58:07+00,2026-07-31,2026-07-31,30001,40000,35000.500000000000
5822126637,Senior Manager (First Contact and Assessment) - ERN06485,EAST RENFREWSHIRE COUNCIL,social-work-jobs,,,Scotland,2026-07-31 08:57:59+00,2026-07-31,2026-07-31,70001,,
5822123084,Regional Manager,Compass UK & Ireland,trade-construction-jobs,,full_time,London,2026-07-31 08:54:20+00,2026-07-31,2026-07-31,50000,50000,50000.000000000000
5822122072,Associate Dean of Digital Education,BIMM University,teaching-jobs,,,London,2026-07-31 08:53:36+00,2026-07-31,2026-07-31,65000,65000,65000.000000000000
5822121087,Area Sales Manager Vinyl Flooring & Panel Products,Mitchell Maguire,sales-jobs,,,West Midlands,2026-07-31 08:52:32+00,2026-07-31,2026-07-31,65000,65000,65000.000000000000
5822120715,Snowflake Data Modeller,Sanderson Recruitment,it-jobs,contract,,London,2026-07-31 08:51:49+00,2026-07-31,2026-07-31,169000,195000,182000.000000000000
5822117688,Final Mile Territory Manager,Evri,logistics-warehouse-jobs,,,London,2026-07-31 08:50:15+00,2026-07-31,2026-07-31,35000,35000,35000.000000000000
5822117182,Call Centre Sales Manager,Credico Marketing UK Ltd,sales-jobs,,full_time,North West England,2026-07-31 08:49:35+00,2026-07-31,2026-07-31,45000,45000,45000.000000000000
5822116974,Call Monitoring Analyst,Credico Marketing UK Ltd,sales-jobs,,,North West England,2026-07-31 08:49:06+00,2026-07-31,2026-07-31,26000,26000,26000.000000000000
5822116728,Partnership Accountant,Marc Daniels,accounting-finance-jobs,contract,,London,2026-07-31 08:48:50+00,2026-07-31,2026-07-31,100000,100000,100000.000000000000
5822115860,Security Assurance Analyst - DV Cleared - Perm,Sanderson Government and Defence,it-jobs,permanent,full_time,South East England,2026-07-31 08:48:21+00,2026-07-31,2026-07-31,80000,80000,80000.000000000000
5822115882,Lenders Technical Advisor,TSA Surveying Ltd,trade-construction-jobs,contract,,London,2026-07-31 08:48:21+00,2026-07-31,2026-07-31,70000,70000,70000.000000000000
5822114880,Transport Planner,Zachary Daniels,logistics-warehouse-jobs,permanent,full_time,Northern Ireland,2026-07-31 08:47:50+00,2026-07-31,2026-07-31,45000,45000,45000.000000000000
5822114824,Accommodation Manager,Job Board Direct,social-work-jobs,,,Yorkshire And The Humber,2026-07-31 08:47:46+00,2026-07-31,2026-07-31,45000,45000,45000.000000000000
5822114756,HR Business Partner,Colchester Institute Enterprises Limited,hr-jobs,permanent,full_time,Eastern England,2026-07-31 08:47:40+00,2026-07-31,2026-07-31,35000,35000,35000.000000000000
5822113759,Digital Marketing Executive,Vibe Recruit Limited,pr-advertising-marketing-jobs,permanent,,Wales,2026-07-31 08:47:17+00,2026-07-31,2026-07-31,30000,30000,30000.000000000000
5822113751,Social Media and Communications Co-Ordinator,Yours Clothing,pr-advertising-marketing-jobs,,,Eastern England,2026-07-31 08:47:16+00,2026-07-31,2026-07-31,28000,28000,28000.000000000000
5822113758,Hybrid Paid Search Manager - European Paid Media Agency,Recruitment Revolution,pr-advertising-marketing-jobs,permanent,full_time,South East England,2026-07-31 08:47:16+00,2026-07-31,2026-07-31,45000,45000,45000.000000000000
5822113705,Sales Quality Analyst,Credico Marketing UK Ltd,sales-jobs,,,North West England,2026-07-31 08:47:14+00,2026-07-31,2026-07-31,26000,26000,26000.000000000000
5822113636,Customer Research Manager,South West Water,consultancy-jobs,contract,,South West England,2026-07-31 08:47:08+00,2026-07-31,2026-07-31,45000,45000,45000.000000000000
5822113590,Head of Revenue Management,Develop,it-jobs,,,South East England,2026-07-31 08:47:05+00,2026-07-31,2026-07-31,95000,95000,95000.000000000000
5822113589,Credit Controller,NC Associates,accounting-finance-jobs,permanent,,North West England,2026-07-31 08:47:05+00,2026-07-31,2026-07-31,30000,30000,30000.000000000000
5822113601,Senior Accounts Manager,Talent Finder,accounting-finance-jobs,,full_time,Yorkshire And The Humber,2026-07-31 08:47:05+00,2026-07-31,2026-07-31,45000,45000,45000.000000000000
5822113563,Construction Repair Analyst,Hackajob Ltd,trade-construction-jobs,,,London,2026-07-31 08:47:01+00,2026-07-31,2026-07-31,45000,45000,45000.000000000000
5822113534,Estimator/Commercial Manager,DAMICOR LIMITED,trade-construction-jobs,,,South East England,2026-07-31 08:47:00+00,2026-07-31,2026-07-31,45000,45000,45000.000000000000
5822113528,Mechanical Estimator Nuclear Sector,Emeya Recruitment Limited,engineering-jobs,,,London,2026-07-31 08:47:00+00,2026-07-31,2026-07-31,75000,75000,75000.000000000000
5822113529,Mechanical Estimator Nuclear Sector,Emeya Recruitment Limited,engineering-jobs,,,North West England,2026-07-31 08:47:00+00,2026-07-31,2026-07-31,70000,70000,70000.000000000000
5822113546,Quantity Surveyor - Cost Consultancy,Morson Edge,trade-construction-jobs,,,North West England,2026-07-31 08:47:00+00,2026-07-31,2026-07-31,91000,104000,97500.000000000000
5822113527,Senior Quantity Surveyor HS2,Emeya Recruitment Limited,trade-construction-jobs,,,London,2026-07-31 08:47:00+00,2026-07-31,2026-07-31,95000,95000,95000.000000000000
5822113496,Quality Technician/Engineer/Manager (Production Equipment),Ernest Gordon Recruitment,scientific-qa-jobs,permanent,,South West England,2026-07-31 08:46:53+00,2026-07-31,2026-07-31,50000,50000,50000.000000000000
5822113379,Broadband Sales Team Manager,Money Expert,sales-jobs,,full_time,North West England,2026-07-31 08:46:50+00,2026-07-31,2026-07-31,45000,45000,45000.000000000000
5822113377,Broadband Manager,Money Expert,sales-jobs,,full_time,North West England,2026-07-31 08:46:50+00,2026-07-31,2026-07-31,45000,45000,45000.000000000000
5822113378,Broadband Telesales Manager,Money Expert,sales-jobs,,full_time,North West England,2026-07-31 08:46:50+00,2026-07-31,2026-07-31,45000,45000,45000.000000000000
5822112949,Quality Lead,Active Care Group,healthcare-nursing-jobs,,,South East England,2026-07-31 08:46:10+00,2026-07-31,2026-07-31,40000,40000,40000.000000000000
5822112579,Quality Manager,JLA Limited,sales-jobs,,,North West England,2026-07-31 08:46:05+00,2026-07-31,2026-07-31,30000,30000,30000.000000000000
5822112151,Final Mile Territory Manager,Evri,logistics-warehouse-jobs,,,Yorkshire And The Humber,2026-07-31 08:45:55+00,2026-07-31,2026-07-31,35000,35000,35000.000000000000
5822112157,Final Mile Territory Manager,Evri,logistics-warehouse-jobs,,,Eastern England,2026-07-31 08:45:55+00,2026-07-31,2026-07-31,35000,35000,35000.000000000000
5822112122,Transport Planner,Warrens Warehousing & Distribution,logistics-warehouse-jobs,permanent,full_time,Yorkshire And The Humber,2026-07-31 08:45:55+00,2026-07-31,2026-07-31,30000,30000,30000.000000000000
5822112156,Final Mile Territory Manager,Evri,logistics-warehouse-jobs,,,South West England,2026-07-31 08:45:55+00,2026-07-31,2026-07-31,35000,35000,35000.000000000000
5822112148,Supply Chain Coordinator,SI Recruitment,logistics-warehouse-jobs,,,North East England,2026-07-31 08:45:55+00,2026-07-31,2026-07-31,30000,30000,30000.000000000000
5822112159,Final Mile Territory Manager,Evri,logistics-warehouse-jobs,,,London,2026-07-31 08:45:55+00,2026-07-31,2026-07-31,35000,35000,35000.000000000000
5822112155,Final Mile Territory Manager,Evri,logistics-warehouse-jobs,,,South East England,2026-07-31 08:45:55+00,2026-07-31,2026-07-31,35000,35000,35000.000000000000
5822112154,Final Mile Territory Manager,Evri,logistics-warehouse-jobs,,,London,2026-07-31 08:45:55+00,2026-07-31,2026-07-31,35000,35000,35000.000000000000
5822112160,Final Mile Territory Manager,Evri,logistics-warehouse-jobs,,,London,2026-07-31 08:45:55+00,2026-07-31,2026-07-31,35000,35000,35000.000000000000
5822112152,Final Mile Territory Manager,Evri,logistics-warehouse-jobs,,,South East England,2026-07-31 08:45:55+00,2026-07-31,2026-07-31,35000,35000,35000.000000000000
5822112096,Final Mile Territory Manager FTC,Evri,logistics-warehouse-jobs,contract,full_time,London,2026-07-31 08:45:54+00,2026-07-31,2026-07-31,30000,30000,30000.000000000000
5822112084,Product Manager - Fintech,Client Server,it-jobs,,full_time,North East England,2026-07-31 08:45:54+00,2026-07-31,2026-07-31,90000,90000,90000.000000000000
5822112109,Final Mile Territory Manager FTC,Evri,logistics-warehouse-jobs,contract,full_time,Northern Ireland,2026-07-31 08:45:54+00,2026-07-31,2026-07-31,35000,35000,35000.000000000000
5822112103,Final Mile Territory Manager FTC,Evri,logistics-warehouse-jobs,contract,full_time,Eastern England,2026-07-31 08:45:54+00,2026-07-31,2026-07-31,30000,30000,30000.000000000000
5822112105,Final Mile Territory Manager FTC,Evri,logistics-warehouse-jobs,contract,full_time,Yorkshire And The Humber,2026-07-31 08:45:54+00,2026-07-31,2026-07-31,30000,30000,30000.000000000000
5822112104,Final Mile Territory Manager FTC,Evri,logistics-warehouse-jobs,contract,full_time,Northern Ireland,2026-07-31 08:45:54+00,2026-07-31,2026-07-31,30000,30000,30000.000000000000
5822112014,Cloud Architect | Outside IR35 | Remote,SR2 REC LTD,it-jobs,contract,full_time,London,2026-07-31 08:45:50+00,2026-07-31,2026-07-31,130000,143000,136500.000000000000
5822111966,Mandarin Speaking Vice President Accounting-Banking,People First Recruitment,accounting-finance-jobs,contract,,London,2026-07-31 08:45:44+00,2026-07-31,2026-07-31,100000,100000,100000.000000000000
5822111921,Bid Writer,N.D. Brown Limited,sales-jobs,,,West Midlands,2026-07-31 08:45:41+00,2026-07-31,2026-07-31,35000,35000,35000.000000000000
5822111916,Productivity Manager,Anson Mccade,accounting-finance-jobs,,,London,2026-07-31 08:45:41+00,2026-07-31,2026-07-31,75000,75000,75000.000000000000
5822110258,Senior Data Scientist - Workday Products,Hackajob Ltd,it-jobs,,,Northern Ireland,2026-07-31 08:45:00+00,2026-07-31,2026-07-31,90000,90000,90000.000000000000
5822355338,Compliance Analyst,Pertemps SSDC - DDT,it-jobs,permanent,,Wales,2026-07-31 13:41:35+00,2026-07-31,2026-07-31,40643,40643,40643.000000000000
5822289760,Data Analyst (Python / Data Quality),Historic Records Limited,it-jobs,,full_time,Eastern England,2026-07-31 11:30:04+00,2026-07-31,2026-07-31,24000,28800,26400.000000000000
5822109115,Analytics Platform Engineer,LM RECRUITMENT SOLUTIONS LTD,it-jobs,contract,full_time,South West England,2026-07-31 08:44:09+00,2026-07-31,2026-07-31,95000,95000,95000.000000000000
5822083473,Retail Data & Insights Manager,Cotswold Outdoor Group Ltd,it-jobs,permanent,,South West England,2026-07-31 07:10:15+00,2026-07-31,2026-07-31,40000,40000,40000.000000000000
5821875510,Data Analyst Placement Programme No Experience Needed,IT Online Learning,it-jobs,permanent,,Yorkshire And The Humber,2026-07-31 03:10:28+00,2026-07-31,2026-07-31,65000,65000,65000.000000000000
5822083453,AI/Machine Learning Consultant,Experis,it-jobs,permanent,,,2026-07-31 07:10:09+00,2026-07-31,2026-07-31,75000,75000,75000.000000000000
5822289733,Junior Data Engineer,Jackson Hogg Ltd,it-jobs,,full_time,North East England,2026-07-31 11:30:04+00,2026-07-31,2026-07-31,30000,35000,32500.000000000000
5822289778,Lead Data Scientist,Hackajob Ltd,it-jobs,,full_time,North West England,2026-07-31 11:30:04+00,2026-07-31,2026-07-31,100000,100000,100000.000000000000
5820802552,Customer Retention Strategist,Specsavers,it-jobs,permanent,full_time,East Midlands,2026-07-30 06:30:30+00,2026-07-31,2026-07-31,65000,65000,65000.000000000000
5822400748,Principal Product Manager,Anson Mccade,it-jobs,permanent,,West Midlands,2026-07-31 15:14:11+00,2026-07-31,2026-07-31,90000,90000,90000.000000000000
5820158303,Data Analyst,Catalyst,it-jobs,permanent,full_time,North East England,2026-07-29 20:55:12+00,2026-07-31,2026-07-31,50000,80000,65000.000000000000
5822113408,Senior AI Engineer,Hackajob Ltd,it-jobs,,,Northern Ireland,2026-07-31 08:46:50+00,2026-07-31,2026-07-31,90000,90000,90000.000000000000
5820123922,Graduate Data Consultant,Jackson Hogg,graduate-jobs,permanent,full_time,Yorkshire And The Humber,2026-07-29 18:53:01+00,2026-07-31,2026-07-31,25000,30000,27500.000000000000
5822390407,Data Engineer,Third Nexus Group Limited,it-jobs,permanent,full_time,London,2026-07-31 14:59:56+00,2026-07-31,2026-07-31,75000,100000,87500.000000000000
5822545719,Head of Data & Analytics,Curtis Recruitment Limited,it-jobs,,full_time,Eastern England,2026-07-31 17:03:33+00,2026-07-31,2026-07-31,85000,115000,100000.000000000000
5822391758,Senior Data Architect,Tenth Revolution Group,it-jobs,permanent,full_time,London,2026-07-31 15:01:28+00,2026-07-31,2026-07-31,85000,120000,102500.000000000000
5822527979,PowerBI Developer,Anson Mccade,it-jobs,,,London,2026-07-31 16:55:18+00,2026-07-31,2026-07-31,156000,182000,169000.000000000000
5821876635,eDV Data Scientist,NSD,it-jobs,permanent,full_time,South West England,2026-07-31 03:10:41+00,2026-07-31,2026-07-31,95000,95000,95000.000000000000
5821421290,BI Architect,Michael Page Technology,it-jobs,permanent,,London,2026-07-30 18:56:31+00,2026-07-31,2026-07-31,182000,208000,195000.000000000000
5821635812,Junior Data Engineer,Jackson Hogg,it-jobs,permanent,full_time,,2026-07-30 23:01:22+00,2026-07-31,2026-07-31,30000,35000,32500.000000000000
5822247543,Senior User Researcher,Hackajob Ltd,it-jobs,permanent,,London,2026-07-31 11:11:38+00,2026-07-31,2026-07-31,95000,95000,95000.000000000000
5821421107,Data Engineer,Lynx Recruitment Ltd,it-jobs,permanent,full_time,London,2026-07-30 18:55:55+00,2026-07-31,2026-07-31,50000,60000,55000.000000000000
5821421087,Data Engineer - Snowflake / 3NF,Sanderson,it-jobs,contract,,London,2026-07-30 18:55:46+00,2026-07-31,2026-07-31,143000,156000,149500.000000000000
5821421111,Senior Data Engineer,Ikhoi Recruitment,it-jobs,permanent,full_time,London,2026-07-30 18:55:57+00,2026-07-31,2026-07-31,80000,94000,87000.000000000000
5822289508,Technical Lead,Uniting Ambition,it-jobs,,full_time,London,2026-07-31 11:29:50+00,2026-07-31,2026-07-31,100000,120000,110000.000000000000
5821419296,Data Engineer (Azure/Fabric),Harnham - Data & Analytics Recruitment,it-jobs,permanent,full_time,South East England,2026-07-30 18:34:33+00,2026-07-31,2026-07-31,50000,60000,55000.000000000000
5822289740,Research Infrastructure Engineer,Tate,it-jobs,,full_time,South East England,2026-07-31 11:30:04+00,2026-07-31,2026-07-31,41000,49000,45000.000000000000
5822289486,Software Engineer,Allan Webb,it-jobs,,full_time,South West England,2026-07-31 11:29:49+00,2026-07-31,2026-07-31,27000,67000,47000.000000000000
5822390493,Software Engineer - AI / ML,EF Recruitment,it-jobs,contract,,London,2026-07-31 15:00:07+00,2026-07-31,2026-07-31,91000,91000,91000.000000000000
5822256872,Insights Sales Executive,Hackajob Ltd,sales-jobs,permanent,,London,2026-07-31 11:14:53+00,2026-07-31,2026-07-31,100000,100000,100000.000000000000
5822542430,Cloud Data Platform Specialist,IntaPeople,it-jobs,contract,,Wales,2026-07-31 16:58:54+00,2026-07-31,2026-07-31,78000,104000,91000.000000000000
5822527154,Energy Analyst,Low Carbon Contracts Company,it-jobs,permanent,,London,2026-07-31 16:53:36+00,2026-07-31,2026-07-31,50000,50000,50000.000000000000
5822392278,Mid-Level AI Engineer,Nextech,it-jobs,permanent,full_time,South East England,2026-07-31 15:02:09+00,2026-07-31,2026-07-31,45000,55000,50000.000000000000
5822335227,Acount Executive - SaaS/Software sales,Tech Buildr,sales-jobs,,full_time,North West England,2026-07-31 13:10:36+00,2026-07-31,2026-07-31,40000,45000,42500.000000000000
5822251620,Senior Data Scientist AI Engineer,Hackajob Ltd,it-jobs,permanent,,London,2026-07-31 11:12:52+00,2026-07-31,2026-07-31,100000,100000,100000.000000000000
5822247611,"Digital Analyst, Hybrid, SQL, Retail Media",Sanderson Recruitment,it-jobs,contract,,South East England,2026-07-31 11:11:39+00,2026-07-31,2026-07-31,130000,143000,136500.000000000000
5821875490,DV Cleared Data Scientist,Salt,it-jobs,permanent,full_time,,2026-07-31 03:10:28+00,2026-07-31,2026-07-31,100000,100000,100000.000000000000
5821875483,Data Science Manager,Salt,it-jobs,permanent,,South East England,2026-07-31 03:10:28+00,2026-07-31,2026-07-31,100000,100000,100000.000000000000
5821874210,Infrastructure Support Engineer,Peregrine,it-jobs,permanent,,South West England,2026-07-31 03:10:14+00,2026-07-31,2026-07-31,127185,127185,127185.000000000000
5822249262,Price and Promotion Senior Consulting Lead,Hackajob Ltd,it-jobs,permanent,,London,2026-07-31 11:12:10+00,2026-07-31,2026-07-31,95000,95000,95000.000000000000
5822249236,Client Partner,Hackajob Ltd,sales-jobs,permanent,,London,2026-07-31 11:12:10+00,2026-07-31,2026-07-31,100000,100000,100000.000000000000
5821655703,Head of Detection & Decisioning,Adria Solutions,accounting-finance-jobs,permanent,,North West England,2026-07-30 23:14:34+00,2026-07-31,2026-07-31,90000,90000,90000.000000000000
5821874247,"Senior Manager, Data, AI & Performance Analytics",Cotswold Outdoor Group Ltd,it-jobs,permanent,,South West England,2026-07-31 03:10:15+00,2026-07-31,2026-07-31,70000,70000,70000.000000000000
5821873163,AI Engineer Placement Programme No Experience Needed,IT Online Learning,it-jobs,permanent,,Yorkshire And The Humber,2026-07-31 03:10:02+00,2026-07-31,2026-07-31,75000,75000,75000.000000000000
5821721494,Retail Data & Insights Manager,Cotswold Outdoor Group Ltd,it-jobs,,,South West England,2026-07-31 00:47:16+00,2026-07-31,2026-07-31,40000,40000,40000.000000000000
5821653748,HR People Specialist,Royal Air Force,hr-jobs,permanent,full_time,,2026-07-30 23:10:57+00,2026-07-31,2026-07-31,26000,26000,26000.000000000000
5821414133,Data Science & AI Delivery Lead,AXIS,it-jobs,,full_time,London,2026-07-30 18:26:06+00,2026-07-31,2026-07-31,110000,130000,120000.000000000000
5821653502,Business Intelligence Officer,Essential Employment,it-jobs,contract,,North East England,2026-07-30 23:10:35+00,2026-07-31,2026-07-31,36337,46030,41183.500000000000
5821639671,Group BI & Reporting Lead,Connells Group HQ,it-jobs,permanent,full_time,South East England,2026-07-30 23:02:12+00,2026-07-31,2026-07-31,65000,75000,70000.000000000000
5821421597,Senior Java Developer - BSS/OSS - HYBRID,Proactive Appointments,it-jobs,permanent,full_time,London,2026-07-30 18:57:46+00,2026-07-31,2026-07-31,70000,80000,75000.000000000000
5821397997,Power BI Reporting Analyst,Cancer Research UK,it-jobs,contract,full_time,London,2026-07-30 18:20:22+00,2026-07-31,2026-07-31,35000,40000,37500.000000000000
5821355021,Senior Enterprise Solutions Manager,Invisible Technologies,it-jobs,,,London,2026-07-30 18:13:08+00,2026-07-31,2026-07-31,145000,170000,157500.000000000000
5821326371,Commercial Finance Business Partner,Trade Recruit,accounting-finance-jobs,,full_time,Eastern England,2026-07-30 17:02:23+00,2026-07-31,2026-07-31,50000,70000,60000.000000000000
5821324478,Graduate Technology & AI Innovation Associate,Major Recruitment Telford,graduate-jobs,contract,,West Midlands,2026-07-30 16:56:54+00,2026-07-31,2026-07-31,33280,33280,33280.000000000000
5821162750,Business Analyst - Salesforce System,ROSE & YOUNG RECRUITMENT LTD,sales-jobs,permanent,full_time,East Midlands,2026-07-30 15:07:31+00,2026-07-31,2026-07-31,45000,50000,47500.000000000000
5821153871,Senior Planning & Assurance Analyst,Morgan Law,it-jobs,contract,,London,2026-07-30 15:05:22+00,2026-07-31,2026-07-31,43000,50000,46500.000000000000
5821149999,BI Analyst,Proactive Appointments,it-jobs,permanent,full_time,Yorkshire And The Humber,2026-07-30 15:01:37+00,2026-07-31,2026-07-31,30000,35000,32500.000000000000
5822232950,Senior Analytics Engineer,Tech4 Ltd,it-jobs,,full_time,South East England,2026-07-31 10:57:46+00,2026-07-31,2026-07-31,60000,65000,62500.000000000000
5821149826,Senior Planning & Assurance Analyst,Morgan Law,it-jobs,contract,,London,2026-07-30 15:01:26+00,2026-07-31,2026-07-31,43000,50000,46500.000000000000
5821132611,Business Analyst - Salesforce System,ROSE & YOUNG RECRUITMENT LTD,sales-jobs,permanent,full_time,East Midlands,2026-07-30 14:34:00+00,2026-07-31,2026-07-31,45000,50000,47500.000000000000
5821005607,Graduate Data Consultant,Jackson Hogg Ltd,graduate-jobs,contract,,North East England,2026-07-30 11:33:48+00,2026-07-31,2026-07-31,25000,30000,27500.000000000000
5821005512,Business Intelligence Analyst,Rose & Young Recruitment Ltd,sales-jobs,permanent,full_time,West Midlands,2026-07-30 11:33:47+00,2026-07-31,2026-07-31,45000,50000,47500.000000000000
5821005387,Automation & Software Developer,Batch'd,it-jobs,,full_time,Yorkshire And The Humber,2026-07-30 11:33:46+00,2026-07-31,2026-07-31,26000,32000,29000.000000000000
5821005300,BI Analyst,Erin Associates,it-jobs,,full_time,North West England,2026-07-30 11:33:45+00,2026-07-31,2026-07-31,32000,35000,33500.000000000000
5821005224,C#.Net Developer - London,JAC Recruitment,it-jobs,contract,full_time,London,2026-07-30 11:33:44+00,2026-07-31,2026-07-31,50000,60000,55000.000000000000
5821005246,Junior Prompt Engineer / Developer,Kronospan,it-jobs,permanent,full_time,Wales,2026-07-30 11:33:44+00,2026-07-31,2026-07-31,24500,52500,38500.000000000000
5822551462,Health & Safety Manager,Search,trade-construction-jobs,permanent,full_time,Scotland,2026-07-31 17:12:44+00,2026-07-31,2026-07-31,60000,70000,65000.000000000000
5822551161,Health and Safety Manager / Advisor (Utilities),Wellington Professional Recruitment,trade-construction-jobs,permanent,full_time,Northern Ireland,2026-07-31 17:12:15+00,2026-07-31,2026-07-31,40000,50000,45000.000000000000
5822550962,Marketing Executive,Dovetail HRS,pr-advertising-marketing-jobs,permanent,full_time,South East England,2026-07-31 17:11:53+00,2026-07-31,2026-07-31,32000,35000,33500.000000000000
5822549484,Quantity Surveyor,Dalkia UK ,trade-construction-jobs,contract,full_time,London,2026-07-31 17:10:14+00,2026-07-31,2026-07-31,48000,68000,58000.000000000000
5822549410,Senior Clean Water Modeller,Hays Construction and Property,engineering-jobs,permanent,full_time,Northern Ireland,2026-07-31 17:10:07+00,2026-07-31,2026-07-31,38000,45000,41500.000000000000
5822547923,Materials Scheduler and Production Planner,Acorn by Synergie,manufacturing-jobs,permanent,full_time,South West England,2026-07-31 17:08:26+00,2026-07-31,2026-07-31,30000,30000,30000.000000000000
5822547853,Compliance Manager (Part-Time),Office Angels,part-time-jobs,permanent,part_time,London,2026-07-31 17:08:11+00,2026-07-31,2026-07-31,28000,32000,30000.000000000000
5822547857,Hr Administrator,Hartley Resourcing,hr-jobs,contract,,South East England,2026-07-31 17:08:11+00,2026-07-31,2026-07-31,35000,36000,35500.000000000000
5822545927,Finance Manager,Venture Recruitment Partners,accounting-finance-jobs,,full_time,South East England,2026-07-31 17:03:51+00,2026-07-31,2026-07-31,60000,70000,65000.000000000000
5822545857,Cost Accountant - Contract,Matchtech,accounting-finance-jobs,contract,,London,2026-07-31 17:03:41+00,2026-07-31,2026-07-31,104000,130000,117000.000000000000
5822543374,Mechanical Engineer,Murray McIntosh Associates Ltd,engineering-jobs,contract,,Eastern England,2026-07-31 17:00:37+00,2026-07-31,2026-07-31,104000,124800,114400.000000000000
5822543408,Maintenance Engineer,ATA Recruitment,engineering-jobs,,full_time,South East England,2026-07-31 17:00:37+00,2026-07-31,2026-07-31,47000,47000,47000.000000000000
5822543418,Electrical Technician,Reed Specialist Recruitment,engineering-jobs,permanent,full_time,West Midlands,2026-07-31 17:00:37+00,2026-07-31,2026-07-31,28000,32000,30000.000000000000
5822543395,Senior Structural Engineer,Strata Construction Consulting UK Ltd,engineering-jobs,,full_time,Eastern England,2026-07-31 17:00:37+00,2026-07-31,2026-07-31,51000,59000,55000.000000000000
5822543376,Reliability Engineer,Example Recruitment,engineering-jobs,contract,full_time,North East England,2026-07-31 17:00:37+00,2026-07-31,2026-07-31,60240,60240,60240.000000000000
5822542771,Principal Mechanical Engineer,Platform Recruitment,engineering-jobs,permanent,full_time,South East England,2026-07-31 16:59:45+00,2026-07-31,2026-07-31,50000,75000,62500.000000000000
5822542733,Key Account Manager,Astute People,sales-jobs,,full_time,East Midlands,2026-07-31 16:59:44+00,2026-07-31,2026-07-31,55000,60000,57500.000000000000
5822542381,Data Specialist,Ecosurety,it-jobs,,full_time,South West England,2026-07-31 16:58:46+00,2026-07-31,2026-07-31,30000,34000,32000.000000000000
5822542306,Senior Manager,Randstad Technologies Recruitment,pr-advertising-marketing-jobs,contract,,,2026-07-31 16:58:37+00,2026-07-31,2026-07-31,114400,124800,119600.000000000000
5822542304,Gen AI - Solutions Architect - Home based,Square One Resources,it-jobs,contract,,London,2026-07-31 16:58:37+00,2026-07-31,2026-07-31,130000,134420,132210.000000000000
5822542243,PMO Assurance Manager,CBSbutler Holdings Limited trading as CBSbutler,it-jobs,contract,,Yorkshire And The Humber,2026-07-31 16:58:31+00,2026-07-31,2026-07-31,156000,166400,161200.000000000000
5822541995,Window & Door Surveyor,Anglian Home Improvements,trade-construction-jobs,,full_time,South East England,2026-07-31 16:58:27+00,2026-07-31,2026-07-31,30000,60000,45000.000000000000
5822541928,Assistant Accountant,Hays Accounts and Finance,accounting-finance-jobs,contract,part_time,Yorkshire And The Humber,2026-07-31 16:58:26+00,2026-07-31,2026-07-31,35360,39520,37440.000000000000
5822538224,Senior Quantity Surveyor,Conrad Consulting Ltd,trade-construction-jobs,,full_time,Eastern England,2026-07-31 16:57:55+00,2026-07-31,2026-07-31,55000,65000,60000.000000000000
5822538252,Graduate Quantity Surveyor,Nicholas Associates Graduate Placements,graduate-jobs,,full_time,South West England,2026-07-31 16:57:55+00,2026-07-31,2026-07-31,28000,29000,28500.000000000000
5822534749,Quantity Surveyor,Conrad Consulting Ltd,trade-construction-jobs,,full_time,South East England,2026-07-31 16:57:25+00,2026-07-31,2026-07-31,40000,45000,42500.000000000000
5822534768,Graduate Quantity Surveyor,Nicholas Associates Graduate Placements,graduate-jobs,,full_time,South East England,2026-07-31 16:57:25+00,2026-07-31,2026-07-31,28000,30000,29000.000000000000
5822534245,Project Planner - West London,Build Space Group Ltd,trade-construction-jobs,permanent,full_time,London,2026-07-31 16:56:58+00,2026-07-31,2026-07-31,80000,85000,82500.000000000000
5822527683,Actuarial Analyst (Life Actuarial),Vitality Corporate Services Limited,it-jobs,,full_time,London,2026-07-31 16:54:47+00,2026-07-31,2026-07-31,45000,45000,45000.000000000000
5822527436,Junior Merchandise Planner,Invigorate Recruitment,retail-jobs,permanent,full_time,Yorkshire And The Humber,2026-07-31 16:54:12+00,2026-07-31,2026-07-31,28000,28000,28000.000000000000
5822527443,Logistics Manager,Bespoke Stairlifts,logistics-warehouse-jobs,permanent,full_time,Yorkshire And The Humber,2026-07-31 16:54:12+00,2026-07-31,2026-07-31,40000,40000,40000.000000000000
5822527437,Gradute Supply Chain Coordinator,Juice Recruitment Ltd,logistics-warehouse-jobs,,,South West England,2026-07-31 16:54:12+00,2026-07-31,2026-07-31,30000,30000,30000.000000000000
5822527357,HR Business Partner,TEEMZ LTD,hr-jobs,,,South East England,2026-07-31 16:54:00+00,2026-07-31,2026-07-31,85000,85000,85000.000000000000
5822526952,Security Cleared Software Engineer,Data Careers,it-jobs,permanent,,North West England,2026-07-31 16:53:05+00,2026-07-31,2026-07-31,85000,85000,85000.000000000000
5822526771,Quality Management Lead (Mechanical),Mactech Energy Group,engineering-jobs,,,South West England,2026-07-31 16:52:39+00,2026-07-31,2026-07-31,92040,128440,110240.000000000000
5822527050,Regulatory Analyst,Hays,accounting-finance-jobs,permanent,full_time,London,2026-07-31 16:53:21+00,2026-07-31,2026-07-31,100000,100000,100000.000000000000
5822544968,Warehouse Team Leader,Pure 4 Recruitment,logistics-warehouse-jobs,,full_time,North West England,2026-07-31 17:02:45+00,2026-07-31,2026-07-31,25000,28500,26750.000000000000
5822544735,Senior Maintenance Engineer,ATA Recruitment,engineering-jobs,,full_time,South East England,2026-07-31 17:02:13+00,2026-07-31,2026-07-31,51500,51500,51500.000000000000
5822544779,BIM Automation Specialist,Blueprint Recruitment Solutions,it-jobs,contract,,London,2026-07-31 17:02:13+00,2026-07-31,2026-07-31,104000,104000,104000.000000000000
5822544280,Structural Engineer,Strata Construction Consulting UK Ltd,engineering-jobs,permanent,full_time,South East England,2026-07-31 17:01:29+00,2026-07-31,2026-07-31,43000,55000,49000.000000000000
5822526794,CNC Turner (Medical Devices),Ernest Gordon Recruitment,engineering-jobs,permanent,,South East England,2026-07-31 16:52:40+00,2026-07-31,2026-07-31,50000,50000,50000.000000000000
5822524234,Final Mile Territory Manager,Evri,logistics-warehouse-jobs,,,Eastern England,2026-07-31 16:46:32+00,2026-07-31,2026-07-31,35000,35000,35000.000000000000
5822526307,Assembly Technician/Workshop Engineer (Mechanical/Hydraulics),Ernest Gordon Recruitment,engineering-jobs,permanent,,South West England,2026-07-31 16:51:11+00,2026-07-31,2026-07-31,40000,40000,40000.000000000000
5822525071,Electronics Test Development Engineer,Renishaw PLC,engineering-jobs,,,South West England,2026-07-31 16:48:03+00,2026-07-31,2026-07-31,50000,50000,50000.000000000000
5822522593,Performance Tester - CGEMJP00350528,Experis,it-jobs,,,London,2026-07-31 16:44:22+00,2026-07-31,2026-07-31,78000,94900,86450.000000000000
5822422351,Account Executive | Edtech,EQL Tech,sales-jobs,permanent,full_time,London,2026-07-31 16:12:11+00,2026-07-31,2026-07-31,45000,95000,70000.000000000000
5822415787,National Support Centre Supervisor,VICTIM SUPPORT SCOTLAND,healthcare-nursing-jobs,contract,full_time,,2026-07-31 15:59:08+00,2026-07-31,2026-07-31,27598,36445,32021.500000000000
5822412862,Head of Procurement,Talensol Pvt Ltd,graduate-jobs,permanent,full_time,South East England,2026-07-31 15:49:12+00,2026-07-31,2026-07-31,58000,63000,60500.000000000000
5822415908,Head of Financial Accounting,Morgan Hunt Group Limited,accounting-finance-jobs,permanent,,Scotland,2026-07-31 15:59:18+00,2026-07-31,2026-07-31,61000,69000,65000.000000000000
5821433024,T-SQL Data Analyst,Concept Resourcing,it-jobs,contract,full_time,West Midlands,2026-07-30 20:44:34+00,2026-07-31,2026-08-01,104000,104000,104000.000000000000
5821425559,Military Intelligence & Data Analyst Coach,Find Recruitment Group LTD,teaching-jobs,,full_time,Eastern England,2026-07-30 19:08:40+00,2026-07-31,2026-08-01,35000,35000,35000.000000000000
5821371289,Experience Design Principal,Made Tech,it-jobs,,full_time,London,2026-07-30 18:16:30+00,2026-07-31,2026-08-01,72000,90000,81000.000000000000
5822593910,SC Cleared GCP Data Engineer (contract),Opus Recruitment Solutions Ltd,it-jobs,contract,,London,2026-07-31 19:04:34+00,2026-08-01,2026-08-01,143000,169000,156000.000000000000
5822594783,Lead Data Architect / Lead Data Engineer - Azure Databricks | Energy Trading,Broster Buchanan,it-jobs,permanent,full_time,London,2026-07-31 19:08:58+00,2026-08-01,2026-08-01,156000,175500,165750.000000000000
5822594667,Data Engineer - TV/Film,Handle Recruitment,it-jobs,permanent,,London,2026-07-31 19:08:44+00,2026-08-01,2026-08-01,45000,50000,47500.000000000000
5822594407,Senior Data Engineer,Jackson Hogg,it-jobs,permanent,full_time,,2026-07-31 19:07:54+00,2026-08-01,2026-08-01,50000,60000,55000.000000000000
5822248087,Senior Data Insights & Performance Officer,Salt,it-jobs,contract,,South East England,2026-07-31 11:11:51+00,2026-07-31,2026-08-01,117000,117000,117000.000000000000
5822251321,Category Specialist,AWE Plc,it-jobs,permanent,,South East England,2026-07-31 11:12:47+00,2026-07-31,2026-07-31,45000,45000,45000.000000000000
5822250840,Market Signals Intelligence Lead,Datatech Analytics,consultancy-jobs,permanent,,London,2026-07-31 11:12:36+00,2026-07-31,2026-08-01,70000,70000,70000.000000000000
5823780620,Senior Analytics Engineer,Tech 4,it-jobs,permanent,,South East England,2026-08-01 11:13:38+00,2026-08-01,2026-08-01,65000,65000,65000.000000000000
5822247719,Public affairs & Comms Officer - Full or Part time,Daniel-Scott Recruitment Ltd,part-time-jobs,permanent,part_time,West Midlands,2026-07-31 11:11:42+00,2026-07-31,2026-08-01,35000,35000,35000.000000000000
5824482058,Production Support Engineer (Rolling Stock),SE Trains Ltd,engineering-jobs,permanent,,South East England,2026-08-01 19:18:29+00,2026-08-01,2026-08-01,50000,50000,50000.000000000000
5824481491,"Asset Health, Risk & Resilience Lead",South West Water,engineering-jobs,permanent,,South West England,2026-08-01 19:18:10+00,2026-08-01,2026-08-01,100000,100000,100000.000000000000
5824467329,Junior Paraplanner,Artemis Recruitment Consultants Ltd,accounting-finance-jobs,permanent,full_time,Eastern England,2026-08-01 18:42:23+00,2026-08-01,2026-08-01,25000,30000,27500.000000000000
5824467136,Senior IFA Administrator,Artemis Recruitment Consultants Ltd,admin-jobs,permanent,full_time,,2026-08-01 18:41:37+00,2026-08-01,2026-08-01,30000,38000,34000.000000000000
5824467135,Paraplanner,Artemis Recruitment Consultants Ltd,accounting-finance-jobs,permanent,full_time,South East England,2026-08-01 18:41:32+00,2026-08-01,2026-08-01,40000,45000,42500.000000000000
5824467122,Paraplanner,Artemis Recruitment Consultants Ltd,accounting-finance-jobs,permanent,full_time,London,2026-08-01 18:40:58+00,2026-08-01,2026-08-01,45000,50000,47500.000000000000
5824466292,Syndicated Loans Administrator,E Personnel Recruitment,accounting-finance-jobs,permanent,full_time,London,2026-08-01 18:39:57+00,2026-08-01,2026-08-01,55000,70000,62500.000000000000
5824464478,Management Accountant,Reed,accounting-finance-jobs,permanent,full_time,London,2026-08-01 18:38:40+00,2026-08-01,2026-08-01,55000,60000,57500.000000000000
5824444108,Trust Management Accountant,Cornwall Council,accounting-finance-jobs,contract,full_time,South West England,2026-08-01 18:29:26+00,2026-08-01,2026-08-01,55000,60000,57500.000000000000
5824442002,Associate Influencer Marketing Manager,Digital Extremes,pr-advertising-marketing-jobs,,,London,2026-08-01 18:28:53+00,2026-08-01,2026-08-01,70000,85000,77500.000000000000
5823818979,Senior AI Engineer,CarFinance 247,it-jobs,,full_time,North West England,2026-08-01 11:30:28+00,2026-08-01,2026-08-02,80000,80000,80000.000000000000
5822590194,Data Analyst,Catalyst,it-jobs,permanent,full_time,North East England,2026-07-31 18:38:16+00,2026-08-01,2026-08-02,50000,80000,65000.000000000000
5821891822,Finance Data Analyst,Northern Ireland Housing Executive,admin-jobs,contract,,Northern Ireland,2026-07-31 03:20:56+00,2026-07-31,2026-08-02,30000,30000,30000.000000000000
5821875523,Data Analyst Placement Programme No Experience Needed,IT Online Learning,it-jobs,permanent,,South West England,2026-07-31 03:10:28+00,2026-07-31,2026-08-02,65000,65000,65000.000000000000
5821873736,Trainee Data Engineer Programme No Experience Required,NEWTO TRAINING LIMITED,it-jobs,permanent,,Yorkshire And The Humber,2026-07-31 03:10:08+00,2026-07-31,2026-08-02,40000,40000,40000.000000000000
5823780440,Data Platform Engineer,Hays,it-jobs,contract,,South East England,2026-08-01 11:13:30+00,2026-08-01,2026-08-01,91000,91000,91000.000000000000
5822109155,Senior Data Information Architect,Hackajob Ltd,it-jobs,,,Yorkshire And The Humber,2026-07-31 08:44:09+00,2026-07-31,2026-08-02,75000,75000,75000.000000000000
5821727302,Data Analyst - FTC,Bright Purple Resourcing,it-jobs,contract,,Scotland,2026-07-31 00:53:02+00,2026-07-31,2026-08-02,45000,45000,45000.000000000000
5821722641,Data Analyst Apprentice,Back 2 Work,it-jobs,,,North West England,2026-07-31 00:51:56+00,2026-07-31,2026-08-02,24000,24000,24000.000000000000
5822242613,Senior Data Information Architect,Hackajob Ltd,it-jobs,permanent,,Yorkshire And The Humber,2026-07-31 11:09:47+00,2026-07-31,2026-08-02,75000,75000,75000.000000000000
5821655243,Senior Financial Reporting Analyst,CV Screen Ltd,accounting-finance-jobs,permanent,full_time,South East England,2026-07-30 23:12:36+00,2026-07-31,2026-08-02,80000,80000,80000.000000000000
5821873726,Trainee Data Engineer Programme No Experience Required,NEWTO TRAINING LIMITED,it-jobs,permanent,,Scotland,2026-07-31 03:10:07+00,2026-07-31,2026-08-02,40000,40000,40000.000000000000
5821653586,AI Engineer,CarFinance 247,it-jobs,permanent,,North West England,2026-07-30 23:10:42+00,2026-08-02,2026-08-02,60000,60000,60000.000000000000
5821653503,Data Science Manager,WRK DIGITAL LTD,it-jobs,permanent,,West Midlands,2026-07-30 23:10:35+00,2026-07-31,2026-08-02,70000,70000,70000.000000000000
5823818535,Global IT Data Engineer,Boston Consulting Group,it-jobs,,full_time,London,2026-08-01 11:30:14+00,2026-08-01,2026-08-02,105000,130000,117500.000000000000
5823777526,FP&A AI Transformation Manager,Pratap Partnership Ltd,it-jobs,permanent,,Yorkshire And The Humber,2026-08-01 11:12:06+00,2026-08-01,2026-08-02,100000,100000,100000.000000000000
5823818551,Product Owner Innovation,BAE Systems,it-jobs,,full_time,South East England,2026-08-01 11:30:15+00,2026-08-01,2026-08-02,40000,70000,55000.000000000000
5823382848,Senior Data Modeller,Specsavers,it-jobs,permanent,full_time,Scotland,2026-08-01 06:37:11+00,2026-08-01,2026-08-02,75000,75000,75000.000000000000
5823387314,Senior Data Modeller,Specsavers,it-jobs,permanent,full_time,South East England,2026-08-01 06:38:55+00,2026-08-01,2026-08-02,75000,75000,75000.000000000000
5822248097,Compliance Analyst,Pertemps SSDC DDT,it-jobs,contract,,Wales,2026-07-31 11:11:51+00,2026-07-31,2026-08-02,40643,40643,40643.000000000000
5822943789,Head of Data & Analytics,Curtis Recruitment,it-jobs,,,Eastern England,2026-08-01 00:49:56+00,2026-08-01,2026-08-02,100000,100000,100000.000000000000
5822943556,Data Platform Engineer,Hays,it-jobs,permanent,,South East England,2026-08-01 00:49:12+00,2026-08-02,2026-08-02,91000,91000,91000.000000000000
5822670497,Senior / Principal Insurance Ontologist,Galaxi Consulting,it-jobs,permanent,full_time,London,2026-07-31 21:10:33+00,2026-08-01,2026-08-02,90000,100000,95000.000000000000
5822646616,Cyber Security Engineer,Square One Resources,it-jobs,contract,full_time,Yorkshire And The Humber,2026-07-31 20:46:10+00,2026-08-01,2026-08-02,117000,130000,123500.000000000000
5822628749,Manufacturing Data Engineer,McElroy Resourcing,engineering-jobs,,,Northern Ireland,2026-07-31 20:30:56+00,2026-08-01,2026-08-02,45000,45000,45000.000000000000
5824394175,Marketplace Operations Lead,Wheely,it-jobs,,full_time,London,2026-08-01 18:21:19+00,2026-08-01,2026-08-02,65000,90000,77500.000000000000
5824354080,"Clinical Trial Associate (Associate, Rater Services)",Cogstate,scientific-qa-jobs,,,,2026-08-01 18:08:14+00,2026-08-02,2026-08-02,50000,55000,52500.000000000000
5824029769,AI Engineer Placement Programme No Experience Needed,IT Online Learning,it-jobs,permanent,,Yorkshire And The Humber,2026-08-01 15:13:59+00,2026-08-01,2026-08-02,75000,75000,75000.000000000000
5823818940,Lead Engineer - Workplace Technology and Automation,Hackajob Ltd,it-jobs,,full_time,Yorkshire And The Humber,2026-08-01 11:30:28+00,2026-08-01,2026-08-02,95000,95000,95000.000000000000
5823818820,Data Scientist - London,Information Tech Consultants,it-jobs,,full_time,London,2026-08-01 11:30:27+00,2026-08-01,2026-08-02,35000,45000,40000.000000000000
5823818795,Lead Engineer - Full Stack,Hackajob Ltd,it-jobs,,full_time,North West England,2026-08-01 11:30:26+00,2026-08-01,2026-08-02,95000,95000,95000.000000000000
5823818784,Infrastructure Support Engineer,Peregrine,it-jobs,permanent,full_time,London,2026-08-01 11:30:25+00,2026-08-01,2026-08-02,127185,127185,127185.000000000000
5823818600,AI/ML Researcher - Hybrid,Anson Mccade,it-jobs,,full_time,Eastern England,2026-08-01 11:30:15+00,2026-08-01,2026-08-02,65000,65000,65000.000000000000
5823818591,eDV Data Scientist,NSD,it-jobs,,full_time,North West England,2026-08-01 11:30:15+00,2026-08-01,2026-08-02,95000,95000,95000.000000000000
5823780123,Retail Data & Insights Manager,Cotswold Outdoor Group Ltd,it-jobs,permanent,,South West England,2026-08-01 11:13:17+00,2026-08-01,2026-08-02,40000,40000,40000.000000000000
5823777673,Lead Engineer - Full Stack,Hackajob Ltd,it-jobs,permanent,,North West England,2026-08-01 11:12:08+00,2026-08-01,2026-08-02,95000,95000,95000.000000000000
5823818759,MS SQL Database Administrator,The Alternative Parcels Co Ltd,it-jobs,,full_time,West Midlands,2026-08-01 11:30:24+00,2026-08-01,2026-08-02,45000,60000,52500.000000000000
5823818496,Solutions Architect,DGH Recruitment,it-jobs,,full_time,London,2026-08-01 11:30:14+00,2026-08-01,2026-08-02,90000,90000,90000.000000000000
5822571825,Head of Advertising Analytics,Microsoft,consultancy-jobs,contract,full_time,London,2026-07-31 17:47:28+00,2026-08-01,2026-08-02,100400,200500,150450.000000000000
5822399401,Microsoft 365 Specialist,Axel Johnson International,it-jobs,permanent,,Yorkshire And The Humber,2026-07-31 15:12:06+00,2026-07-31,2026-08-02,45000,45000,45000.000000000000
5822374538,Independent Financial Advisor,Capio Recruitment Financial Planning,accounting-finance-jobs,permanent,full_time,Eastern England,2026-07-31 14:40:03+00,2026-07-31,2026-08-02,60000,80000,70000.000000000000
5822373639,Senior Power BI Developer/FP&A,JMF Associates,it-jobs,permanent,full_time,London,2026-07-31 14:38:08+00,2026-07-31,2026-08-02,75000,85000,80000.000000000000
5822257742,Sales / Technical Business Development Manager Chemical,Atom Scientific Recruitment Ltd,sales-jobs,permanent,full_time,East Midlands,2026-07-31 11:15:32+00,2026-08-01,2026-08-02,55000,55000,55000.000000000000
5825374697,Data Architect,Big Red Recruitment Midlands Limited,it-jobs,,full_time,London,2026-08-02 07:02:12+00,2026-08-02,2026-08-02,65000,70000,67500.000000000000
5825238305,Associate Finance Business Partner,Birmingham Children's Trust,accounting-finance-jobs,,,West Midlands,2026-08-02 03:57:57+00,2026-08-02,2026-08-02,35412,44075,39743.500000000000
5825238275,Finance Business Partner,Birmingham Children's Trust,accounting-finance-jobs,,,West Midlands,2026-08-02 03:57:56+00,2026-08-02,2026-08-02,45091,53460,49275.500000000000
5825114615,Controls Engineer (Siemens/Rockwell),Ernest Gordon Recruitment,engineering-jobs,permanent,,Scotland,2026-08-02 03:18:00+00,2026-08-02,2026-08-02,60000,60000,60000.000000000000
5825112195,Assistant Buyer,Cotswold Outdoor Group Ltd,retail-jobs,permanent,,South West England,2026-08-02 03:17:01+00,2026-08-02,2026-08-02,28000,28000,28000.000000000000
5825112185,Commercial Manager - 12 month FTC,Hackajob Ltd,legal-jobs,permanent,,Northern Ireland,2026-08-02 03:17:00+00,2026-08-02,2026-08-02,90000,90000,90000.000000000000
5825110076,Retail Store Planner,DFS Furniture Ltd,retail-jobs,permanent,,Yorkshire And The Humber,2026-08-02 03:16:01+00,2026-08-02,2026-08-02,35000,35000,35000.000000000000
5825110078,Call Monitoring Analyst,Credico Marketing UK Ltd,sales-jobs,permanent,,North West England,2026-08-02 03:16:01+00,2026-08-02,2026-08-02,26000,26000,26000.000000000000
5825109580,Ecomm EMEA Finance Support Associate,GARMIN  LIMITED,accounting-finance-jobs,permanent,,South East England,2026-08-02 03:15:46+00,2026-08-02,2026-08-02,28000,28000,28000.000000000000
5825103492,Maintenance Engineer,Stirling Warrington,engineering-jobs,permanent,,East Midlands,2026-08-02 03:14:22+00,2026-08-02,2026-08-02,55000,55000,55000.000000000000
5825102775,Broadband Manager,Money Expert,sales-jobs,permanent,full_time,North West England,2026-08-02 03:14:14+00,2026-08-02,2026-08-02,45000,45000,45000.000000000000
5825102762,Broadband Sales Team Manager,Money Expert,sales-jobs,permanent,full_time,North West England,2026-08-02 03:14:14+00,2026-08-02,2026-08-02,45000,45000,45000.000000000000
5825102761,Senior Test Development Engineer,Renishaw PLC,engineering-jobs,permanent,,South West England,2026-08-02 03:14:14+00,2026-08-02,2026-08-02,55000,55000,55000.000000000000
5825102732,Broadband Telesales Manager,Money Expert,sales-jobs,permanent,full_time,North West England,2026-08-02 03:14:13+00,2026-08-02,2026-08-02,45000,45000,45000.000000000000
5824976111,Datacore Specialist (Engineer),Source Group International,it-jobs,contract,full_time,London,2026-08-02 02:19:01+00,2026-08-02,2026-08-02,117000,143000,130000.000000000000
5824975866,English Teacher,Education Network,teaching-jobs,contract,full_time,West Midlands,2026-08-02 02:19:00+00,2026-08-02,2026-08-02,45500,65000,55250.000000000000
5824975895,Senior Planner – Water & Wastewater Infrastructure,Breagh Recruitment,engineering-jobs,permanent,full_time,,2026-08-02 02:19:00+00,2026-08-02,2026-08-02,90000,90000,90000.000000000000
5824975761,PBS Practitioner,Salutem,healthcare-nursing-jobs,permanent,full_time,South East England,2026-08-02 02:19:00+00,2026-08-02,2026-08-02,35000,35000,35000.000000000000
5824975732,Audit Senior,Puro Associates,accounting-finance-jobs,permanent,full_time,West Midlands,2026-08-02 02:18:59+00,2026-08-02,2026-08-02,40000,45000,42500.000000000000
5824975567,Operations Lead - Education,Service Care Solutions,teaching-jobs,permanent,full_time,South East England,2026-08-02 02:18:59+00,2026-08-02,2026-08-02,60000,65000,62500.000000000000
5825442293,CI Engineer,Futures,engineering-jobs,,,Yorkshire And The Humber,2026-08-02 09:16:32+00,2026-08-02,2026-08-02,38000,46000,42000.000000000000
5825416971,Specialist Occupational Therapist,Outcomes First Group,healthcare-nursing-jobs,permanent,,North West England,2026-08-02 08:46:05+00,2026-08-02,2026-08-02,50000,50000,50000.000000000000
5825416468,Production Manager (FMCG),Ernest Gordon Recruitment Limited,manufacturing-jobs,permanent,full_time,,2026-08-02 08:45:29+00,2026-08-02,2026-08-02,50000,60000,55000.000000000000
5825379622,CI Engineer,Permanent Futures Limited,engineering-jobs,,full_time,Yorkshire And The Humber,2026-08-02 07:12:36+00,2026-08-02,2026-08-02,38000,46000,42000.000000000000
5822255566,SAP Data Warehouse Analyst,FBI &TMT,it-jobs,permanent,,Eastern England,2026-07-31 11:14:03+00,2026-08-01,2026-08-02,60000,60000,60000.000000000000
5822250962,Sales / Technical Business Development Manager Chemical,Atom Scientific Recruitment Ltd,sales-jobs,permanent,full_time,Scotland,2026-07-31 11:12:38+00,2026-07-31,2026-08-02,55000,55000,55000.000000000000
5825442290,Engineering Manager,Futures,engineering-jobs,,,Yorkshire And The Humber,2026-08-02 09:16:32+00,2026-08-02,2026-08-02,53000,60000,56500.000000000000
5824975581,Divisional Business Manager - Education,Service Care Solutions,teaching-jobs,permanent,full_time,London,2026-08-02 02:18:59+00,2026-08-02,2026-08-02,60000,68000,64000.000000000000
5824965162,Special Projects Fire Safety Advisor,Vox Network Consultants Limited,trade-construction-jobs,contract,full_time,London,2026-08-02 02:18:09+00,2026-08-02,2026-08-02,130000,130000,130000.000000000000
5825297850,Assistant Manager | The Understudy | National Theatre,Levy UK,hospitality-catering-jobs,contract,full_time,London,2026-08-02 05:26:24+00,2026-08-02,2026-08-02,39280,39280,39280.000000000000
5825933264,Data Analyst,Vibe Recruit,pr-advertising-marketing-jobs,contract,,South East England,2026-08-02 21:16:17+00,2026-08-03,2026-08-03,38896,38896,38896.000000000000
5822950866,HR Data Analyst,HomeServe,hr-jobs,,,West Midlands,2026-08-01 00:51:43+00,2026-08-01,2026-08-03,40000,40000,40000.000000000000
5822628736,Data Analyst,HAYS Specialist Recruitment,it-jobs,permanent,,Northern Ireland,2026-07-31 20:30:56+00,2026-08-01,2026-08-03,40000,40000,40000.000000000000
5822594517,IT Data Analyst Intern / Student Placement Year,Eligo Recruitment,it-jobs,permanent,full_time,East Midlands,2026-07-31 19:08:17+00,2026-08-01,2026-08-03,25000,25000,25000.000000000000
5822594255,Data Analyst,Hays Specialist Recruitment Limited,it-jobs,permanent,,South East England,2026-07-31 19:06:54+00,2026-08-01,2026-08-03,130000,130000,130000.000000000000
5822594087,Data Analyst,Harnham - Data & Analytics Recruitment,it-jobs,permanent,full_time,South East England,2026-07-31 19:05:55+00,2026-08-01,2026-08-03,50000,55000,52500.000000000000
5822592518,Graduate Data Analyst - Remote - Data / Analytics - Must have a STEM degree - Strong Excel,Hawke Search,graduate-jobs,permanent,full_time,London,2026-07-31 18:40:42+00,2026-08-01,2026-08-03,25000,30000,27500.000000000000
5822591993,Graduate Recruitment Consultant,Virtus Talent,graduate-jobs,permanent,full_time,South West England,2026-07-31 18:40:10+00,2026-08-01,2026-08-03,27000,30000,28500.000000000000
5822591752,Data Analyst,Harnham - Data & Analytics Recruitment,it-jobs,permanent,full_time,London,2026-07-31 18:39:54+00,2026-08-01,2026-08-03,45000,45000,45000.000000000000
5822591452,Graduate Data Analyst,Consula Group LTD,graduate-jobs,permanent,full_time,London,2026-07-31 18:39:36+00,2026-08-01,2026-08-03,45000,45000,45000.000000000000
5822590906,Data Administrator,We Do Group,admin-jobs,contract,,South East England,2026-07-31 18:39:01+00,2026-08-01,2026-08-03,28000,34000,31000.000000000000
5822590694,Graduate Data Analyst,Consula Group LTD,graduate-jobs,permanent,full_time,North West England,2026-07-31 18:38:48+00,2026-08-01,2026-08-03,45000,45000,45000.000000000000
5822589077,Compliance Analyst,Pertemps SSDC - DDT,it-jobs,permanent,,Wales,2026-07-31 18:37:09+00,2026-08-01,2026-08-03,40643,40643,40643.000000000000
5822589021,Data Analyst,Harnham - Data & Analytics Recruitment,consultancy-jobs,permanent,full_time,London,2026-07-31 18:37:07+00,2026-08-01,2026-08-03,50000,54000,52000.000000000000
5822588610,Product Data Analyst,one2one Recruitment,it-jobs,permanent,full_time,East Midlands,2026-07-31 18:36:54+00,2026-08-01,2026-08-03,33000,41000,37000.000000000000
5822588059,Finance Data Analyst,Michael Page Finance,accounting-finance-jobs,permanent,full_time,North West England,2026-07-31 18:36:36+00,2026-08-01,2026-08-03,29000,34000,31500.000000000000
5822542429,Property Business Insight Analyst,Orbit Group,it-jobs,,full_time,West Midlands,2026-07-31 16:58:54+00,2026-07-31,2026-08-03,38238,46736,42487.000000000000
5822400614,Key Account Manager - Tesco Retail Media,Hackajob Ltd,sales-jobs,permanent,,London,2026-07-31 15:13:57+00,2026-08-01,2026-08-03,100000,100000,100000.000000000000
5822390651,IT Data Analyst Intern / Student Placement Year,Eligo Recruitment Ltd,it-jobs,contract,full_time,East Midlands,2026-07-31 15:00:20+00,2026-07-31,2026-08-03,25000,25000,25000.000000000000
5822255736,Senior Data Analyst,WRK DIGITAL LTD,it-jobs,permanent,,West Midlands,2026-07-31 11:14:09+00,2026-08-01,2026-08-03,60000,60000,60000.000000000000
5822255606,Lead Data Engineer,Elevate Recruitment.,it-jobs,permanent,,London,2026-07-31 11:14:05+00,2026-07-31,2026-08-03,50000,50000,50000.000000000000
5822255564,HR Data Analyst,Liberty Recruitment Group,it-jobs,permanent,,South East England,2026-07-31 11:14:03+00,2026-08-01,2026-08-03,40000,40000,40000.000000000000
5825594500,AWS Cloud Engineer,Lightfoot,it-jobs,,full_time,South West England,2026-08-02 11:31:17+00,2026-08-03,2026-08-03,26000,66000,46000.000000000000
5825594306,Senior Manager Data Science,WRK DIGITAL LTD,it-jobs,permanent,full_time,Yorkshire And The Humber,2026-08-02 11:31:16+00,2026-08-03,2026-08-03,100000,100000,100000.000000000000
5825591848,Senior Software Engineer - Data Systems,Sanderson Government and Defence,it-jobs,,full_time,South West England,2026-08-02 11:30:59+00,2026-08-03,2026-08-03,48000,88000,68000.000000000000
5825565162,Lead Product Manager,Anson Mccade,it-jobs,permanent,,Scotland,2026-08-02 11:20:02+00,2026-08-03,2026-08-03,75000,75000,75000.000000000000
5825112208,Lead Product Manager,Anson Mccade,it-jobs,permanent,,North East England,2026-08-02 03:17:01+00,2026-08-03,2026-08-03,75000,75000,75000.000000000000
5824480940,Principal Product Manager,Anson Mccade,it-jobs,permanent,,Scotland,2026-08-01 19:17:22+00,2026-08-02,2026-08-03,90000,90000,90000.000000000000
5824480927,Principal Product Manager,Anson Mccade,it-jobs,permanent,,North East England,2026-08-01 19:17:21+00,2026-08-02,2026-08-03,90000,90000,90000.000000000000
5824430444,AWS Data Architect - Home-Based,ISR Recruitment,it-jobs,contract,,North West England,2026-08-01 18:26:17+00,2026-08-01,2026-08-03,156000,169000,162500.000000000000
5824391040,Senior Data Engineer,Evergreen Finance,it-jobs,,full_time,,2026-08-01 18:20:55+00,2026-08-01,2026-08-03,70000,80000,75000.000000000000
5824353789,Digital Trading Insight Manager,John Lewis,it-jobs,permanent,full_time,London,2026-08-01 18:07:50+00,2026-08-01,2026-08-03,62000,115000,88500.000000000000
5823818934,Lead AI Engineer,Hackajob Ltd,it-jobs,,full_time,North West England,2026-08-01 11:30:28+00,2026-08-01,2026-08-03,90000,90000,90000.000000000000
5823818941,Senior AI Engineer,Hackajob Ltd,it-jobs,,full_time,North West England,2026-08-01 11:30:28+00,2026-08-01,2026-08-03,90000,90000,90000.000000000000
5823818857,Data Engineer,Third Nexus Group Limited,it-jobs,permanent,full_time,London,2026-08-01 11:30:27+00,2026-08-01,2026-08-03,75000,100000,87500.000000000000
5823818883,Principal AI Engineer,Hackajob Ltd,it-jobs,,full_time,London,2026-08-01 11:30:27+00,2026-08-01,2026-08-03,100000,100000,100000.000000000000
5823818761,Contract Data Engineer - SC Cleared,Fruition Group,it-jobs,contract,,Yorkshire And The Humber,2026-08-01 11:30:24+00,2026-08-01,2026-08-03,130000,143000,136500.000000000000
5823818667,Senior Product Data Scientist,Datatech Analytics,it-jobs,,full_time,South East England,2026-08-01 11:30:19+00,2026-08-01,2026-08-03,90000,90000,90000.000000000000
5822591631,Senior Data Analyst,Harnham - Data & Analytics Recruitment,pr-advertising-marketing-jobs,permanent,full_time,London,2026-07-31 18:39:47+00,2026-08-01,2026-08-03,40000,50000,45000.000000000000
5823387945,Senior Data Modeller,Specsavers,it-jobs,permanent,full_time,East Midlands,2026-08-01 06:40:45+00,2026-08-01,2026-08-03,75000,75000,75000.000000000000
5826290180,"Director of Information Systems (Systems, Operations & Change) at The Mercian Trust - Digital & IT",The Mercian Trust,it-jobs,,,West Midlands,2026-08-03 03:58:09+00,2026-08-03,2026-08-03,55745,61533,58639.000000000000
5825872840,Sub-Regional Procurement Director,Microsoft,it-jobs,contract,full_time,London,2026-08-02 18:22:45+00,2026-08-03,2026-08-03,100400,200500,150450.000000000000
5825856741,Research Associate - School of Social Policy - 907503 - Grade 6,The University of Birmingham,scientific-qa-jobs,contract,full_time,West Midlands,2026-08-02 18:16:18+00,2026-08-03,2026-08-03,33002,35608,34305.000000000000
5825842855,"Principal Software Engineer, FDE",Microsoft,it-jobs,contract,full_time,London,2026-08-02 18:12:28+00,2026-08-03,2026-08-03,93500,161800,127650.000000000000
5825842821,Data Scientist & Marketing Effectiveness Consultant (MMM),Ekimetrics,pr-advertising-marketing-jobs,,full_time,London,2026-08-02 18:12:28+00,2026-08-03,2026-08-03,40000,55000,47500.000000000000
5825839002,Growth Strategy Manager,iwoca,it-jobs,,full_time,London,2026-08-02 18:11:55+00,2026-08-03,2026-08-03,70000,90000,80000.000000000000
5825824903,Loans Analytics & Insight Senior Analyst (9 Month FTC/Secondment),Lloyds Bank,it-jobs,contract,full_time,,2026-08-02 18:00:59+00,2026-08-03,2026-08-03,40824,45360,43092.000000000000
5825594311,Senior Data Scientist - Workday Products,Hackajob Ltd,it-jobs,,full_time,North West England,2026-08-02 11:31:16+00,2026-08-03,2026-08-03,90000,90000,90000.000000000000
5825593500,Principal Machine Learning Engineer,Sky,it-jobs,,full_time,London,2026-08-02 11:31:10+00,2026-08-03,2026-08-03,45000,66000,55500.000000000000
5822323081,DSO Engineer,National Grid,it-jobs,,,London,2026-07-31 12:28:18+00,2026-07-31,2026-08-03,79923,79923,79923.000000000000
5825564065,Lead Engineer - Workplace Technology and Automation,Hackajob Ltd,it-jobs,permanent,,London,2026-08-02 11:17:20+00,2026-08-03,2026-08-03,95000,95000,95000.000000000000
5825563481,Group Tax Manager,Hackajob Ltd,accounting-finance-jobs,permanent,,London,2026-08-02 11:15:25+00,2026-08-03,2026-08-03,100000,100000,100000.000000000000
5826268787,FP&A AI Transformation Manager,Pratap Partnership Ltd,it-jobs,permanent,,Yorkshire And The Humber,2026-08-03 03:17:24+00,2026-08-03,2026-08-03,100000,100000,100000.000000000000
5826082118,Lead Product Manager,Anson Mccade,it-jobs,permanent,,West Midlands,2026-08-02 23:33:27+00,2026-08-03,2026-08-03,75000,75000,75000.000000000000
5825849246,Graduate Power Platform Developer - Glasgow,Matthew Algie,graduate-jobs,permanent,full_time,,2026-08-02 18:14:33+00,2026-08-03,2026-08-03,28000,30000,29000.000000000000
5825594265,Analytics Platform Engineer,LM RECRUITMENT SOLUTIONS LTD,it-jobs,contract,full_time,South West England,2026-08-02 11:31:16+00,2026-08-03,2026-08-03,95000,95000,95000.000000000000
5824444223,Partnerships Manager,Monzo,sales-jobs,,,London,2026-08-01 18:29:27+00,2026-08-01,2026-08-03,86000,115000,100500.000000000000
5824440764,Insight Analyst,Electric Twin,it-jobs,,full_time,London,2026-08-01 18:28:30+00,2026-08-01,2026-08-03,35000,45000,40000.000000000000
5822594189,Commercial Admin Support,WE Talent,admin-jobs,permanent,full_time,,2026-07-31 19:06:21+00,2026-08-01,2026-08-03,35000,35000,35000.000000000000
5822591228,"Junior Manager, Business Intelligence",Harnham - Data & Analytics Recruitment,it-jobs,permanent,full_time,London,2026-07-31 18:39:21+00,2026-08-01,2026-08-03,46000,46000,46000.000000000000
5822590623,Senior Electrical Contracts Manager,Axis CLC,trade-construction-jobs,permanent,full_time,London,2026-07-31 18:38:42+00,2026-08-01,2026-08-03,65000,75000,70000.000000000000
5822590529,Strategic Lead - Business Intelligence & Insight (Team Manager),Opus People Solutions,it-jobs,permanent,full_time,West Midlands,2026-07-31 18:38:38+00,2026-08-01,2026-08-03,61000,65000,63000.000000000000
5822589804,Revenue Growth Manager,TMR Group Ltd,sales-jobs,permanent,full_time,West Midlands,2026-07-31 18:37:52+00,2026-08-01,2026-08-03,60000,65000,62500.000000000000
5822587509,Pricing & Margin Manager,Trinity Personnel,accounting-finance-jobs,permanent,full_time,West Midlands,2026-07-31 18:36:19+00,2026-08-01,2026-08-03,35000,45000,40000.000000000000
5822587215,Finance Systems Manager,Addition,it-jobs,permanent,full_time,Eastern England,2026-07-31 18:36:09+00,2026-08-01,2026-08-03,85000,105000,95000.000000000000
5822582360,Strategic Performance Assistant,University of Leicester,it-jobs,,full_time,East Midlands,2026-07-31 18:00:45+00,2026-08-01,2026-08-03,26707,26707,26707.000000000000
5822581677,Power BI Reporting Analyst,Cancer Research UK,it-jobs,contract,full_time,London,2026-07-31 17:58:57+00,2026-08-02,2026-08-03,35000,40000,37500.000000000000
5822580597,Deputy Head of MIS,Bath College,it-jobs,permanent,full_time,South West England,2026-07-31 17:53:01+00,2026-08-01,2026-08-03,47523,51765,49644.000000000000
5822565125,Business Intelligence Analyst,Thurrock Council,admin-jobs,permanent,full_time,Eastern England,2026-07-31 17:43:06+00,2026-08-01,2026-08-03,45624,52038,48831.000000000000
5822553061,Commercial Admin Support,WE Talent,admin-jobs,,full_time,London,2026-07-31 17:14:34+00,2026-08-01,2026-08-03,35000,35000,35000.000000000000
5822542383,Senior Data Engineer,IMT Resourcing Solutions,it-jobs,,full_time,South West England,2026-07-31 16:58:46+00,2026-07-31,2026-08-03,75000,85000,80000.000000000000
5822395483,Divisional Business Manager - Education,Find Recruitment Group LTD,teaching-jobs,,full_time,,2026-07-31 15:05:32+00,2026-07-31,2026-08-03,60000,68000,64000.000000000000
5826431688,Mobile Site Chemist / Chemistry Graduate - Hazardous Waste,Total Waste Recruitment,graduate-jobs,,full_time,North West England,2026-08-03 09:26:06+00,2026-08-03,2026-08-03,28000,35000,31500.000000000000
5826369461,International Brand Manager,HG International b.v.,pr-advertising-marketing-jobs,permanent,full_time,Eastern England,2026-08-03 06:57:47+00,2026-08-03,2026-08-03,42000,55000,48500.000000000000
5822589081,"Associate Director, Business Intelligence",Harnham - Data & Analytics Recruitment,it-jobs,permanent,full_time,London,2026-07-31 18:37:09+00,2026-08-01,2026-08-03,60000,60000,60000.000000000000
5826290210,Waste Contracts Manager,South Staffordshire Council,admin-jobs,contract,,West Midlands,2026-08-03 03:58:11+00,2026-08-03,2026-08-03,39152,42839,40995.500000000000
5826290196,Principal Waste Contracts Officer,Herefordshire Council,admin-jobs,permanent,part_time,West Midlands,2026-08-03 03:58:10+00,2026-08-03,2026-08-03,40778,45092,42935.000000000000
5826269453,Data Officer,M & K Consult Ltd,it-jobs,contract,full_time,North West England,2026-08-03 03:19:22+00,2026-08-03,2026-08-03,40000,40000,40000.000000000000
5826269376,Quality Manager,JLA Limited,sales-jobs,permanent,,North West England,2026-08-03 03:19:08+00,2026-08-03,2026-08-03,30000,30000,30000.000000000000
5826269340,Final Mile Territory Manager,Evri,logistics-warehouse-jobs,permanent,,South East England,2026-08-03 03:19:01+00,2026-08-03,2026-08-03,35000,35000,35000.000000000000
5826290197,Senior Auditor – 2 roles,Stafford Borough & Cannock Chase District Councils,accounting-finance-jobs,permanent,,West Midlands,2026-08-03 03:58:10+00,2026-08-03,2026-08-03,37280,40777,39028.500000000000
5826290184,Corporate Assets Facilities Management Technical Team Lead,Stafford Borough & Cannock Chase District Councils,property-jobs,permanent,,West Midlands,2026-08-03 03:58:09+00,2026-08-03,2026-08-03,41771,46142,43956.500000000000
5826257493,Allocator,National Trust,retail-jobs,contract,full_time,South West England,2026-08-03 03:00:27+00,2026-08-03,2026-08-03,27612,27612,27612.000000000000
5826255582,Lettings Officer,National Trust,property-jobs,permanent,part_time,Eastern England,2026-08-03 02:57:55+00,2026-08-03,2026-08-03,15483,15483,15483.000000000000
5826252237,Head of Procurement,G1 Search,retail-jobs,,,Northern Ireland,2026-08-03 02:48:10+00,2026-08-03,2026-08-03,90000,90000,90000.000000000000
5826252576,Team Administration Assistant,Office Angels,accounting-finance-jobs,permanent,full_time,London,2026-08-03 02:48:56+00,2026-08-03,2026-08-03,30000,32000,31000.000000000000
5827031503,Data and Systems Analyst,Ashley Community Housing,it-jobs,contract,full_time,South West England,2026-08-03 23:24:59+00,2026-08-04,2026-08-04,28000,28000,28000.000000000000
5826814319,T-SQL Data Analyst - Outside IR35,Concept Resourcing,it-jobs,contract,full_time,West Midlands,2026-08-03 20:48:26+00,2026-08-04,2026-08-04,104000,104000,104000.000000000000
5825872042,"SCUK Commissions Data Analyst, 12 Month Fixed Term Contract",Banco Santander,it-jobs,contract,part_time,,2026-08-02 18:20:17+00,2026-08-03,2026-08-04,38000,41000,39500.000000000000
5825825371,Junior Data Analyst,Essex County Council,it-jobs,permanent,full_time,Eastern England,2026-08-02 18:02:42+00,2026-08-03,2026-08-04,29468,34668,32068.000000000000
5825728077,BI & Data Analyst,Hays Specialist Recruitment Limited,it-jobs,permanent,full_time,North West England,2026-08-02 15:07:27+00,2026-08-03,2026-08-04,35000,38000,36500.000000000000
5825594463,Data Business Analyst,Permanent Futures Limited,it-jobs,,full_time,Yorkshire And The Humber,2026-08-02 11:31:17+00,2026-08-03,2026-08-04,47000,52000,49500.000000000000
5825594290,Senior Data Information Architect,Hackajob Ltd,it-jobs,,full_time,London,2026-08-02 11:31:16+00,2026-08-03,2026-08-04,75000,75000,75000.000000000000
5825593961,SAP Ariba Master Data Analyst,Yorkshire Water,it-jobs,permanent,full_time,Yorkshire And The Humber,2026-08-02 11:31:14+00,2026-08-03,2026-08-04,27000,67000,47000.000000000000
5824975560,Compliance Analyst,Pertemps Managed Solutions,it-jobs,contract,full_time,Wales,2026-08-02 02:18:59+00,2026-08-02,2026-08-04,40643,40643,40643.000000000000
5824379439,HR Data Analyst,Homeserve,hr-jobs,,,West Midlands,2026-08-01 18:18:57+00,2026-08-02,2026-08-04,33101,40000,36550.500000000000
5824031000,Data Analyst Placement Programme No Experience Needed,IT Online Learning,it-jobs,permanent,,Yorkshire And The Humber,2026-08-01 15:14:34+00,2026-08-02,2026-08-04,65000,65000,65000.000000000000
5824020406,Data Business Analyst,Futures,it-jobs,,,Yorkshire And The Humber,2026-08-01 15:09:49+00,2026-08-01,2026-08-04,47000,52000,49500.000000000000
5823818864,Property Business Insight Analyst,Orbit Group,it-jobs,,full_time,West Midlands,2026-08-01 11:30:27+00,2026-08-01,2026-08-04,38238,46736,42487.000000000000
5826202697,Team Administration Assistant,Office Angels,accounting-finance-jobs,permanent,full_time,London,2026-08-03 01:22:10+00,2026-08-03,2026-08-03,30000,32000,31000.000000000000
5826141482,Call Centre Transformation Consultant,Reed,sales-jobs,permanent,,Eastern England,2026-08-03 00:47:36+00,2026-08-03,2026-08-03,40000,70000,55000.000000000000
5823818880,IT Data Analyst Intern,Eligo Recruitment Ltd,it-jobs,contract,,London,2026-08-01 11:30:27+00,2026-08-01,2026-08-04,25000,25000,25000.000000000000
5823818540,Data Analyst,Paterson Simons & Co  Ltd.,it-jobs,,full_time,Scotland,2026-08-01 11:30:15+00,2026-08-01,2026-08-04,28000,28000,28000.000000000000
5823818602,Data Science Manager,WRK DIGITAL LTD,it-jobs,permanent,full_time,Yorkshire And The Humber,2026-08-01 11:30:15+00,2026-08-01,2026-08-04,70000,70000,70000.000000000000
5823756497,Data Business Analyst,Permanent Futures Limited,it-jobs,,full_time,Yorkshire And The Humber,2026-08-01 11:04:30+00,2026-08-01,2026-08-04,47000,52000,49500.000000000000
5826495464,Trainee Data Analyst,ITOL Recruit,it-jobs,permanent,full_time,North West England,2026-08-03 11:08:11+00,2026-08-04,2026-08-04,30000,50000,40000.000000000000
5826490144,Data Analyst Trainee,ITOL Recruit,it-jobs,permanent,full_time,Eastern England,2026-08-03 10:45:44+00,2026-08-04,2026-08-04,30000,50000,40000.000000000000
5826579059,Customer Service Centre Advisor,Places for people,customer-services-jobs,,full_time,North West England,2026-08-03 14:07:11+00,2026-08-04,2026-08-04,27030,27030,27030.000000000000
5825674495,BI & Data Analyst,Hays Technology,it-jobs,permanent,full_time,North West England,2026-08-02 13:03:01+00,2026-08-03,2026-08-04,35000,38000,36500.000000000000
5823713300,Customer Service Centre Advisor - Preston,Places For People,customer-services-jobs,,,North West England,2026-08-01 10:10:43+00,2026-08-01,2026-08-04,27030,27030,27030.000000000000
5827215979,Senior AI Engineer - Perm UK,Infused Solutions,it-jobs,permanent,full_time,London,2026-08-04 02:47:52+00,2026-08-04,2026-08-04,65000,80000,72500.000000000000
5827093701,Technical Business Analyst,83zero Limited,it-jobs,permanent,,North West England,2026-08-04 00:51:15+00,2026-08-04,2026-08-04,55000,55000,55000.000000000000
5827093702,Technical Business Analyst,83zero Limited,it-jobs,permanent,,London,2026-08-04 00:51:15+00,2026-08-04,2026-08-04,55000,55000,55000.000000000000
5827258039,Lead Data Architect,Harvey Nash,it-jobs,permanent,full_time,Scotland,2026-08-04 03:13:53+00,2026-08-04,2026-08-04,90000,120000,105000.000000000000
5827102092,Data Engineer - 3 days in Skipton - Inside IR35,Morson Edge,it-jobs,contract,,Yorkshire And The Humber,2026-08-04 00:52:49+00,2026-08-04,2026-08-04,123500,123500,123500.000000000000
5826996794,Senior Product Analyst,Harnham - Data & Analytics Recruitment,it-jobs,permanent,full_time,South East England,2026-08-03 22:46:51+00,2026-08-04,2026-08-04,80000,90000,85000.000000000000
5827477278,Head of Data and AI,Robert Half,it-jobs,permanent,full_time,South East England,2026-08-04 08:51:12+00,2026-08-04,2026-08-04,95000,120000,107500.000000000000
5827451054,Company Intelligence Analyst,The Opportunity Hub UK,it-jobs,permanent,full_time,London,2026-08-04 06:33:46+00,2026-08-04,2026-08-04,30000,35000,32500.000000000000
5827272403,Lead Data Architect,Harvey Nash,it-jobs,permanent,,Scotland,2026-08-04 03:17:05+00,2026-08-04,2026-08-04,100000,100000,100000.000000000000
5827093545,Technical Lead,Anson Mccade,it-jobs,,,London,2026-08-04 00:50:42+00,2026-08-04,2026-08-04,95000,95000,95000.000000000000
5827031796,Data Engineer - 3 days a week in Skipton - £460 inside IR35,Exalto Consulting ltd,it-jobs,contract,,Yorkshire And The Humber,2026-08-03 23:26:32+00,2026-08-04,2026-08-04,120011,120011,120011.000000000000
5827001917,Senior Decision Scientist,Harnham - Data & Analytics Recruitment,it-jobs,permanent,full_time,South East England,2026-08-03 22:50:35+00,2026-08-04,2026-08-04,80000,90000,85000.000000000000
5826998351,Lead Data Engineer (Azure),Harnham - Data & Analytics Recruitment,it-jobs,permanent,full_time,London,2026-08-03 22:48:13+00,2026-08-04,2026-08-04,65000,75000,70000.000000000000
5826829419,Senior AI Engineer - Perm UK,Infused Solutions Ltd,it-jobs,permanent,full_time,London,2026-08-03 21:29:11+00,2026-08-04,2026-08-04,65000,80000,72500.000000000000
5826799647,Data Operations Manager,Maru Search & Consultancy,it-jobs,permanent,full_time,London,2026-08-03 19:13:21+00,2026-08-04,2026-08-04,65000,72000,68500.000000000000
5826798802,Senior Data Product Manager - FinTech/FS - Transformation,Sanderson,it-jobs,permanent,full_time,London,2026-08-03 19:12:47+00,2026-08-04,2026-08-04,90000,105000,97500.000000000000
5826794854,Senior Data Engineer,McGregor Boyall,it-jobs,permanent,full_time,London,2026-08-03 18:49:37+00,2026-08-04,2026-08-04,90000,100000,95000.000000000000
5827024309,Head of Data and AI,Robert Half,it-jobs,permanent,full_time,South East England,2026-08-03 23:11:46+00,2026-08-04,2026-08-04,95000,120000,107500.000000000000
5826800055,Forward Deployed Engineer,167 Solutions Ltd,it-jobs,permanent,,South West England,2026-08-03 19:16:14+00,2026-08-04,2026-08-04,70000,70000,70000.000000000000
5826799754,Data Architect,Ncounter,it-jobs,contract,,South West England,2026-08-03 19:14:14+00,2026-08-04,2026-08-04,182000,208000,195000.000000000000
5826081957,Principal Product Manager,Anson Mccade,it-jobs,permanent,,South West England,2026-08-02 23:30:39+00,2026-08-03,2026-08-04,90000,90000,90000.000000000000
5825872747,Data Engineer - Compliance Engineering,Lloyds Bank,it-jobs,,full_time,,2026-08-02 18:22:29+00,2026-08-03,2026-08-04,36224,38130,37177.000000000000
5826497254,Lead Product Manager,Anson Mccade,it-jobs,permanent,,London,2026-08-03 11:18:50+00,2026-08-04,2026-08-04,80000,80000,80000.000000000000
5826789438,Staff / Senior Software Engineer,Unitary,engineering-jobs,,full_time,,2026-08-03 18:32:59+00,2026-08-04,2026-08-04,85000,110000,97500.000000000000
5827023997,Azure Data Platform Engineer,BrightBox Group,it-jobs,contract,,East Midlands,2026-08-03 23:10:14+00,2026-08-04,2026-08-04,104000,117000,110500.000000000000
5827002783,Dataops Manager,Harnham - Data & Analytics Recruitment,it-jobs,permanent,full_time,London,2026-08-03 22:51:11+00,2026-08-04,2026-08-04,65000,75000,70000.000000000000
5826717277,Data Engineer,CBSbutler Holdings Limited trading as CBSbutler,it-jobs,contract,,Yorkshire And The Humber,2026-08-03 17:16:44+00,2026-08-04,2026-08-04,117000,120900,118950.000000000000
5826636450,Data Engineer - 3 days a week in Skipton - £460 inside IR35,Exalto Consulting,it-jobs,contract,,,2026-08-03 15:08:37+00,2026-08-04,2026-08-04,117000,119600,118300.000000000000
5826564460,Senior Data Engineer,Langham Recruitment,it-jobs,,full_time,West Midlands,2026-08-03 13:06:01+00,2026-08-04,2026-08-04,60000,70000,65000.000000000000
5826840137,Data Architect,Ncounter Limited,it-jobs,contract,,South West England,2026-08-03 21:34:37+00,2026-08-04,2026-08-04,182000,208000,195000.000000000000
5826566927,Data Engineering Manager,Datatech,it-jobs,,full_time,London,2026-08-03 13:18:11+00,2026-08-04,2026-08-04,85000,95000,90000.000000000000
5826565070,DV Cleared AI & Palantir Engineers - Graduate to Senior,CBSbutler Holdings Limited trading as CBSbutler,graduate-jobs,,full_time,London,2026-08-03 13:08:05+00,2026-08-04,2026-08-04,40000,100000,70000.000000000000
5826496335,Senior AI Engineer,Hackajob Ltd,it-jobs,permanent,,Northern Ireland,2026-08-03 11:15:23+00,2026-08-04,2026-08-04,90000,90000,90000.000000000000
5827093195,R&D Actuarial Analyst,Vitality Corporate Services Limited,it-jobs,,full_time,London,2026-08-04 00:49:39+00,2026-08-04,2026-08-04,50000,50000,50000.000000000000
5826644787,Data Science Trainee,IT Career Switch,it-jobs,permanent,full_time,North West England,2026-08-03 15:14:47+00,2026-08-04,2026-08-04,25000,45000,35000.000000000000
5826644776,Data Science Trainee,IT Career Switch,it-jobs,permanent,full_time,South East England,2026-08-03 15:14:46+00,2026-08-04,2026-08-04,25000,45000,35000.000000000000
5826644745,Data Science Trainee,IT Career Switch,it-jobs,permanent,full_time,Eastern England,2026-08-03 15:14:43+00,2026-08-04,2026-08-04,25000,45000,35000.000000000000
5826644678,Data Science Trainee,IT Career Switch,it-jobs,permanent,full_time,North East England,2026-08-03 15:14:36+00,2026-08-04,2026-08-04,25000,45000,35000.000000000000
5826644645,Data Science Trainee,IT Career Switch,it-jobs,permanent,full_time,South East England,2026-08-03 15:14:33+00,2026-08-04,2026-08-04,25000,45000,35000.000000000000
5826644800,Data Science Trainee,IT Career Switch,it-jobs,permanent,full_time,Yorkshire And The Humber,2026-08-03 15:14:48+00,2026-08-04,2026-08-04,25000,45000,35000.000000000000
5827031795,Quantitative Analyst,Spectrum It Recruitment Limited,it-jobs,permanent,,London,2026-08-03 23:26:32+00,2026-08-04,2026-08-04,90000,90000,90000.000000000000
5827031767,R&D Actuarial Analyst,Vitality Corporate Services Limited,it-jobs,permanent,full_time,London,2026-08-03 23:26:17+00,2026-08-04,2026-08-04,50000,50000,50000.000000000000
5826717327,Technical Business Analyst,83zero Ltd,it-jobs,permanent,full_time,London,2026-08-03 17:16:56+00,2026-08-04,2026-08-04,50000,55000,52500.000000000000
5826717319,Technical Business Analyst,83zero Ltd,it-jobs,permanent,full_time,North West England,2026-08-03 17:16:56+00,2026-08-04,2026-08-04,50000,55000,52500.000000000000
5826699226,Senior Data engineer (Java/SQL),Methods Business and Digital Technology,it-jobs,,,Scotland,2026-08-03 16:31:40+00,2026-08-04,2026-08-04,60000,80000,70000.000000000000
5827031513,AI Product Engineer,Spectrum It Recruitment Limited,it-jobs,permanent,,South East England,2026-08-03 23:25:01+00,2026-08-04,2026-08-04,60000,60000,60000.000000000000
5827024108,Machine Learning Engineer - Spiking Neural Networks,MFK Recruitment,it-jobs,permanent,full_time,London,2026-08-03 23:10:30+00,2026-08-04,2026-08-04,75000,100000,87500.000000000000
5826839524,Asset Analytics Manager,SP Electricity North West,energy-oil-gas-jobs,,full_time,North West England,2026-08-03 21:34:10+00,2026-08-04,2026-08-04,55000,60000,57500.000000000000
5827451211,Account Manager,The Opportunity Hub UK,pr-advertising-marketing-jobs,permanent,,London,2026-08-04 06:33:51+00,2026-08-04,2026-08-04,28000,28000,28000.000000000000
5827451137,Digital Marketing Assistant,The Opportunity Hub UK,pr-advertising-marketing-jobs,permanent,,London,2026-08-04 06:33:49+00,2026-08-04,2026-08-04,27000,32000,29500.000000000000
5827450989,Junior English Linguistics Analyst,The Opportunity Hub UK,it-jobs,permanent,,London,2026-08-04 06:33:44+00,2026-08-04,2026-08-04,25000,28000,26500.000000000000
5826839197,"Genomic Data Scientist - (we have office locations in Cambridge, Leeds & London)",Genomics England,scientific-qa-jobs,contract,full_time,London,2026-08-03 21:33:37+00,2026-08-04,2026-08-04,56000,67000,61500.000000000000
5826646183,System Engineer,TALENTOMETRY LIMITED,engineering-jobs,permanent,,Yorkshire And The Humber,2026-08-03 15:17:33+00,2026-08-04,2026-08-04,70000,70000,70000.000000000000
5826644642,Data Science Trainee,IT Career Switch,it-jobs,permanent,full_time,South West England,2026-08-03 15:14:33+00,2026-08-04,2026-08-04,25000,45000,35000.000000000000
5826711345,Senior Credit Risk Modeller,Leeds Building Society,it-jobs,,,Yorkshire And The Humber,2026-08-03 16:58:43+00,2026-08-04,2026-08-04,55000,55000,55000.000000000000
5826644640,Data Science Trainee,IT Career Switch,it-jobs,permanent,full_time,North West England,2026-08-03 15:14:32+00,2026-08-04,2026-08-04,25000,45000,35000.000000000000
5826644535,Data Science Trainee,IT Career Switch,it-jobs,permanent,full_time,South West England,2026-08-03 15:14:28+00,2026-08-04,2026-08-04,25000,45000,35000.000000000000
5826644497,Data Science Trainee,IT Career Switch,it-jobs,permanent,full_time,South West England,2026-08-03 15:14:24+00,2026-08-04,2026-08-04,25000,45000,35000.000000000000
5826644485,Data Science Trainee,IT Career Switch,it-jobs,permanent,full_time,Yorkshire And The Humber,2026-08-03 15:14:23+00,2026-08-04,2026-08-04,25000,45000,35000.000000000000
5826644492,Data Science Trainee,IT Career Switch,it-jobs,permanent,full_time,South East England,2026-08-03 15:14:24+00,2026-08-04,2026-08-04,25000,45000,35000.000000000000
5826644495,Data Science Trainee,IT Career Switch,it-jobs,permanent,full_time,South West England,2026-08-03 15:14:24+00,2026-08-04,2026-08-04,25000,45000,35000.000000000000
5826644453,Data Science Trainee,IT Career Switch,it-jobs,permanent,full_time,South East England,2026-08-03 15:14:18+00,2026-08-04,2026-08-04,25000,45000,35000.000000000000
5826644361,Data Science Trainee,IT Career Switch,it-jobs,permanent,full_time,Yorkshire And The Humber,2026-08-03 15:14:09+00,2026-08-04,2026-08-04,25000,45000,35000.000000000000
5826644345,Data Science Trainee,IT Career Switch,it-jobs,permanent,full_time,East Midlands,2026-08-03 15:14:06+00,2026-08-04,2026-08-04,25000,45000,35000.000000000000
5826644333,Data Science Trainee,IT Career Switch,it-jobs,permanent,full_time,Eastern England,2026-08-03 15:14:04+00,2026-08-04,2026-08-04,25000,45000,35000.000000000000
5826644320,Data Science Trainee,IT Career Switch,it-jobs,permanent,full_time,West Midlands,2026-08-03 15:14:03+00,2026-08-04,2026-08-04,25000,45000,35000.000000000000
5826644364,Data Science Trainee,IT Career Switch,it-jobs,permanent,full_time,Scotland,2026-08-03 15:14:09+00,2026-08-04,2026-08-04,25000,45000,35000.000000000000
5826644321,Data Science Trainee,IT Career Switch,it-jobs,permanent,full_time,Eastern England,2026-08-03 15:14:03+00,2026-08-04,2026-08-04,25000,45000,35000.000000000000
5826644315,Data Science Trainee,IT Career Switch,it-jobs,permanent,full_time,Eastern England,2026-08-03 15:14:02+00,2026-08-04,2026-08-04,25000,45000,35000.000000000000
5826644308,Data Science Trainee,IT Career Switch,it-jobs,permanent,full_time,Scotland,2026-08-03 15:14:00+00,2026-08-04,2026-08-04,25000,45000,35000.000000000000
5826644300,Data Science Trainee,IT Career Switch,it-jobs,permanent,full_time,North West England,2026-08-03 15:13:58+00,2026-08-04,2026-08-04,25000,45000,35000.000000000000
5826644229,Data Science Trainee,IT Career Switch,it-jobs,permanent,full_time,Yorkshire And The Humber,2026-08-03 15:13:55+00,2026-08-04,2026-08-04,25000,45000,35000.000000000000
5826644223,Data Science Trainee,IT Career Switch,it-jobs,permanent,full_time,North West England,2026-08-03 15:13:54+00,2026-08-04,2026-08-04,25000,45000,35000.000000000000
5826644215,Data Science Trainee,IT Career Switch,it-jobs,permanent,full_time,South East England,2026-08-03 15:13:53+00,2026-08-04,2026-08-04,25000,45000,35000.000000000000
5826644207,Data Science Trainee,IT Career Switch,it-jobs,permanent,full_time,London,2026-08-03 15:13:51+00,2026-08-04,2026-08-04,25000,45000,35000.000000000000
5826644186,Data Science Trainee,IT Career Switch,it-jobs,permanent,full_time,West Midlands,2026-08-03 15:13:46+00,2026-08-04,2026-08-04,25000,45000,35000.000000000000
5826644187,Data Science Trainee,IT Career Switch,it-jobs,permanent,full_time,Eastern England,2026-08-03 15:13:46+00,2026-08-04,2026-08-04,25000,45000,35000.000000000000
5826644156,Data Science Trainee,IT Career Switch,it-jobs,permanent,full_time,South West England,2026-08-03 15:13:40+00,2026-08-04,2026-08-04,25000,45000,35000.000000000000
5826644147,Data Science Trainee,IT Career Switch,it-jobs,permanent,full_time,South East England,2026-08-03 15:13:38+00,2026-08-04,2026-08-04,25000,45000,35000.000000000000
5826644151,Data Science Trainee,IT Career Switch,it-jobs,permanent,full_time,East Midlands,2026-08-03 15:13:38+00,2026-08-04,2026-08-04,25000,45000,35000.000000000000
5826644141,Data Science Trainee,IT Career Switch,it-jobs,permanent,full_time,Yorkshire And The Humber,2026-08-03 15:13:37+00,2026-08-04,2026-08-04,25000,45000,35000.000000000000
5826644128,Data Science Trainee,IT Career Switch,it-jobs,permanent,full_time,Yorkshire And The Humber,2026-08-03 15:13:33+00,2026-08-04,2026-08-04,25000,45000,35000.000000000000
5826644119,Data Science Trainee,IT Career Switch,it-jobs,permanent,full_time,Eastern England,2026-08-03 15:13:32+00,2026-08-04,2026-08-04,25000,45000,35000.000000000000
5826644122,Data Science Trainee,IT Career Switch,it-jobs,permanent,full_time,Yorkshire And The Humber,2026-08-03 15:13:32+00,2026-08-04,2026-08-04,25000,45000,35000.000000000000
5824239628,Insights Analyst,Local Pensions Partnership,it-jobs,,full_time,North West England,2026-08-01 16:51:22+00,2026-08-01,2026-08-04,40000,40000,40000.000000000000
5823818845,Senior Analytics Engineer,Tech4 Ltd,it-jobs,,full_time,South East England,2026-08-01 11:30:27+00,2026-08-01,2026-08-04,60000,65000,62500.000000000000
5823818870,Senior Data Engineer,IMT Resourcing Solutions,it-jobs,,full_time,South West England,2026-08-01 11:30:27+00,2026-08-01,2026-08-04,75000,85000,80000.000000000000
5823818749,Business Intelligence Officer,Aspen Wolf  Ltd,it-jobs,,full_time,North East England,2026-08-01 11:30:23+00,2026-08-01,2026-08-04,29350,29350,29350.000000000000
5823818623,Business Intelligence Analyst,Individual Restaurants,it-jobs,,full_time,North West England,2026-08-01 11:30:16+00,2026-08-01,2026-08-04,67000,107000,87000.000000000000
5823818536,Data Architect,Hays,it-jobs,,full_time,North West England,2026-08-01 11:30:14+00,2026-08-01,2026-08-04,60000,60000,60000.000000000000
5823782186,Category Specialist,AWE Plc,it-jobs,permanent,,South East England,2026-08-01 11:14:30+00,2026-08-01,2026-08-04,45000,45000,45000.000000000000
5823025597,Property Business Insight Analyst,Orbit Group,it-jobs,,,West Midlands,2026-08-01 01:27:32+00,2026-08-01,2026-08-04,38238,46736,42487.000000000000
5822949201,Microsoft 365 Specialist,Axel Johnson International,it-jobs,,,Yorkshire And The Humber,2026-08-01 00:51:23+00,2026-08-01,2026-08-04,45000,45000,45000.000000000000
5822943527,SQL Developer,Sammons Recruitment Ltd,it-jobs,,,South East England,2026-08-01 00:49:12+00,2026-08-01,2026-08-04,75000,75000,75000.000000000000
5822919325,SC Cleared Data Engineer - INSIDE IR35,Pearson Carter,it-jobs,contract,full_time,South East England,2026-08-01 00:17:04+00,2026-08-01,2026-08-04,78000,260000,169000.000000000000
5822880428,Insights Analyst,Local Pensions Partnership,it-jobs,permanent,full_time,North West England,2026-07-31 22:59:58+00,2026-08-01,2026-08-04,36000,40000,38000.000000000000
5822736062,Senior Sponsorship Sales Manager,Lipton Media,sales-jobs,permanent,full_time,London,2026-07-31 22:38:35+00,2026-08-01,2026-08-04,48000,55000,51500.000000000000
5822672136,Senior Sponsorship Sales Manager,Lipton Media,sales-jobs,,full_time,London,2026-07-31 21:11:50+00,2026-08-01,2026-08-04,48000,55000,51500.000000000000
5822594888,Senior Data Engineer,IMT Resourcing,it-jobs,permanent,full_time,South West England,2026-07-31 19:09:16+00,2026-08-01,2026-08-04,75000,85000,80000.000000000000
5827504642,Finance Business Partner,WithYou,accounting-finance-jobs,contract,full_time,London,2026-08-04 09:23:42+00,2026-08-04,2026-08-04,56650,56650,56650.000000000000
5827489911,Senior Data Analytics Manager – Kings Cross London (IT),Nexus Jobs Limited,it-jobs,permanent,,Yorkshire And The Humber,2026-08-04 09:05:40+00,2026-08-04,2026-08-04,85000,85000,85000.000000000000
5827489899,Director of ERP and CRM MS Dynamics 365 - London (IT),Nexus Jobs Limited,it-jobs,permanent,,Yorkshire And The Humber,2026-08-04 09:05:39+00,2026-08-04,2026-08-04,110000,110000,110000.000000000000
5827489874,Data Analytics Senior Manager – Kings Cross London (IT),Nexus Jobs Limited,it-jobs,permanent,,Yorkshire And The Humber,2026-08-04 09:05:38+00,2026-08-04,2026-08-04,80000,80000,80000.000000000000
5827484972,Graduate Accountant,Four Recruitment,graduate-jobs,contract,,North West England,2026-08-04 09:00:16+00,2026-08-04,2026-08-04,35000,35000,35000.000000000000
5827484973,Client Accountant,Cobalt Recruitment.,accounting-finance-jobs,,,London,2026-08-04 09:00:16+00,2026-08-04,2026-08-04,50000,50000,50000.000000000000
5827484922,Senior Software Tester (Python),Circle Group,it-jobs,permanent,full_time,South East England,2026-08-04 09:00:01+00,2026-08-04,2026-08-04,70000,70000,70000.000000000000
5827484755,Junior Buyer,Euro Projects Recruitment,engineering-jobs,permanent,,West Midlands,2026-08-04 08:59:43+00,2026-08-04,2026-08-04,30000,30000,30000.000000000000
5827484672,People & Talent Partner,Frazer Jones,hr-jobs,,,London,2026-08-04 08:59:33+00,2026-08-04,2026-08-04,55000,55000,55000.000000000000
5827483558,Production Manager (FMCG),Ernest Gordon Recruitment,manufacturing-jobs,permanent,,Northern Ireland,2026-08-04 08:58:07+00,2026-08-04,2026-08-04,60000,60000,60000.000000000000
5827483180,Product Manager,DWP Digital,it-jobs,,,West Midlands,2026-08-04 08:57:54+00,2026-08-04,2026-08-04,65000,65000,65000.000000000000
5827482916,Regional Operations Manager,TPN Health Solutions Ltd,healthcare-nursing-jobs,,full_time,London,2026-08-04 08:57:29+00,2026-08-04,2026-08-04,45000,45000,45000.000000000000
5827481287,Real Time Analyst - Contact Centre,JDR - Just Dynamic Recruitment,customer-services-jobs,contract,full_time,North West England,2026-08-04 08:56:13+00,2026-08-04,2026-08-04,28000,28000,28000.000000000000
5826644145,Trainee Software Developer,ITOL Recruit,it-jobs,permanent,full_time,Yorkshire And The Humber,2026-08-03 15:13:38+00,2026-08-04,2026-08-04,30000,35000,32500.000000000000
5827480989,FP&A Manager - Contract,We Are Fr Group,accounting-finance-jobs,contract,,London,2026-08-04 08:55:53+00,2026-08-04,2026-08-04,117000,130000,123500.000000000000
5827480973,Assistant Management Accountant 6 Month FTC,Consensus Support Services Limited,accounting-finance-jobs,contract,,Eastern England,2026-08-04 08:55:52+00,2026-08-04,2026-08-04,35000,35000,35000.000000000000
5827479811,Quality Assurance Manager,ZENOVO LTD,scientific-qa-jobs,,,South East England,2026-08-04 08:55:06+00,2026-08-04,2026-08-04,70000,70000,70000.000000000000
5827478718,Workforce Planning & Metrics Advisor,Natural Resources Wales,hr-jobs,,,Wales,2026-08-04 08:54:10+00,2026-08-04,2026-08-04,40000,40000,40000.000000000000
5827478340,Bid Writer Apprentice,Sureserve Group,admin-jobs,,,London,2026-08-04 08:53:48+00,2026-08-04,2026-08-04,20000,20000,20000.000000000000
5827478347,Internal Sales Manager,Redline Group Ltd,sales-jobs,,,Yorkshire And The Humber,2026-08-04 08:53:48+00,2026-08-04,2026-08-04,45000,45000,45000.000000000000
5827112869,Data Scientist (Active SC Clearance Required),Sanderson Government and Defence,it-jobs,contract,,London,2026-08-04 00:54:45+00,2026-08-04,2026-08-04,143000,148200,145600.000000000000
5827477841,Finance Manager,Corecruitment International,accounting-finance-jobs,,,Northern Ireland,2026-08-04 08:52:23+00,2026-08-04,2026-08-04,45000,45000,45000.000000000000
5827477839,Paraplanner,Talent Finder,accounting-finance-jobs,,full_time,East Midlands,2026-08-04 08:52:22+00,2026-08-04,2026-08-04,40000,40000,40000.000000000000
5827477621,Field Surveyor Trainee,Key Appointments UK Ltd,trade-construction-jobs,,,North West England,2026-08-04 08:52:12+00,2026-08-04,2026-08-04,26000,26000,26000.000000000000
5827477526,Seinor Technical Architect,DWP Digital,it-jobs,,,Yorkshire And The Humber,2026-08-04 08:51:48+00,2026-08-04,2026-08-04,80000,80000,80000.000000000000
5827477523,AI Security Researcher,We Are Fr Group,it-jobs,contract,,South East England,2026-08-04 08:51:48+00,2026-08-04,2026-08-04,85000,85000,85000.000000000000
5827477462,Sustainability Officer,South Norfolk and Broadland Councils,admin-jobs,permanent,full_time,Eastern England,2026-08-04 08:51:34+00,2026-08-04,2026-08-04,37598,41512,39555.000000000000
5827477211,Customer Support Executive,Ocho People,it-jobs,permanent,full_time,Northern Ireland,2026-08-04 08:50:05+00,2026-08-04,2026-08-04,28000,32000,30000.000000000000
5827477192,Product Manager,DWP Digital,it-jobs,,,North East England,2026-08-04 08:49:47+00,2026-08-04,2026-08-04,65000,65000,65000.000000000000
5827476871,AAT Tutor,We Are Fr Group,teaching-jobs,contract,,Eastern England,2026-08-04 08:47:45+00,2026-08-04,2026-08-04,35000,35000,35000.000000000000
5826717290,CyberSecurity OpenSource Data Platform Solution Architect,Hays Technology,it-jobs,contract,,Yorkshire And The Humber,2026-08-03 17:16:45+00,2026-08-04,2026-08-04,117000,143000,130000.000000000000
5827476795,Product Manager - Health Policy,Vitality Corporate Services Limited,it-jobs,,full_time,South West England,2026-08-04 08:47:38+00,2026-08-04,2026-08-04,70000,70000,70000.000000000000
5826645744,Data Engineer,Anson Mccade,it-jobs,permanent,,North East England,2026-08-03 15:16:48+00,2026-08-04,2026-08-04,50000,50000,50000.000000000000
5826643921,Technical Lead/Engineer Lead - London,Evolve Recruitment,it-jobs,permanent,full_time,London,2026-08-03 15:13:09+00,2026-08-04,2026-08-04,71000,113000,92000.000000000000
5827451335,Digital Marketing Assistant,The Opportunity Hub UK,pr-advertising-marketing-jobs,permanent,,London,2026-08-04 06:33:55+00,2026-08-04,2026-08-04,28000,32000,30000.000000000000
5826799648,CyberSecurity OpenSource Data Platform Solution Architect,Hays Specialist Recruitment Limited,it-jobs,permanent,,Yorkshire And The Humber,2026-08-03 19:13:21+00,2026-08-04,2026-08-04,117000,143000,130000.000000000000
5825737304,HR People Specialist,Royal Air Force,hr-jobs,permanent,full_time,,2026-08-02 15:17:32+00,2026-08-03,2026-08-04,26000,26000,26000.000000000000
5825593226,Market Intelligence Analyst,Reed Technology,it-jobs,permanent,full_time,London,2026-08-02 11:31:08+00,2026-08-03,2026-08-04,40000,40000,40000.000000000000
5826644111,Data Science Trainee,IT Career Switch,it-jobs,permanent,full_time,Eastern England,2026-08-03 15:13:30+00,2026-08-04,2026-08-04,25000,45000,35000.000000000000
5826644106,Web Developer Trainee,ITOL Recruit,it-jobs,permanent,full_time,Yorkshire And The Humber,2026-08-03 15:13:29+00,2026-08-04,2026-08-04,29000,35000,32000.000000000000
5827483172,Procurement Officer,Morson Edge,engineering-jobs,,,Northern Ireland,2026-08-04 08:57:53+00,2026-08-04,2026-08-04,45000,45000,45000.000000000000
5827483164,Product Manager,Hozelock Ltd,pr-advertising-marketing-jobs,,,West Midlands,2026-08-04 08:57:53+00,2026-08-04,2026-08-04,40000,40000,40000.000000000000
5827475462,Customer & Business Support Assistant - FLK14405,Falkirk Council,admin-jobs,,,,2026-08-04 08:35:31+00,2026-08-04,2026-08-04,20001,30000,25000.500000000000
5827458493,Customer Experience Manager,UBT,customer-services-jobs,permanent,full_time,,2026-08-04 06:58:26+00,2026-08-04,2026-08-04,40000,45000,42500.000000000000
5827451351,Influencer Marketing & Social Media Executive,The Opportunity Hub UK,sales-jobs,permanent,part_time,London,2026-08-04 06:33:56+00,2026-08-04,2026-08-04,31000,40000,35500.000000000000
5827451340,Framework Bid Writer,The Opportunity Hub UK,it-jobs,permanent,,London,2026-08-04 06:33:55+00,2026-08-04,2026-08-04,40000,50000,45000.000000000000
5827451355,Senior English Linguistics Lead,The Opportunity Hub UK,consultancy-jobs,permanent,,London,2026-08-04 06:33:56+00,2026-08-04,2026-08-04,65000,68000,66500.000000000000
5827451326,Account Director - Public Relations,The Opportunity Hub UK,pr-advertising-marketing-jobs,permanent,,London,2026-08-04 06:33:55+00,2026-08-04,2026-08-04,50000,60000,55000.000000000000
5828126476,Senior Data Analyst,Method Resourcing,it-jobs,contract,,London,2026-08-04 19:13:30+00,2026-08-05,2026-08-05,130000,130000,130000.000000000000
5828634284,Data Analyst (SC-Cleared),Pigment Consulting,it-jobs,contract,,South West England,2026-08-05 03:20:41+00,2026-08-05,2026-08-05,104000,156000,130000.000000000000
5828118170,Finance Analyst,Agilis Search,accounting-finance-jobs,permanent,full_time,Eastern England,2026-08-04 18:55:31+00,2026-08-05,2026-08-05,30000,40000,35000.000000000000
5828117185,Finance Data Analyst,Gibson Hollyhomes,it-jobs,permanent,full_time,Yorkshire And The Humber,2026-08-04 18:53:12+00,2026-08-05,2026-08-05,30000,40000,35000.000000000000
5827853487,Senior Product Data Scientist/ Product Data Analyst,Harnham - Data & Analytics Recruitment,accounting-finance-jobs,contract,,London,2026-08-04 14:53:34+00,2026-08-05,2026-08-05,130000,130000,130000.000000000000
5827735972,Power Data Analyst,Pertemps Thames Water,it-jobs,,full_time,South East England,2026-08-04 13:15:31+00,2026-08-05,2026-08-05,43000,50000,46500.000000000000
5827663653,Data Analyst,Bibby Financial Services,it-jobs,permanent,full_time,South East England,2026-08-04 11:34:02+00,2026-08-05,2026-08-05,50000,60000,55000.000000000000
5827615872,Trainee Data Analyst,ITOL Recruit,it-jobs,permanent,full_time,South East England,2026-08-04 11:14:51+00,2026-08-05,2026-08-05,30000,50000,40000.000000000000
5827615870,Trainee Data Analyst,ITOL Recruit,it-jobs,permanent,full_time,Yorkshire And The Humber,2026-08-04 11:14:45+00,2026-08-05,2026-08-05,30000,50000,40000.000000000000
5827615861,Data Analyst Trainee,ITOL Recruit,it-jobs,permanent,full_time,North West England,2026-08-04 11:14:44+00,2026-08-05,2026-08-05,30000,50000,40000.000000000000
5827615842,Data Analyst Trainee,ITOL Recruit,it-jobs,permanent,full_time,South West England,2026-08-04 11:14:32+00,2026-08-05,2026-08-05,30000,50000,40000.000000000000
5827615837,Data Analyst Trainee,ITOL Recruit,it-jobs,permanent,full_time,Scotland,2026-08-04 11:14:28+00,2026-08-05,2026-08-05,30000,50000,40000.000000000000
5827615800,Data Analyst Trainee,ITOL Recruit,it-jobs,permanent,full_time,Eastern England,2026-08-04 11:13:58+00,2026-08-05,2026-08-05,30000,50000,40000.000000000000
5827615781,Data Analyst Trainee,ITOL Recruit,it-jobs,permanent,full_time,North East England,2026-08-04 11:13:46+00,2026-08-05,2026-08-05,30000,50000,40000.000000000000
5827615721,Data Analyst Trainee,ITOL Recruit,it-jobs,permanent,full_time,West Midlands,2026-08-04 11:13:30+00,2026-08-05,2026-08-05,30000,50000,40000.000000000000
5827615716,Trainee Data Analyst,ITOL Recruit,it-jobs,permanent,full_time,South East England,2026-08-04 11:13:25+00,2026-08-05,2026-08-05,30000,50000,40000.000000000000
5827615685,Trainee Data Analyst,ITOL Recruit,it-jobs,permanent,full_time,East Midlands,2026-08-04 11:13:07+00,2026-08-05,2026-08-05,30000,50000,40000.000000000000
5827615680,Trainee Data Analyst,ITOL Recruit,it-jobs,permanent,full_time,West Midlands,2026-08-04 11:13:04+00,2026-08-05,2026-08-05,30000,50000,40000.000000000000
5827615670,Data Analyst Trainee,ITOL Recruit,it-jobs,permanent,full_time,South West England,2026-08-04 11:12:59+00,2026-08-05,2026-08-05,30000,50000,40000.000000000000
5827615654,Data Analyst Trainee,ITOL Recruit,it-jobs,permanent,full_time,West Midlands,2026-08-04 11:12:52+00,2026-08-05,2026-08-05,30000,50000,40000.000000000000
5827615596,Data Analyst Trainee,ITOL Recruit,it-jobs,permanent,full_time,South East England,2026-08-04 11:12:28+00,2026-08-05,2026-08-05,30000,50000,40000.000000000000
5827615587,Data Analyst Trainee,ITOL Recruit,it-jobs,permanent,full_time,East Midlands,2026-08-04 11:12:24+00,2026-08-05,2026-08-05,30000,50000,40000.000000000000
5827615410,Data Analyst Trainee,ITOL Recruit,it-jobs,permanent,full_time,West Midlands,2026-08-04 11:12:04+00,2026-08-05,2026-08-05,30000,50000,40000.000000000000
5827615400,Trainee Data Analyst,ITOL Recruit,it-jobs,permanent,full_time,North West England,2026-08-04 11:11:59+00,2026-08-05,2026-08-05,30000,50000,40000.000000000000
5827451306,Finance/Business Analyst Internship,The Opportunity Hub UK,it-jobs,permanent,,South East England,2026-08-04 06:33:54+00,2026-08-04,2026-08-05,24000,25000,24500.000000000000
5827451202,Finance/Business Analyst Internship,The Opportunity Hub UK,it-jobs,permanent,,South East England,2026-08-04 06:33:51+00,2026-08-05,2026-08-05,24000,25000,24500.000000000000
5827451101,Data Analyst Intern - Financial Markets,The Opportunity Hub UK,consultancy-jobs,permanent,,London,2026-08-04 06:33:48+00,2026-08-04,2026-08-05,24000,25000,24500.000000000000
5827215618,Business Systems Manager,Elix Sourcing Solutions,it-jobs,permanent,full_time,South West England,2026-08-04 02:47:11+00,2026-08-04,2026-08-05,45000,50000,47500.000000000000
5827112864,Graduate Data Analyst,Permax Recruitment Limited,graduate-jobs,,,London,2026-08-04 00:54:45+00,2026-08-04,2026-08-05,65000,65000,65000.000000000000
5827093101,AI Analyst,Places for People,it-jobs,,,North West England,2026-08-04 00:49:13+00,2026-08-04,2026-08-05,35000,35000,35000.000000000000
5827031229,Landfill Gas Compliance Data Analyst,FCC Environment,admin-jobs,permanent,full_time,East Midlands,2026-08-03 23:24:13+00,2026-08-04,2026-08-05,40000,40000,40000.000000000000
5826862178,Junior Data Analyst – Tech Startup,Graduate Recruitment Bureau,it-jobs,,,London,2026-08-03 22:09:29+00,2026-08-04,2026-08-05,35000,35000,35000.000000000000
5826800036,AI Analyst,Places for People,it-jobs,permanent,,North West England,2026-08-03 19:16:06+00,2026-08-04,2026-08-05,35000,35000,35000.000000000000
5826799821,Data Analyst,Michael Page Technology,it-jobs,permanent,,London,2026-08-03 19:14:33+00,2026-08-04,2026-08-05,117000,143000,130000.000000000000
5826723271,Data Analyst,Alois Technologies Limited,it-jobs,contract,,South East England,2026-08-03 17:31:31+00,2026-08-04,2026-08-05,117000,130000,123500.000000000000
5826717323,Business Systems Manager,Elix Sourcing Solutions,it-jobs,,full_time,South West England,2026-08-03 17:16:56+00,2026-08-04,2026-08-05,45000,50000,47500.000000000000
5826645200,Customer Service Centre Advisor,Places for People,customer-services-jobs,permanent,,North West England,2026-08-03 15:15:36+00,2026-08-05,2026-08-05,26000,26000,26000.000000000000
5826644644,Trainee Data Analyst,ITOL Recruit,it-jobs,permanent,full_time,Yorkshire And The Humber,2026-08-03 15:14:33+00,2026-08-04,2026-08-05,30000,50000,40000.000000000000
5826644522,Data Analyst Trainee,ITOL Recruit,it-jobs,permanent,full_time,South East England,2026-08-03 15:14:27+00,2026-08-04,2026-08-05,30000,50000,40000.000000000000
5826644064,Data Analyst Trainee,ITOL Recruit,it-jobs,permanent,full_time,London,2026-08-03 15:13:23+00,2026-08-04,2026-08-05,30000,50000,40000.000000000000
5826637235,NHS EPR Data Analyst,Hays Specialist Recruitment Limited,it-jobs,contract,part_time,West Midlands,2026-08-03 15:11:13+00,2026-08-04,2026-08-05,104000,195000,149500.000000000000
5826637003,Data Analyst Trainee,ITOL Recruit,it-jobs,permanent,full_time,Eastern England,2026-08-03 15:10:35+00,2026-08-04,2026-08-05,30000,50000,40000.000000000000
5826636914,Data Analyst Trainee,ITOL Recruit,it-jobs,permanent,full_time,Eastern England,2026-08-03 15:10:08+00,2026-08-04,2026-08-05,30000,50000,40000.000000000000
5826636912,Data Analyst Trainee,ITOL Recruit,it-jobs,permanent,full_time,London,2026-08-03 15:10:07+00,2026-08-04,2026-08-05,30000,50000,40000.000000000000
5826636448,NHS EPR Data Analyst,Hays Technology,it-jobs,contract,part_time,West Midlands,2026-08-03 15:08:37+00,2026-08-04,2026-08-05,104000,195000,149500.000000000000
5826495834,Trainee Data Analyst,ITOL Recruit,it-jobs,permanent,full_time,North West England,2026-08-03 11:10:37+00,2026-08-04,2026-08-05,30000,50000,40000.000000000000
5826495804,Trainee Data Analyst,ITOL Recruit,it-jobs,permanent,full_time,North West England,2026-08-03 11:10:19+00,2026-08-04,2026-08-05,30000,50000,40000.000000000000
5826495766,Data Science Trainee,ITOL Recruit,it-jobs,permanent,full_time,Eastern England,2026-08-03 11:09:58+00,2026-08-04,2026-08-05,30000,50000,40000.000000000000
5826495525,Data Analyst Trainee,ITOL Recruit,it-jobs,permanent,full_time,South East England,2026-08-03 11:08:56+00,2026-08-04,2026-08-05,30000,50000,40000.000000000000
5828587866,Azure Data Platform Engineer,Brightbox GRP Limited,it-jobs,contract,full_time,,2026-08-05 02:29:01+00,2026-08-05,2026-08-05,104000,117000,110500.000000000000
5828417760,Data Engineer,Asset Resourcing,it-jobs,permanent,,South West England,2026-08-05 00:55:34+00,2026-08-05,2026-08-05,60000,60000,60000.000000000000
5828354499,Trainee Data Analyst No Experience Needed,NEWTO TRAINING LIMITED,it-jobs,permanent,,,2026-08-04 23:31:05+00,2026-08-05,2026-08-05,65000,65000,65000.000000000000
5828166919,Analytical platform Engineer,Apex Resources Ltd,it-jobs,contract,,South West England,2026-08-04 21:16:54+00,2026-08-05,2026-08-05,123500,130000,126750.000000000000
5828149896,Senior Full-Stack Engineer (Backend  Frontend),Soda Data,it-jobs,,,,2026-08-04 20:44:43+00,2026-08-05,2026-08-05,85000,120000,102500.000000000000
5828149335,Senior Information Analyst - Waverley Court - 15977_1785848222,CITY OF EDINBURGH COUNCIL,it-jobs,,,,2026-08-04 20:39:48+00,2026-08-05,2026-08-05,40001,50000,45000.500000000000
5828127183,Data Architect,Wesleyan,it-jobs,permanent,full_time,West Midlands,2026-08-04 19:15:28+00,2026-08-05,2026-08-05,49800,72000,60900.000000000000
5828127459,Finance Data Analyst,Gibson Hollyhomes,it-jobs,,full_time,Yorkshire And The Humber,2026-08-04 19:16:36+00,2026-08-05,2026-08-05,30000,40000,35000.000000000000
5827853628,Senior Product Data Scientist / Product Data Analyst,Harnham - Data & Analytics Recruitment,it-jobs,contract,,London,2026-08-04 14:53:52+00,2026-08-05,2026-08-05,104000,130000,117000.000000000000
5826644708,Data Analyst Trainee,ITOL Recruit,it-jobs,permanent,full_time,North West England,2026-08-03 15:14:39+00,2026-08-04,2026-08-05,30000,50000,40000.000000000000
5828127135,Data Engineering Consultant,Sanderson,it-jobs,contract,,South West England,2026-08-04 19:15:25+00,2026-08-05,2026-08-05,156000,182000,169000.000000000000
5828412391,Governance Lead,Anson Mccade,it-jobs,,,North West England,2026-08-05 00:54:21+00,2026-08-05,2026-08-05,100000,100000,100000.000000000000
5826495725,Trainee Data Analyst,ITOL Recruit,it-jobs,permanent,full_time,Eastern England,2026-08-03 11:09:38+00,2026-08-04,2026-08-05,30000,50000,40000.000000000000
5828127442,C++ Software Developer | Data Infrastructure,Ncounter Limited,it-jobs,,full_time,London,2026-08-04 19:16:28+00,2026-08-05,2026-08-05,160000,180000,170000.000000000000
5828688778,Governance Lead,Anson Mccade,it-jobs,permanent,,London,2026-08-05 04:28:06+00,2026-08-05,2026-08-05,100000,100000,100000.000000000000
5828400259,Data Engineer,Harvey Nash,it-jobs,contract,,London,2026-08-05 00:50:44+00,2026-08-05,2026-08-05,104000,117000,110500.000000000000
5828126906,Data Engineer,Sellick Partnership,it-jobs,,,Eastern England,2026-08-04 19:14:52+00,2026-08-05,2026-08-05,123500,149500,136500.000000000000
5826636794,Trainee Data Analyst,ITOL Recruit,it-jobs,permanent,full_time,Scotland,2026-08-03 15:09:42+00,2026-08-04,2026-08-05,30000,50000,40000.000000000000
5828126707,Data Engineer,Asset Resourcing Limited,it-jobs,permanent,full_time,South West England,2026-08-04 19:14:16+00,2026-08-05,2026-08-05,55000,60000,57500.000000000000
5828126509,Head of Data and Analytics,Cripps Recruitment,accounting-finance-jobs,permanent,full_time,Eastern England,2026-08-04 19:13:37+00,2026-08-05,2026-08-05,85000,120000,102500.000000000000
5828417759,Governance Lead,Anson Mccade,it-jobs,,,London,2026-08-05 00:55:34+00,2026-08-05,2026-08-05,100000,100000,100000.000000000000
5828417767,Data Engineer,Datatech Analytics,it-jobs,,,London,2026-08-05 00:55:34+00,2026-08-05,2026-08-05,50000,50000,50000.000000000000
5826636659,Trainee Data Analyst,ITOL Recruit,it-jobs,permanent,full_time,Yorkshire And The Humber,2026-08-03 15:09:29+00,2026-08-04,2026-08-05,30000,50000,40000.000000000000
5826636644,Trainee Data Analyst,ITOL Recruit,it-jobs,permanent,full_time,West Midlands,2026-08-03 15:09:28+00,2026-08-04,2026-08-05,30000,50000,40000.000000000000
5828670850,Resource and Workflow Manager,West Midlands Combined Authority ,it-jobs,contract,part_time,,2026-08-05 03:58:38+00,2026-08-05,2026-08-05,59417,66614,63015.500000000000
5828117163,C++ Software Developer | Data Infrastructure,Ncounter,it-jobs,permanent,full_time,London,2026-08-04 18:53:10+00,2026-08-05,2026-08-05,160000,180000,170000.000000000000
5828115878,Senior Full Stack AI Engineer - REMOTE CONTRACTS,Searchability,it-jobs,permanent,full_time,London,2026-08-04 18:50:44+00,2026-08-05,2026-08-05,75000,100000,87500.000000000000
5828022225,Data Scientist,Method-Resourcing,it-jobs,,,Scotland,2026-08-04 16:50:58+00,2026-08-05,2026-08-05,70000,70000,70000.000000000000
5828149891,Senior Frontend Engineer (Full-stack),Soda Data,engineering-jobs,,,,2026-08-04 20:44:42+00,2026-08-05,2026-08-05,85000,120000,102500.000000000000
5828149895,Senior Backend  Infrastructure Engineer (Platform),Soda Data,it-jobs,,,,2026-08-04 20:44:43+00,2026-08-05,2026-08-05,85000,120000,102500.000000000000
5828033384,Data Engineer,VERTEC SERVICES Ltd,trade-construction-jobs,contract,,South West England,2026-08-04 17:14:46+00,2026-08-05,2026-08-05,46800,57200,52000.000000000000
5828022780,Data Specialist,Mercator IT Solutions Ltd,it-jobs,,,London,2026-08-04 16:53:53+00,2026-08-05,2026-08-05,91000,117000,104000.000000000000
5828022021,Analytics Engineer,Morson Edge,it-jobs,permanent,,London,2026-08-04 16:50:31+00,2026-08-05,2026-08-05,50000,50000,50000.000000000000
5827896324,Data Engineer,Damia Group Ltd,it-jobs,contract,,London,2026-08-04 15:23:29+00,2026-08-05,2026-08-05,104000,130000,117000.000000000000
5827885419,Lead Data Architect,Harvey Nash,it-jobs,permanent,,Scotland,2026-08-04 15:18:54+00,2026-08-05,2026-08-05,100000,100000,100000.000000000000
5827870366,Data Engineer,Copello,it-jobs,,full_time,South West England,2026-08-04 15:14:04+00,2026-08-05,2026-08-05,50000,65000,57500.000000000000
5827868188,IT Data & Platform Engineer,Fawkes & Reece London,it-jobs,permanent,full_time,London,2026-08-04 15:11:07+00,2026-08-05,2026-08-05,60000,70000,65000.000000000000
5827853914,Data Scientist,Method Resourcing,it-jobs,permanent,full_time,North East England,2026-08-04 14:54:37+00,2026-08-05,2026-08-05,60000,70000,65000.000000000000
5828125806,AI & Data Technical Trainer,Computappoint,it-jobs,permanent,full_time,London,2026-08-04 19:11:58+00,2026-08-05,2026-08-05,60000,65000,62500.000000000000
5827735295,Senior Data Engineer,IntaPeople,it-jobs,contract,,London,2026-08-04 13:12:28+00,2026-08-05,2026-08-05,104000,111280,107640.000000000000
5827652994,Technical Business Analyst,83zero Ltd,it-jobs,permanent,full_time,South East England,2026-08-04 11:32:04+00,2026-08-05,2026-08-05,50000,55000,52500.000000000000
5827652873,IT Data & Platform Engineer,Frontpoint Partners Ltd,it-jobs,,full_time,London,2026-08-04 11:32:03+00,2026-08-05,2026-08-05,70000,80000,75000.000000000000
5827652728,Software Developer,Pontoon,it-jobs,contract,full_time,London,2026-08-04 11:32:03+00,2026-08-05,2026-08-05,50000,80000,65000.000000000000
5827652731,Lead,Anson Mccade,it-jobs,permanent,full_time,North West England,2026-08-04 11:32:03+00,2026-08-05,2026-08-05,37000,68500,52750.000000000000
5827652693,Senior AI Engineer,Infused Solutions Ltd,it-jobs,,full_time,North West England,2026-08-04 11:32:03+00,2026-08-05,2026-08-05,65000,80000,72500.000000000000
5827652690,DV Cleared AI & Palantir Engineer,CBSbutler Holdings Limited trading as CBSbutler,it-jobs,contract,,London,2026-08-04 11:32:03+00,2026-08-05,2026-08-05,40000,100000,70000.000000000000
5827616512,FP&A AI Transformation Manager,Pratap Partnership Ltd,it-jobs,permanent,,Yorkshire And The Humber,2026-08-04 11:18:21+00,2026-08-05,2026-08-05,100000,100000,100000.000000000000
5827485303,Senior Data Product Manager - FinTech/FS - Transformation,Sanderson Recruitment,it-jobs,,,London,2026-08-04 09:00:54+00,2026-08-04,2026-08-05,100000,100000,100000.000000000000
5827484434,Senior Data Engineer,McGregor Boyall Associates Limited,it-jobs,,,London,2026-08-04 08:59:02+00,2026-08-04,2026-08-05,100000,100000,100000.000000000000
5827481299,Data Engineer - 3 days a week in Skipton - £460 inside IR35,Exalto Consulting ltd,it-jobs,contract,,Yorkshire And The Humber,2026-08-04 08:56:13+00,2026-08-04,2026-08-05,120011,120011,120011.000000000000
5828804702,Finance and Procurement Placement - Waverley Court - 15959_1785329607,CITY OF EDINBURGH COUNCIL,accounting-finance-jobs,contract,,,2026-08-05 07:44:05+00,2026-08-05,2026-08-05,20001,30000,25000.500000000000
5828804663,Data Scientist / Analyst,Caledonian MacBrayne,it-jobs,permanent,full_time,Scotland,2026-08-05 07:43:54+00,2026-08-05,2026-08-05,55000,60000,57500.000000000000
5828153182,Junior AI Engineer,Sparta Global Limited,it-jobs,permanent,full_time,London,2026-08-04 20:51:55+00,2026-08-05,2026-08-05,25000,26000,25500.000000000000
5828022701,Machine Learning Engineer / Data Scientist (SC Cleared),Sanderson Government and Defence,it-jobs,contract,,London,2026-08-04 16:53:15+00,2026-08-05,2026-08-05,145600,148200,146900.000000000000
5827849886,Data Scientist II,LHH Recruitment Solutions,it-jobs,permanent,full_time,London,2026-08-04 14:50:33+00,2026-08-05,2026-08-05,70000,80000,75000.000000000000
5827849883,Machine Learning Engineer,Method Resourcing,it-jobs,permanent,full_time,North East England,2026-08-04 14:50:31+00,2026-08-05,2026-08-05,60000,70000,65000.000000000000
5828688585,Embedded Machine Learning Engineer,KO2 Embedded Recruitment Solutions LTD,engineering-jobs,permanent,,Scotland,2026-08-05 04:27:30+00,2026-08-05,2026-08-05,70000,70000,70000.000000000000
5828061429,Junior IT Support Engineer,Qureight Ltd,it-jobs,contract,full_time,Eastern England,2026-08-04 18:11:44+00,2026-08-05,2026-08-05,27000,33000,30000.000000000000
5828127867,Machine Learning Engineer,Method-Resourcing,it-jobs,permanent,,Scotland,2026-08-04 19:19:09+00,2026-08-05,2026-08-05,70000,70000,70000.000000000000
5827651364,Data Scientist,HackerEarth,it-jobs,,full_time,London,2026-08-04 11:31:51+00,2026-08-05,2026-08-05,45000,55000,50000.000000000000
5827616267,Senior Credit Risk Modeller,Leeds Building Society,it-jobs,permanent,,Yorkshire And The Humber,2026-08-04 11:17:51+00,2026-08-05,2026-08-05,55000,55000,55000.000000000000
5827615900,Trainee Software Developer,ITOL Recruit,it-jobs,permanent,full_time,North West England,2026-08-04 11:15:14+00,2026-08-05,2026-08-05,29000,35000,32000.000000000000
5828023066,AI Trainer,We Are Fr Group,it-jobs,contract,,London,2026-08-04 16:55:57+00,2026-08-05,2026-08-05,90000,90000,90000.000000000000
5827735426,Embedded Machine Learning Engineer,KO2 Embedded Recruitment Solutions Ltd,engineering-jobs,,full_time,Scotland,2026-08-04 13:13:52+00,2026-08-05,2026-08-05,60000,70000,65000.000000000000
5827615890,Coding and Programming Trainee,ITOL Recruit,it-jobs,permanent,full_time,Eastern England,2026-08-04 11:15:07+00,2026-08-05,2026-08-05,29000,35000,32000.000000000000
5827615889,Web Developer Trainee,ITOL Recruit,it-jobs,permanent,full_time,North West England,2026-08-04 11:15:06+00,2026-08-05,2026-08-05,29000,35000,32000.000000000000
5827615822,Trainee Software Developer,ITOL Recruit,it-jobs,permanent,full_time,South East England,2026-08-04 11:14:15+00,2026-08-05,2026-08-05,30000,35000,32500.000000000000
5827615720,Coding and Programming Trainee,ITOL Recruit,it-jobs,permanent,full_time,London,2026-08-04 11:13:30+00,2026-08-05,2026-08-05,29000,35000,32000.000000000000
5827615696,Trainee Software Developer,ITOL Recruit,it-jobs,permanent,full_time,North West England,2026-08-04 11:13:14+00,2026-08-05,2026-08-05,30000,35000,32500.000000000000
5827615642,Web Developer Trainee,ITOL Recruit,it-jobs,permanent,full_time,Eastern England,2026-08-04 11:12:47+00,2026-08-05,2026-08-05,29000,35000,32000.000000000000
5827615606,Coding and Programming Trainee,ITOL Recruit,it-jobs,permanent,full_time,West Midlands,2026-08-04 11:12:35+00,2026-08-05,2026-08-05,29000,35000,32000.000000000000
5827615588,Web Developer Trainee,ITOL Recruit,it-jobs,permanent,full_time,Yorkshire And The Humber,2026-08-04 11:12:24+00,2026-08-05,2026-08-05,29000,35000,32000.000000000000
5827615434,Trainee Software Developer,ITOL Recruit,it-jobs,permanent,full_time,East Midlands,2026-08-04 11:12:13+00,2026-08-05,2026-08-05,30000,35000,32500.000000000000
5827615402,Coding and Programming Trainee,ITOL Recruit,it-jobs,permanent,full_time,Eastern England,2026-08-04 11:12:00+00,2026-08-05,2026-08-05,29000,35000,32000.000000000000
5827615373,Trainee Software Developer,ITOL Recruit,it-jobs,permanent,full_time,West Midlands,2026-08-04 11:11:50+00,2026-08-05,2026-08-05,30000,35000,32500.000000000000
5827608469,Senior Data Scientist,Harnham - Data & Analytics Recruitment,it-jobs,permanent,full_time,London,2026-08-04 10:48:38+00,2026-08-05,2026-08-05,60000,75000,67500.000000000000
5827484369,Pricing Actuary,High Finance  Limited,accounting-finance-jobs,,,London,2026-08-04 08:58:59+00,2026-08-04,2026-08-05,100000,100000,100000.000000000000
5827475428,Senior Strategic Finance Partner - Waverley Court - 15813_1785772368,CITY OF EDINBURGH COUNCIL,accounting-finance-jobs,,,,2026-08-04 08:35:26+00,2026-08-04,2026-08-05,70001,,
5828354067,Data Architect,Sellick Partnership,it-jobs,,,Eastern England,2026-08-04 23:24:56+00,2026-08-05,2026-08-05,175500,201500,188500.000000000000
5828354043,Data Engineer,Gleeson Recruitment Group,it-jobs,permanent,full_time,West Midlands,2026-08-04 23:24:36+00,2026-08-05,2026-08-05,38000,38000,38000.000000000000
5828167999,Senior Technical Pricing Analyst,Ageas Insurance Ltd,scientific-qa-jobs,contract,full_time,London,2026-08-04 21:18:17+00,2026-08-05,2026-08-05,52800,52800,52800.000000000000
5827420487,Commissioning Manager,Gloucestershire County Council,accounting-finance-jobs,,full_time,South West England,2026-08-04 06:25:23+00,2026-08-04,2026-08-05,40000,49999,44999.500000000000
5827277811,Oracle Fusion Technical Support Analyst,Gov Facility Services Ltd (GFSL,it-jobs,permanent,,Yorkshire And The Humber,2026-08-04 03:18:58+00,2026-08-05,2026-08-05,65000,65000,65000.000000000000
5827031194,Business Intelligence Analyst,Renaissance Infpotech,it-jobs,permanent,full_time,London,2026-08-03 23:24:07+00,2026-08-04,2026-08-05,33000,38000,35500.000000000000
5826799667,Data & Insight Enablement Lead,Reed,it-jobs,,,Yorkshire And The Humber,2026-08-03 19:13:23+00,2026-08-04,2026-08-05,60216,60216,60216.000000000000
5828046687,Data Scientist,Tafensw,teaching-jobs,permanent,full_time,,2026-08-04 17:46:34+00,2026-08-05,2026-08-05,145605,160719,153162.000000000000
5828354105,Research Infrasructure Engineer,Tate London City,it-jobs,permanent,full_time,South East England,2026-08-04 23:25:28+00,2026-08-05,2026-08-05,41000,49000,45000.000000000000
5828153179,Junior AI Engineer,Sparta Global Limited,it-jobs,permanent,full_time,Yorkshire And The Humber,2026-08-04 20:51:55+00,2026-08-05,2026-08-05,25000,26000,25500.000000000000
5828147820,Senior Asset Delivery Manager,Hedyn,trade-construction-jobs,permanent,,Wales,2026-08-04 20:27:04+00,2026-08-05,2026-08-05,60000,60000,60000.000000000000
5827651350,Business Intelligence Developer,Leicestershire Fire and Rescue,it-jobs,,full_time,East Midlands,2026-08-04 11:31:51+00,2026-08-05,2026-08-05,35000,59000,47000.000000000000
5826798660,Housing Asset Data Manager,Hays Specialist Recruitment Limited,trade-construction-jobs,permanent,full_time,London,2026-08-03 19:12:36+00,2026-08-04,2026-08-05,52000,54000,53000.000000000000
5826794763,Commercial Analysis,Axon Moore Group Ltd,accounting-finance-jobs,permanent,full_time,North West England,2026-08-03 18:49:06+00,2026-08-04,2026-08-05,30000,35000,32500.000000000000
5826723272,Housing Asset Data Manager,Hays Construction and Property,trade-construction-jobs,permanent,full_time,London,2026-08-03 17:31:31+00,2026-08-04,2026-08-05,52000,54000,53000.000000000000
5826720771,Business Development Manager,Forces Recruitment Solutions Group Ltd,sales-jobs,,full_time,,2026-08-03 17:27:45+00,2026-08-04,2026-08-05,75000,95000,85000.000000000000
5826718672,Head of Finance,Sewell Wallis Ltd,accounting-finance-jobs,permanent,full_time,South East England,2026-08-03 17:22:36+00,2026-08-04,2026-08-05,90000,100000,95000.000000000000
5826717382,IT Data & Platform Engineer,Frontpoint Partners Ltd,it-jobs,,full_time,London,2026-08-03 17:17:07+00,2026-08-04,2026-08-05,70000,80000,75000.000000000000
5826710668,Senior Data Engineer,Yolk Recruitment Limited,it-jobs,contract,,Wales,2026-08-03 16:56:41+00,2026-08-04,2026-08-05,60000,60000,60000.000000000000
5826644779,Head of Data & AI,Tenth Revolution Group,it-jobs,permanent,full_time,North West England,2026-08-03 15:14:46+00,2026-08-04,2026-08-05,80000,100000,90000.000000000000
5826636788,Lead Data Engineer,Tenth Revolution Group,it-jobs,permanent,full_time,London,2026-08-03 15:09:41+00,2026-08-04,2026-08-05,80000,110000,95000.000000000000
5826636763,Senior Data Engineer,Yolk Recruitment Ltd,it-jobs,permanent,full_time,Wales,2026-08-03 15:09:35+00,2026-08-04,2026-08-05,63500,63500,63500.000000000000
5826615781,Head of Electrical,Axis CLC,trade-construction-jobs,permanent,full_time,London,2026-08-03 14:48:40+00,2026-08-04,2026-08-05,65000,75000,70000.000000000000
5826613898,Senior FP&A Analyst,BRD Search Limited,accounting-finance-jobs,permanent,full_time,London,2026-08-03 14:48:00+00,2026-08-04,2026-08-05,58000,65000,61500.000000000000
5826565086,E-commerce Development & Support Specialist,Axon Moore,it-jobs,,full_time,North West England,2026-08-03 13:08:14+00,2026-08-04,2026-08-05,28000,32000,30000.000000000000
5827737035,Continuous Improvement Engineer (Green Bellt),CBSbutler Holdings Limited trading as CBSbutler,engineering-jobs,contract,,West Midlands,2026-08-04 13:20:38+00,2026-08-05,2026-08-05,45000,55000,50000.000000000000
5825837522,Functional Expert - HR & Payroll - Finance Office - 105901Z26 - Grade 6,The University of Birmingham,it-jobs,contract,full_time,West Midlands,2026-08-02 18:11:32+00,2026-08-03,2026-08-05,33002,35608,34305.000000000000
5825836695,Senior Manager - Reporting,Rolls-Royce SMR,it-jobs,,full_time,North West England,2026-08-02 18:10:31+00,2026-08-03,2026-08-05,71000,93200,82100.000000000000
5825594325,Independent Oversight & Peer Review Support Practitioner,AWE Plc,it-jobs,,full_time,South East England,2026-08-02 11:31:16+00,2026-08-03,2026-08-05,41000,81000,61000.000000000000
5825592615,Lead Telemetry Specialist,Yolk Recruitment Limited,it-jobs,,full_time,Wales,2026-08-02 11:31:04+00,2026-08-03,2026-08-05,55000,55000,55000.000000000000
5828821721,Financial Planning Analyst,Gap Personnel - Wrexham,accounting-finance-jobs,permanent,,Wales,2026-08-05 08:28:09+00,2026-08-05,2026-08-05,55000,55000,55000.000000000000
5824790830,Senior Analytics Engineer,Tech 4,it-jobs,permanent,,South East England,2026-08-01 23:18:30+00,2026-08-02,2026-08-05,65000,65000,65000.000000000000
5827895534,Head of Finance,Universal Business Team,accounting-finance-jobs,,full_time,South East England,2026-08-04 15:22:23+00,2026-08-05,2026-08-05,75000,90000,82500.000000000000
5827868368,IT & Systems Manager,Castle Employment,it-jobs,,full_time,Yorkshire And The Humber,2026-08-04 15:11:20+00,2026-08-05,2026-08-05,45000,50000,47500.000000000000
5828836282,Quality Assurance Technician,Escatec Mechatronics Ltd,scientific-qa-jobs,permanent,full_time,East Midlands,2026-08-05 09:00:24+00,2026-08-05,2026-08-05,26272,32000,29136.000000000000
5828835044,Senior QA Engineer,Halian Technology Limited,it-jobs,,,London,2026-08-05 08:57:48+00,2026-08-05,2026-08-05,104000,113100,108550.000000000000
5828835019,Buyer,Escatec Mechatronics Ltd,sales-jobs,permanent,full_time,East Midlands,2026-08-05 08:57:44+00,2026-08-05,2026-08-05,26272,32000,29136.000000000000
5828834855,Quality Development Manager,Runwood Care Homes,healthcare-nursing-jobs,,,East Midlands,2026-08-05 08:57:29+00,2026-08-05,2026-08-05,50000,50000,50000.000000000000
5828833525,Horticultural Buyer,Socium Search Ltd,retail-jobs,,,North West England,2026-08-05 08:55:33+00,2026-08-05,2026-08-05,40000,40000,40000.000000000000
5828833518,Traffic Dispatcher,Taskmaster Resources Limited,logistics-warehouse-jobs,,,Eastern England,2026-08-05 08:55:33+00,2026-08-05,2026-08-05,30000,30000,30000.000000000000
5828832395,Quality Manager (Aerospace Components),Ernest Gordon Recruitment,scientific-qa-jobs,permanent,,Northern Ireland,2026-08-05 08:53:31+00,2026-08-05,2026-08-05,55000,55000,55000.000000000000
5828829398,Transformation Consultant,Anson Mccade,consultancy-jobs,,,North West England,2026-08-05 08:51:49+00,2026-08-05,2026-08-05,90000,90000,90000.000000000000
5828829397,Transformation Consultant,Anson Mccade,consultancy-jobs,,,South West England,2026-08-05 08:51:49+00,2026-08-05,2026-08-05,90000,90000,90000.000000000000
5828828372,Development Manager,Places for People,consultancy-jobs,,,London,2026-08-05 08:50:38+00,2026-08-05,2026-08-05,65000,65000,65000.000000000000
5828828166,Management Accountant,Robert Half,accounting-finance-jobs,permanent,full_time,South East England,2026-08-05 08:50:07+00,2026-08-05,2026-08-05,40000,45000,42500.000000000000
5828827939,Final Mile Territory Manager,Evri,logistics-warehouse-jobs,,,West Midlands,2026-08-05 08:49:52+00,2026-08-05,2026-08-05,35000,35000,35000.000000000000
5828827820,People Business Partner,Teign Housing,hr-jobs,permanent,full_time,South West England,2026-08-05 08:49:41+00,2026-08-05,2026-08-05,45000,45000,45000.000000000000
5828827704,Graduate Customer Support,Ocho People,graduate-jobs,permanent,full_time,Northern Ireland,2026-08-05 08:49:31+00,2026-08-05,2026-08-05,28000,32000,30000.000000000000
5828827171,Permanent IT Field Service Engineer / IT Technician,Sanderson Recruitment,it-jobs,permanent,full_time,South West England,2026-08-05 08:48:24+00,2026-08-05,2026-08-05,24000,24000,24000.000000000000
5828827166,ITSM Change Manager,Xcede,it-jobs,contract,,Scotland,2026-08-05 08:48:23+00,2026-08-05,2026-08-05,100000,100000,100000.000000000000
5828827943,Final Mile Territory Manager,Evri,logistics-warehouse-jobs,contract,,Eastern England,2026-08-05 08:49:53+00,2026-08-05,2026-08-05,35000,35000,35000.000000000000
5828822865,Production Manager (FMCG),Ernest Gordon Recruitment,manufacturing-jobs,permanent,,Northern Ireland,2026-08-05 08:29:21+00,2026-08-05,2026-08-05,60000,60000,60000.000000000000
5828822617,Transport Coordinator,Sigma Retail Solutions Limited,logistics-warehouse-jobs,permanent,,Yorkshire And The Humber,2026-08-05 08:29:11+00,2026-08-05,2026-08-05,28000,28000,28000.000000000000
5828822498,Used Car Area Manager - Passenger Cars,Dekra Automotive Ltd,sales-jobs,permanent,full_time,West Midlands,2026-08-05 08:29:00+00,2026-08-05,2026-08-05,50000,50000,50000.000000000000
5828822496,MEICA Commissioning Manager,ALDWYCH CONSULTING LTD,engineering-jobs,permanent,,London,2026-08-05 08:29:00+00,2026-08-05,2026-08-05,75000,75000,75000.000000000000
5828822530,Contracts Manager,Rated Traders Ltd,it-jobs,,,London,2026-08-05 08:29:01+00,2026-08-05,2026-08-05,58240,58240,58240.000000000000
5828822519,Regional Operations Manager,TPN Health Solutions Ltd,healthcare-nursing-jobs,permanent,full_time,London,2026-08-05 08:29:00+00,2026-08-05,2026-08-05,45000,45000,45000.000000000000
5828822378,Senior Commercial Policy Advisor - SC,Aspect Resources,accounting-finance-jobs,contract,,London,2026-08-05 08:28:48+00,2026-08-05,2026-08-05,117000,122200,119600.000000000000
5828822355,Transformation Consultant,Anson Mccade,consultancy-jobs,permanent,,South West England,2026-08-05 08:28:47+00,2026-08-05,2026-08-05,90000,90000,90000.000000000000
5828822353,Transformation Consultant,Anson Mccade,consultancy-jobs,permanent,,Scotland,2026-08-05 08:28:47+00,2026-08-05,2026-08-05,90000,90000,90000.000000000000
5828822356,Commercial Underwriter,Employment Specialists,accounting-finance-jobs,permanent,,Eastern England,2026-08-05 08:28:47+00,2026-08-05,2026-08-05,45000,45000,45000.000000000000
5828822136,Compliance investigator,Guidant Global,engineering-jobs,contract,,South East England,2026-08-05 08:28:26+00,2026-08-05,2026-08-05,63593,63593,63593.000000000000
5830015738,Data Analyst Placement Programme No Experience Needed,IT Online Learning,it-jobs,permanent,,North West England,2026-08-06 05:09:33+00,2026-08-06,2026-08-06,65000,65000,65000.000000000000
5830015736,Entry Level Data Consultant No Experience Required,NEWTO TRAINING LIMITED,it-jobs,permanent,,North West England,2026-08-06 05:09:33+00,2026-08-06,2026-08-06,65000,65000,65000.000000000000
5828822362,Transformation Consultant,Anson Mccade,consultancy-jobs,permanent,,North West England,2026-08-05 08:28:47+00,2026-08-05,2026-08-05,90000,90000,90000.000000000000
5828822141,Marketing Manager,Streamline Search Limited,pr-advertising-marketing-jobs,permanent,,Eastern England,2026-08-05 08:28:28+00,2026-08-05,2026-08-05,60000,60000,60000.000000000000
5828822140,Digital Marketing and Acquisition Lead,DESIGNER RECRUITMENT LTD,pr-advertising-marketing-jobs,permanent,,North West England,2026-08-05 08:28:28+00,2026-08-05,2026-08-05,40000,40000,40000.000000000000
5828822109,Freedom of Information Support Officer,University of Bath,admin-jobs,,part_time,South West England,2026-08-05 08:28:24+00,2026-08-05,2026-08-05,26000,26000,26000.000000000000
5828822104,Associate Dean of Digital Education,BIMM University,teaching-jobs,permanent,,London,2026-08-05 08:28:21+00,2026-08-05,2026-08-05,65000,65000,65000.000000000000
5828822098,AAT Tutor,We Are Fr Group,teaching-jobs,permanent,,Eastern England,2026-08-05 08:28:20+00,2026-08-05,2026-08-05,35000,35000,35000.000000000000
5830015742,Data Analyst Placement Programme No Experience Needed,IT Online Learning,it-jobs,permanent,,Scotland,2026-08-06 05:09:33+00,2026-08-06,2026-08-06,65000,65000,65000.000000000000
5830015735,Data Analyst Placement Programme No Experience Needed,IT Online Learning,it-jobs,permanent,,Yorkshire And The Humber,2026-08-06 05:09:33+00,2026-08-06,2026-08-06,65000,65000,65000.000000000000
5830015753,Data Analyst Placement Programme No Experience Needed,IT Online Learning,it-jobs,permanent,,Yorkshire And The Humber,2026-08-06 05:09:34+00,2026-08-06,2026-08-06,65000,65000,65000.000000000000
5830015746,Data Analyst Placement Programme No Experience Needed,IT Online Learning,it-jobs,permanent,,North West England,2026-08-06 05:09:33+00,2026-08-06,2026-08-06,65000,65000,65000.000000000000
5829402646,Entry Level Data Consultant No Experience Required,NEWTO TRAINING LIMITED,it-jobs,permanent,,North West England,2026-08-05 21:10:14+00,2026-08-06,2026-08-06,65000,65000,65000.000000000000
5829773017,Data Analyst Placement Programme No Experience Needed,IT Online Learning,it-jobs,permanent,,South West England,2026-08-06 01:21:23+00,2026-08-06,2026-08-06,65000,65000,65000.000000000000
5829772673,Sustainability Analyst,Zachary Daniels,consultancy-jobs,permanent,,Yorkshire And The Humber,2026-08-06 01:20:39+00,2026-08-06,2026-08-06,35000,35000,35000.000000000000
5829370087,Business Intelligence Data Analyst,interAct Consulting Limited,it-jobs,permanent,full_time,East Midlands,2026-08-05 18:53:50+00,2026-08-06,2026-08-06,30000,34000,32000.000000000000
5828972079,Data Lead,Tarmac Trading Limited,it-jobs,,full_time,East Midlands,2026-08-05 11:32:44+00,2026-08-06,2026-08-06,40000,60000,50000.000000000000
5828932785,Data Analyst Trainee,ITOL Recruit,it-jobs,permanent,full_time,London,2026-08-05 10:57:22+00,2026-08-06,2026-08-06,30000,50000,40000.000000000000
5828931160,Data Science Trainee,ITOL Recruit,it-jobs,permanent,full_time,Yorkshire And The Humber,2026-08-05 10:53:31+00,2026-08-06,2026-08-06,30000,50000,40000.000000000000
5828832819,Data Analyst (SC-Cleared),Pigment Consulting,it-jobs,contract,,South West England,2026-08-05 08:54:18+00,2026-08-06,2026-08-06,104000,156000,130000.000000000000
5828586940,Compliance & Data Analyst,Pertemps Ltd,it-jobs,contract,full_time,Wales,2026-08-05 02:28:53+00,2026-08-05,2026-08-06,40643,40643,40643.000000000000
5828353874,Data Analyst / Asset Intelligence - Housing Sector Exp,Lorien,it-jobs,contract,,London,2026-08-04 23:23:03+00,2026-08-05,2026-08-06,97500,97500,97500.000000000000
5828353726,Senior Data Analyst,Tenth Revolution Group,it-jobs,permanent,full_time,London,2026-08-04 23:19:32+00,2026-08-05,2026-08-06,50000,55000,52500.000000000000
5830016345,"Orchestration Engineer - Realtime Market Data, Market Data Testing, Data Monitoring",Morson Edge,it-jobs,,,London,2026-08-06 05:11:18+00,2026-08-06,2026-08-06,195000,234000,214500.000000000000
5830015530,"Orchestration Engineer - Realtime Market Data, Market Data Testing, Data Monitoring",Morson Edge,it-jobs,contract,,London,2026-08-06 05:08:53+00,2026-08-06,2026-08-06,195000,234000,214500.000000000000
5829685557,Senior Database  Analysis Manager,ScottishPower,sales-jobs,contract,full_time,Scotland,2026-08-06 00:31:58+00,2026-08-06,2026-08-06,47200,59000,53100.000000000000
5828972059,Data Analyst,Creative Car Park Ltd,it-jobs,permanent,full_time,London,2026-08-05 11:32:44+00,2026-08-06,2026-08-06,30000,30000,30000.000000000000
5828937389,Data Analyst Trainee,ITOL Recruit,it-jobs,permanent,full_time,North West England,2026-08-05 11:20:53+00,2026-08-06,2026-08-06,30000,50000,40000.000000000000
5828936838,Data Science Trainee,ITOL Recruit,it-jobs,permanent,full_time,Yorkshire And The Humber,2026-08-05 11:19:57+00,2026-08-06,2026-08-06,30000,50000,40000.000000000000
5829671859,SQL Developer,Pearson Carter,it-jobs,permanent,full_time,South East England,2026-08-06 00:27:45+00,2026-08-06,2026-08-06,30000,55000,42500.000000000000
5829646843,Data Engineer,Harnham - Data & Analytics Recruitment,it-jobs,,,London,2026-08-05 23:41:41+00,2026-08-06,2026-08-06,130000,156000,143000.000000000000
5829404269,Data Engineer,Develop,it-jobs,,,South East England,2026-08-05 21:17:10+00,2026-08-06,2026-08-06,75000,75000,75000.000000000000
5828972050,Trainee Data Analyst,NEWTO TRAINING LIMITED,it-jobs,contract,,London,2026-08-05 11:32:44+00,2026-08-06,2026-08-06,65000,65000,65000.000000000000
5829404018,"C++ Engineer - Realtime Market Data, Observability, Feed Handlers",Morson Edge,it-jobs,,,London,2026-08-05 21:15:42+00,2026-08-06,2026-08-06,234000,260000,247000.000000000000
5828937479,Data Analyst Trainee,ITOL Recruit,it-jobs,permanent,full_time,Yorkshire And The Humber,2026-08-05 11:21:07+00,2026-08-06,2026-08-06,30000,50000,40000.000000000000
5829404030,Technical Lead London,EVOLVE IN RECRUITMENT LTD,it-jobs,,full_time,London,2026-08-05 21:15:42+00,2026-08-06,2026-08-06,100000,100000,100000.000000000000
5829403800,BI Developer,DWP Digital,it-jobs,,,North East England,2026-08-05 21:14:48+00,2026-08-06,2026-08-06,50000,50000,50000.000000000000
5829375253,Pricing Data Engineer,Sellick Partnership,it-jobs,contract,,London,2026-08-05 19:27:31+00,2026-08-06,2026-08-06,130000,130000,130000.000000000000
5829374574,Solution Architect / Delivery Lead - Contract - Outside IR35,Randstad Technologies Recruitment,it-jobs,contract,,South East England,2026-08-05 19:24:26+00,2026-08-06,2026-08-06,156000,169000,162500.000000000000
5828972036,Systems Data Analyst,Computappoint,it-jobs,contract,full_time,London,2026-08-05 11:32:44+00,2026-08-06,2026-08-06,59280,70560,64920.000000000000
5829339120,"Senior AI Engineer, Agentic Systems",Kharon,engineering-jobs,,full_time,London,2026-08-05 17:52:00+00,2026-08-06,2026-08-06,105000,120000,112500.000000000000
5828937475,Trainee Data Analyst,ITOL Recruit,it-jobs,permanent,full_time,Yorkshire And The Humber,2026-08-05 11:21:06+00,2026-08-06,2026-08-06,30000,50000,40000.000000000000
5829339007,"Scientist II / Senior ML Scientist, Cofolding and Structure-Aware ML",Lila Sciences,scientific-qa-jobs,,full_time,London,2026-08-05 17:51:17+00,2026-08-06,2026-08-06,228000,358000,293000.000000000000
5828936765,Data Analyst Trainee,ITOL Recruit,it-jobs,permanent,full_time,North West England,2026-08-05 11:19:49+00,2026-08-06,2026-08-06,30000,50000,40000.000000000000
5829337513,Principal Analytics Engineer,DFT Operator,engineering-jobs,permanent,full_time,London,2026-08-05 17:46:54+00,2026-08-06,2026-08-06,90000,104500,97250.000000000000
5829337442,Applied Machine Learning Scientist,StackAdapt,it-jobs,,,London,2026-08-05 17:46:34+00,2026-08-06,2026-08-06,82125,112922,97523.500000000000
5829337140,"Senior Data Scientist, Graph Risk Analytics",Kharon,it-jobs,,full_time,London,2026-08-05 17:44:40+00,2026-08-06,2026-08-06,105000,120000,112500.000000000000
5829335401,Data Scientist,Damia Group Ltd,it-jobs,contract,,London,2026-08-05 17:41:35+00,2026-08-06,2026-08-06,117000,143000,130000.000000000000
5829335285,Staff Forward Deployed Engineer,Matillion,engineering-jobs,,full_time,North West England,2026-08-05 17:41:29+00,2026-08-06,2026-08-06,84160,126240,105200.000000000000
5829135564,Data and Reporting Engineer,Hadleigh Timber Group,it-jobs,permanent,full_time,West Midlands,2026-08-05 15:17:35+00,2026-08-06,2026-08-06,50000,55000,52500.000000000000
5829135109,Databricks Data Engineer (Contract),Harnham - Data & Analytics Recruitment,it-jobs,contract,,London,2026-08-05 15:16:54+00,2026-08-06,2026-08-06,130000,143000,136500.000000000000
5829135037,Data Engineer,Hays Specialist Recruitment Limited,it-jobs,permanent,full_time,South East England,2026-08-05 15:16:47+00,2026-08-06,2026-08-06,55000,65000,60000.000000000000
5829134911,Machine Learning Engineer,Queen Square Recruitment Ltd,it-jobs,contract,,South East England,2026-08-05 15:16:33+00,2026-08-06,2026-08-06,119600,119600,119600.000000000000
5829131482,Data Scientist II,AXA Insurance Ltd.,it-jobs,permanent,,Northern Ireland,2026-08-05 15:10:55+00,2026-08-06,2026-08-06,45000,45000,45000.000000000000
5828936715,Data Analyst Trainee,ITOL Recruit,it-jobs,permanent,full_time,Eastern England,2026-08-05 11:19:41+00,2026-08-06,2026-08-06,30000,50000,40000.000000000000
5829063661,Data Engineer,Hays Technology,it-jobs,permanent,full_time,South East England,2026-08-05 13:27:53+00,2026-08-06,2026-08-06,55000,65000,60000.000000000000
5830015285,Embedded Machine Learning Engineer,KO2 Embedded Recruitment Solutions LTD,engineering-jobs,permanent,,Scotland,2026-08-06 05:08:18+00,2026-08-06,2026-08-06,70000,70000,70000.000000000000
5829923825,Software Verification Engineer,Hexwired Recruitment Limited,engineering-jobs,,full_time,South West England,2026-08-06 03:32:51+00,2026-08-06,2026-08-06,55000,65000,60000.000000000000
5829914443,Computer Vision Engineer,Hexwired Recruitment Limited,it-jobs,contract,full_time,London,2026-08-06 03:23:16+00,2026-08-06,2026-08-06,124800,166400,145600.000000000000
5828937460,Data Analyst Trainee,ITOL Recruit,it-jobs,permanent,full_time,Eastern England,2026-08-05 11:21:03+00,2026-08-06,2026-08-06,30000,50000,40000.000000000000
5828402686,Trainee Data Analyst No Experience Needed,NEWTO TRAINING LIMITED,it-jobs,,,,2026-08-05 00:52:26+00,2026-08-06,2026-08-06,65000,65000,65000.000000000000
5828936675,Data Analyst Trainee,ITOL Recruit,it-jobs,permanent,full_time,Eastern England,2026-08-05 11:19:35+00,2026-08-06,2026-08-06,30000,50000,40000.000000000000
5829861042,3D Data / Computer Vision Engineer,Focus Cloud Group,engineering-jobs,contract,full_time,London,2026-08-06 02:24:55+00,2026-08-06,2026-08-06,143000,182000,162500.000000000000
5828969613,Senior Data Analyst,WRK DIGITAL LTD,it-jobs,permanent,full_time,Yorkshire And The Humber,2026-08-05 11:32:26+00,2026-08-06,2026-08-06,60000,60000,60000.000000000000
5828937632,Trainee Data Analyst,ITOL Recruit,it-jobs,permanent,full_time,London,2026-08-05 11:21:34+00,2026-08-06,2026-08-06,30000,50000,40000.000000000000
5828936662,Data Analyst Trainee,ITOL Recruit,it-jobs,permanent,full_time,Eastern England,2026-08-05 11:19:33+00,2026-08-06,2026-08-06,30000,50000,40000.000000000000
5829402654,Governance Lead,Anson Mccade,it-jobs,permanent,,London,2026-08-05 21:10:15+00,2026-08-06,2026-08-06,100000,100000,100000.000000000000
5828937436,Data Analyst Trainee,ITOL Recruit,it-jobs,permanent,full_time,South West England,2026-08-05 11:21:00+00,2026-08-06,2026-08-06,30000,50000,40000.000000000000
5829861197,Senior Data Scientist - Insurance & Machine Learning & Pricing Analytics,William Alexander,it-jobs,permanent,full_time,London,2026-08-06 02:24:57+00,2026-08-06,2026-08-06,75000,92000,83500.000000000000
5829861112,Business & Marketing Data Scientist – Marketing Analytics - 4763,Career Moves Group,pr-advertising-marketing-jobs,contract,full_time,London,2026-08-06 02:24:56+00,2026-08-06,2026-08-06,113380,113380,113380.000000000000
5828936649,Data Analyst Trainee,ITOL Recruit,it-jobs,permanent,full_time,West Midlands,2026-08-05 11:19:32+00,2026-08-06,2026-08-06,30000,50000,40000.000000000000
5829860802,Data Tester,Trust in SODA,it-jobs,contract,full_time,London,2026-08-06 02:24:53+00,2026-08-06,2026-08-06,78000,91000,84500.000000000000
5829403223,AI Engineer Placement Programme No Experience Needed,IT Online Learning,it-jobs,,,London,2026-08-05 21:12:07+00,2026-08-06,2026-08-06,75000,75000,75000.000000000000
5829403224,AI Engineer Placement Programme No Experience Needed,IT Online Learning,it-jobs,,,Wales,2026-08-05 21:12:07+00,2026-08-06,2026-08-06,75000,75000,75000.000000000000
5830164199,Senior Geospatial Engineer | Outside IR35 | Remote,SR2 REC LTD,it-jobs,contract,full_time,London,2026-08-06 08:51:21+00,2026-08-06,2026-08-06,123500,123760,123630.000000000000
5829402388,AI Engineer Placement Programme No Experience Needed,IT Online Learning,it-jobs,permanent,,Wales,2026-08-05 21:09:39+00,2026-08-06,2026-08-06,75000,75000,75000.000000000000
5829402357,AI Engineer Placement Programme No Experience Needed,IT Online Learning,it-jobs,permanent,,North West England,2026-08-05 21:09:38+00,2026-08-06,2026-08-06,75000,75000,75000.000000000000
5828402691,Financial Data Analyst,Gibson Hollyhomes,it-jobs,,,Yorkshire And The Humber,2026-08-05 00:52:26+00,2026-08-05,2026-08-06,40000,40000,40000.000000000000
5828937510,Trainee Data Analyst,ITOL Recruit,it-jobs,permanent,full_time,East Midlands,2026-08-05 11:21:12+00,2026-08-06,2026-08-06,30000,50000,40000.000000000000
5828937498,Trainee Data Analyst,ITOL Recruit,it-jobs,permanent,full_time,West Midlands,2026-08-05 11:21:09+00,2026-08-06,2026-08-06,30000,50000,40000.000000000000
5829646673,Databricks Data Engineer (Contract),Tenth Revolution Group,it-jobs,contract,,London,2026-08-05 23:39:24+00,2026-08-06,2026-08-06,104000,104000,104000.000000000000
5829410802,Senior Geospatial Engineer,ISR RECRUITMENT LIMITED,it-jobs,contract,,,2026-08-05 21:21:46+00,2026-08-06,2026-08-06,123500,136500,130000.000000000000
5830015620,Senior Azure Data Engineer,Harvey Nash,it-jobs,permanent,,Yorkshire And The Humber,2026-08-06 05:09:11+00,2026-08-06,2026-08-06,65000,65000,65000.000000000000
5829646807,Azure Data Engineer,CODEVERSE LIMITED,it-jobs,permanent,full_time,London,2026-08-05 23:41:26+00,2026-08-06,2026-08-06,65000,91000,78000.000000000000
5829646778,Senior Analytics Engineer - Fabric,Harnham - Data & Analytics Recruitment,it-jobs,permanent,full_time,London,2026-08-05 23:40:56+00,2026-08-06,2026-08-06,65000,65000,65000.000000000000
5829336677,AI Technical Lead,Orphalan,it-jobs,,full_time,London,2026-08-05 17:44:13+00,2026-08-06,2026-08-06,50000,70000,60000.000000000000
5829323133,Principal AI Engineer,Hackajob Ltd,it-jobs,permanent,,West Midlands,2026-08-05 17:17:48+00,2026-08-06,2026-08-06,100000,100000,100000.000000000000
5829924053,Embedded Linux Engineer,Hexwired Recruitment Limited,engineering-jobs,,full_time,South East England,2026-08-06 03:33:49+00,2026-08-06,2026-08-06,65000,75000,70000.000000000000
5829403326,Senior AI Governance Consultant,Anson Mccade,it-jobs,,,South West England,2026-08-05 21:12:37+00,2026-08-06,2026-08-06,95000,95000,95000.000000000000
5829777347,Senior Project Controls Engineer - London,Build Maintain Recruit Limited,engineering-jobs,permanent,full_time,London,2026-08-06 01:27:41+00,2026-08-06,2026-08-06,60000,70000,65000.000000000000
5829373981,Contract AI Software Engineer - DV Cleared,Searchability NS&D,it-jobs,contract,,London,2026-08-05 19:20:17+00,2026-08-06,2026-08-06,117000,169000,143000.000000000000
5829404044,Trainee AI Engineer No Experience Needed,IT Online Learning,it-jobs,,,,2026-08-05 21:15:43+00,2026-08-06,2026-08-06,75000,75000,75000.000000000000
5829403323,Senior AI Governance Consultant,Anson Mccade,it-jobs,,,Scotland,2026-08-05 21:12:37+00,2026-08-06,2026-08-06,95000,95000,95000.000000000000
5829403324,Senior AI Governance Consultant,Anson Mccade,it-jobs,,,North West England,2026-08-05 21:12:37+00,2026-08-06,2026-08-06,95000,95000,95000.000000000000
5829340854,"Data Scientist, Retrieval & Agentic Systems",Kharon,it-jobs,,full_time,London,2026-08-05 17:57:14+00,2026-08-06,2026-08-06,90000,105000,97500.000000000000
5829341163,Residual Value Model Delivery Manager - 12 Month Secondment / FTC,Lloyds Bank,it-jobs,contract,full_time,,2026-08-05 17:59:00+00,2026-08-06,2026-08-06,61344,68160,64752.000000000000
5829339893,Strategic Sourcing Principal,Microsoft,it-jobs,contract,full_time,London,2026-08-05 17:54:08+00,2026-08-06,2026-08-06,113600,213700,163650.000000000000
5829338007,"AI Engineer, Retrieval & Agentic Systems",Kharon,it-jobs,,full_time,London,2026-08-05 17:47:45+00,2026-08-06,2026-08-06,90000,105000,97500.000000000000
5829372998,Senior Risk Analyst,Mactech Energy Group,it-jobs,,,,2026-08-05 19:13:28+00,2026-08-06,2026-08-06,109096,151868,130482.000000000000
5829374377,Tech Lead - Power Platform,rated traders ltd,it-jobs,,,London,2026-08-05 19:23:59+00,2026-08-06,2026-08-06,114400,135200,124800.000000000000
5829340839,Senior Ads Sales Planning & Operations Manager,Trainline,sales-jobs,,full_time,London,2026-08-05 17:57:11+00,2026-08-06,2026-08-06,75000,85000,80000.000000000000
5829599865,Pricing Data Engineer,Sellick Partnership,it-jobs,contract,,London,2026-08-05 22:57:40+00,2026-08-06,2026-08-06,130000,130000,130000.000000000000
5829329703,Senior Software Developer,Ackerman Pierce Ltd,it-jobs,contract,,London,2026-08-05 17:28:12+00,2026-08-06,2026-08-06,130000,156000,143000.000000000000
5829134936,IT Support Analyst,Right Now Group,it-jobs,contract,,,2026-08-05 15:16:36+00,2026-08-06,2026-08-06,28000,30000,29000.000000000000
5829116347,Graduate Corporate Strategy Associate,Regal Brooke Limited,graduate-jobs,permanent,full_time,London,2026-08-05 14:55:01+00,2026-08-06,2026-08-06,42000,55000,48500.000000000000
5829115658,Chief Operating Officer,Candidate Source - TEAM,accounting-finance-jobs,permanent,full_time,West Midlands,2026-08-05 14:53:18+00,2026-08-06,2026-08-06,120000,160000,140000.000000000000
5829064159,Business Development Executive - automotive,Cortech Talent Solutions,sales-jobs,,full_time,Eastern England,2026-08-05 13:28:42+00,2026-08-06,2026-08-06,45000,50000,47500.000000000000
5829062535,Chief Operating Officer,TEAM,accounting-finance-jobs,,full_time,West Midlands,2026-08-05 13:22:57+00,2026-08-06,2026-08-06,120000,160000,140000.000000000000
5829138307,Senior Data Engineer,TALENT ZONE LTD,it-jobs,,,London,2026-08-05 15:19:09+00,2026-08-06,2026-08-06,208000,208260,208130.000000000000
5828971911,IT Data & Platform Engineer,Fawkes & Reece London,it-jobs,permanent,full_time,London,2026-08-05 11:32:43+00,2026-08-06,2026-08-06,60000,70000,65000.000000000000
5828971586,Senior Analytics Engineer,Tech 4,it-jobs,,full_time,Eastern England,2026-08-05 11:32:41+00,2026-08-06,2026-08-06,65000,65000,65000.000000000000
5828971021,Business Intelligence Developer,Teign Housing,it-jobs,contract,full_time,South West England,2026-08-05 11:32:36+00,2026-08-06,2026-08-06,40000,40000,40000.000000000000
5828970432,Business Intelligence Officer,Essential Employment,it-jobs,,full_time,North East England,2026-08-05 11:32:33+00,2026-08-06,2026-08-06,36333,46022,41177.500000000000
5828969460,AI Integration Engineer,Bennett and Game Recruitment LTD,it-jobs,,full_time,South East England,2026-08-05 11:32:25+00,2026-08-06,2026-08-06,40000,55000,47500.000000000000
5828969428,AI Engineer - Automation - Leeds,Oscar Associates  Limited,it-jobs,,full_time,Yorkshire And The Humber,2026-08-05 11:32:25+00,2026-08-06,2026-08-06,50000,50000,50000.000000000000
5828929819,Trainee Pricing Analyst,Biffa Waste Services,accounting-finance-jobs,permanent,full_time,East Midlands,2026-08-05 10:48:27+00,2026-08-06,2026-08-06,24000,27000,25500.000000000000
5828828333,Trainee Communications Coordinator,Impellam Internal - Apply Online,pr-advertising-marketing-jobs,permanent,full_time,Eastern England,2026-08-05 08:50:28+00,2026-08-05,2026-08-06,18000,26000,22000.000000000000
5828767991,Trainee Communications Coordinator,HeadFirst B.V.,pr-advertising-marketing-jobs,permanent,full_time,London,2026-08-05 06:28:04+00,2026-08-05,2026-08-06,18000,26000,22000.000000000000
5828767982,Trainee Communications Coordinator,HeadFirst B.V.,pr-advertising-marketing-jobs,permanent,full_time,Eastern England,2026-08-05 06:28:04+00,2026-08-05,2026-08-06,18000,26000,22000.000000000000
5828599184,Trainee Communications Coordinator,Impellam Internal - Apply Online,pr-advertising-marketing-jobs,permanent,full_time,South East England,2026-08-05 02:50:33+00,2026-08-05,2026-08-06,18000,26000,22000.000000000000
5828406611,Facilities Management Operations & Systems Lead,L H Pink Consulting Ltd,it-jobs,contract,,London,2026-08-05 00:53:10+00,2026-08-05,2026-08-06,75000,75000,75000.000000000000
5828402671,CONTRACT BI ANALYST - INSIDE IR35,Searchability  Ltd,it-jobs,contract,,South West England,2026-08-05 00:52:26+00,2026-08-05,2026-08-06,143000,156000,149500.000000000000
5828354772,Facilities Management Operations & Systems Lead,L H Pink Consulting Ltd,it-jobs,contract,,London,2026-08-04 23:32:55+00,2026-08-05,2026-08-06,75000,75000,75000.000000000000
5828310523,Trainee Communications Coordinator,Internal Guidant,pr-advertising-marketing-jobs,permanent,full_time,Eastern England,2026-08-04 22:50:51+00,2026-08-05,2026-08-06,18000,26000,22000.000000000000
5828200169,Business Improvement Partner,Hafod Housing Association Limited,it-jobs,permanent,full_time,Wales,2026-08-04 22:31:04+00,2026-08-05,2026-08-06,40365,40365,40365.000000000000
5828172145,Trainee Communications Coordinator,Guidant,pr-advertising-marketing-jobs,,full_time,Eastern England,2026-08-04 21:24:58+00,2026-08-05,2026-08-06,18000,26000,22000.000000000000
5828143692,Power BI Developer - Sales Operations,MCS Group,it-jobs,,,Northern Ireland,2026-08-04 20:05:24+00,2026-08-05,2026-08-06,60000,60000,60000.000000000000
5828143682,Finance Systems and Reporting Lead,Inspire,it-jobs,,,Northern Ireland,2026-08-04 20:05:24+00,2026-08-05,2026-08-06,50000,50000,50000.000000000000
5828129961,Trainee Communications Coordinator,Guidant,pr-advertising-marketing-jobs,,full_time,London,2026-08-04 19:24:15+00,2026-08-05,2026-08-06,18000,26000,22000.000000000000
5828128090,Sales Account Manager,Taylorollinson,sales-jobs,permanent,full_time,London,2026-08-04 19:20:18+00,2026-08-05,2026-08-06,35000,40000,37500.000000000000
5828118123,Trainee Communications Coordinator,Internal Guidant,pr-advertising-marketing-jobs,permanent,full_time,South East England,2026-08-04 18:55:11+00,2026-08-05,2026-08-06,18000,26000,22000.000000000000
5828118116,Head of Finance Systems,Jackson Hogg,it-jobs,permanent,full_time,North East England,2026-08-04 18:55:08+00,2026-08-05,2026-08-06,95000,115000,105000.000000000000
5828117474,Data Management Coordinator,GXO Logistics,it-jobs,permanent,full_time,South West England,2026-08-04 18:54:05+00,2026-08-05,2026-08-06,37000,37000,37000.000000000000
5828115860,FP&A Business Partner,Reed,accounting-finance-jobs,permanent,full_time,South East England,2026-08-04 18:50:37+00,2026-08-05,2026-08-06,60000,70000,65000.000000000000
5829780628,Lead Data Scientist,Fulcrum Digital,it-jobs,permanent,,London,2026-08-06 01:31:28+00,2026-08-06,2026-08-06,50000,70000,60000.000000000000
5828115098,Data Insight Enablement Lead,Reed,it-jobs,permanent,full_time,Yorkshire And The Humber,2026-08-04 18:49:19+00,2026-08-05,2026-08-06,58760,58760,58760.000000000000
5828022695,Data and Systems Analyst,Ashley Community Housing,it-jobs,contract,full_time,South West England,2026-08-04 16:53:14+00,2026-08-05,2026-08-06,28000,28000,28000.000000000000
5829338740,Senior Python/Software Engineer with progression to tech lead.,Herdify,it-jobs,,full_time,South West England,2026-08-05 17:50:01+00,2026-08-06,2026-08-06,60000,70000,65000.000000000000
5829404065,Senior AI Governance Consultant,Anson Mccade,it-jobs,,,London,2026-08-05 21:16:00+00,2026-08-06,2026-08-06,95000,95000,95000.000000000000
5829646594,Senior Analytics Engineer,Harnham - Data & Analytics Recruitment,it-jobs,permanent,full_time,South East England,2026-08-05 23:37:04+00,2026-08-06,2026-08-06,60000,65000,62500.000000000000
5829404067,Director of Financial Crime,Adria Solutions,it-jobs,,,North West England,2026-08-05 21:16:02+00,2026-08-06,2026-08-06,100000,100000,100000.000000000000
5830185995,Packet Core Engineer,ECS,it-jobs,contract,,South East England,2026-08-06 09:15:06+00,2026-08-06,2026-08-06,130000,143000,136500.000000000000
5830169584,Financial Analyst,Target,accounting-finance-jobs,,,Wales,2026-08-06 08:58:34+00,2026-08-06,2026-08-06,35000,45000,40000.000000000000
5830163633,CRM Executive - Temporary Role,Handle Recruitment,pr-advertising-marketing-jobs,permanent,full_time,London,2026-08-06 08:50:05+00,2026-08-06,2026-08-06,30000,35000,32500.000000000000
5829374442,Business Intelligence (BI) Analyst,Local Pensions Partnership,it-jobs,permanent,full_time,North West England,2026-08-05 19:24:15+00,2026-08-06,2026-08-06,30000,35000,32500.000000000000
5830155405,Senior Estimator (Civil Engineering),HAYS Specialist Recruitment,trade-construction-jobs,permanent,,Northern Ireland,2026-08-06 08:19:05+00,2026-08-06,2026-08-06,85000,85000,85000.000000000000
5829393093,IT Support Analyst,Right Now Recruitment,it-jobs,contract,full_time,London,2026-08-05 20:50:40+00,2026-08-06,2026-08-06,28000,30000,29000.000000000000
5829772050,Chief Operating Officer,TEAM,accounting-finance-jobs,permanent,full_time,West Midlands,2026-08-06 01:18:34+00,2026-08-06,2026-08-06,100000,100000,100000.000000000000
5829685462,Business Intelligence Analyst,SSE,it-jobs,permanent,full_time,South East England,2026-08-06 00:31:57+00,2026-08-06,2026-08-06,50964,60899,55931.500000000000
5830135706,Reliability Engineer,Pioneer Selection Ltd,engineering-jobs,permanent,,Wales,2026-08-06 07:15:35+00,2026-08-06,2026-08-06,50000,52000,51000.000000000000
5830017054,Area Manager,Zachary Daniels,consultancy-jobs,,,West Midlands,2026-08-06 05:13:45+00,2026-08-06,2026-08-06,70000,70000,70000.000000000000
5831512909,Entry Level Data Consultant No Experience Required,NEWTO TRAINING LIMITED,it-jobs,permanent,,London,2026-08-07 05:11:14+00,2026-08-07,2026-08-07,65000,65000,65000.000000000000
5830041638,HR Generalist,Instant On IT,hr-jobs,permanent,full_time,London,2026-08-06 06:10:20+00,2026-08-06,2026-08-06,45000,52000,48500.000000000000
5831512901,Junior Data Analyst (SC-Cleared),Pigment Consulting,it-jobs,contract,,South West England,2026-08-07 05:11:14+00,2026-08-07,2026-08-07,104000,117000,110500.000000000000
5831512575,Entry Level Data Consultant No Experience Required,NEWTO TRAINING LIMITED,it-jobs,permanent,,North West England,2026-08-07 05:10:33+00,2026-08-07,2026-08-07,65000,65000,65000.000000000000
5831512566,Entry Level Data Consultant No Experience Required,NEWTO TRAINING LIMITED,it-jobs,permanent,,West Midlands,2026-08-07 05:10:31+00,2026-08-07,2026-08-07,65000,65000,65000.000000000000
5831512570,Data Analyst Placement Programme No Experience Needed,IT Online Learning,it-jobs,permanent,,Yorkshire And The Humber,2026-08-07 05:10:31+00,2026-08-07,2026-08-07,65000,65000,65000.000000000000
5830332704,Data Analyst,Creative Car Park Ltd,it-jobs,permanent,full_time,London,2026-08-06 11:39:46+00,2026-08-07,2026-08-07,30000,30000,30000.000000000000
5829604793,Sustainability Analyst,Zachary Daniels,consultancy-jobs,permanent,full_time,East Midlands,2026-08-05 22:58:30+00,2026-08-06,2026-08-07,35000,35000,35000.000000000000
5829585484,Finance Data Analyst,Orka Financial,accounting-finance-jobs,contract,,South East England,2026-08-05 22:55:25+00,2026-08-06,2026-08-07,30000,35000,32500.000000000000
5829584555,Sustainability Analyst,Zachary Daniels,consultancy-jobs,permanent,full_time,Yorkshire And The Humber,2026-08-05 22:55:17+00,2026-08-06,2026-08-07,35000,35000,35000.000000000000
5829404268,Entry Level Data Consultant No Experience Required,NEWTO TRAINING LIMITED,it-jobs,,,London,2026-08-05 21:17:10+00,2026-08-06,2026-08-07,65000,65000,65000.000000000000
5829404076,Data Analyst Placement Programme No Experience Needed,IT Online Learning,it-jobs,,,London,2026-08-05 21:16:03+00,2026-08-06,2026-08-07,65000,65000,65000.000000000000
5829404074,Entry Level Data Consultant No Experience Required,NEWTO TRAINING LIMITED,it-jobs,,,London,2026-08-05 21:16:03+00,2026-08-06,2026-08-07,65000,65000,65000.000000000000
5829404075,Entry Level Data Consultant No Experience Required,NEWTO TRAINING LIMITED,it-jobs,,,London,2026-08-05 21:16:03+00,2026-08-06,2026-08-07,65000,65000,65000.000000000000
5829403802,Trainee Data Analyst No experience needed,IT Online Learning,it-jobs,,,,2026-08-05 21:14:48+00,2026-08-06,2026-08-07,65000,65000,65000.000000000000
5829393167,Junior Data Consultant,Sparta Global Limited,it-jobs,permanent,full_time,Yorkshire And The Humber,2026-08-05 20:50:51+00,2026-08-06,2026-08-07,25000,25000,25000.000000000000
5829374055,Data Analyst,red recruitment,it-jobs,permanent,,South West England,2026-08-05 19:21:02+00,2026-08-06,2026-08-07,31200,31200,31200.000000000000
5829372932,Project Manager - Water Efficiency,Equals One Ltd,trade-construction-jobs,permanent,full_time,North East England,2026-08-05 19:12:53+00,2026-08-06,2026-08-07,35000,45000,40000.000000000000
5829370202,Logistics Data Analyst,Outsource UK,it-jobs,contract,full_time,East Midlands,2026-08-05 18:55:04+00,2026-08-06,2026-08-07,37440,37440,37440.000000000000
5829370153,"Graduate Scheme - Finance, Accounting and Analytics",Agility,graduate-jobs,permanent,full_time,North West England,2026-08-05 18:54:32+00,2026-08-06,2026-08-07,28000,33000,30500.000000000000
5849684445,Lead Data Scientist,Lloyds Bank,it-jobs,,full_time,,2026-08-20 16:22:36+00,2026-08-21,2026-08-21,92701,109060,100880.500000000000
5829327869,Project Manager - Water Efficiency,Aqualogic  Ltd,trade-construction-jobs,permanent,full_time,Yorkshire And The Humber,2026-08-05 17:24:44+00,2026-08-06,2026-08-07,35000,45000,40000.000000000000
5829136347,Systems Data Analyst – SQL / NoSQL / Data Migration,Precise Placements,it-jobs,contract,,London,2026-08-05 15:17:56+00,2026-08-06,2026-08-07,91000,109200,100100.000000000000
5829135276,Data Engineer,Oscar Technology,it-jobs,permanent,full_time,London,2026-08-05 15:17:14+00,2026-08-06,2026-08-07,60000,80000,70000.000000000000
5829135139,Data Analyst,Red Recruitment,it-jobs,contract,,South West England,2026-08-05 15:16:57+00,2026-08-06,2026-08-07,31200,31200,31200.000000000000
5829131501,Data Analyst,MCS Group,it-jobs,,,Northern Ireland,2026-08-05 15:10:55+00,2026-08-06,2026-08-07,30000,30000,30000.000000000000
5829060318,Senior Data Analyst,Hunter Selection,it-jobs,contract,full_time,London,2026-08-05 13:14:42+00,2026-08-06,2026-08-07,65000,75000,70000.000000000000
5831609677,Data Engineer,All Your BI,it-jobs,permanent,full_time,,2026-08-07 06:27:33+00,2026-08-07,2026-08-07,38400,48000,43200.000000000000
5830331278,Data Analyst,HackerEarth,it-jobs,,full_time,London,2026-08-06 11:39:31+00,2026-08-07,2026-08-07,35000,50000,42500.000000000000
5829376627,Sustainability Analyst,Zachary Daniels Recruitment,consultancy-jobs,,full_time,Yorkshire And The Humber,2026-08-05 19:32:57+00,2026-08-06,2026-08-07,35000,35000,35000.000000000000
5829374103,Project Manager - Water Efficiency,Equals One,trade-construction-jobs,permanent,full_time,Yorkshire And The Humber,2026-08-05 19:21:39+00,2026-08-06,2026-08-07,35000,45000,40000.000000000000
5830016894,Entry Level Data Consultant No Experience Required,NEWTO TRAINING LIMITED,it-jobs,,,London,2026-08-06 05:13:12+00,2026-08-06,2026-08-07,65000,65000,65000.000000000000
5830845225,AI Implementation Engineer ( Data Science / ML Background),Adria Solutions,it-jobs,permanent,full_time,North West England,2026-08-06 19:26:17+00,2026-08-07,2026-08-07,65000,95000,80000.000000000000
5829120140,Graduate Investment Data Analyst Programme Central London,Regal Brooke Limited,graduate-jobs,permanent,full_time,London,2026-08-05 15:00:53+00,2026-08-06,2026-08-07,42000,50000,46000.000000000000
5830016492,Data Analyst Placement Programme No Experience Needed,IT Online Learning,it-jobs,,,Wales,2026-08-06 05:11:43+00,2026-08-06,2026-08-07,65000,65000,65000.000000000000
5829613250,Data Analyst Manager - Finance,Trace | Expert Accountancy & Finance Recruitment,accounting-finance-jobs,permanent,full_time,London,2026-08-05 22:59:57+00,2026-08-06,2026-08-07,90000,100000,95000.000000000000
5830015740,Entry Level Data Consultant No Experience Required,NEWTO TRAINING LIMITED,it-jobs,permanent,,South West England,2026-08-06 05:09:33+00,2026-08-07,2026-08-07,65000,65000,65000.000000000000
5829049894,Data Lead,Tarmac,it-jobs,,,East Midlands,2026-08-05 12:28:50+00,2026-08-06,2026-08-07,39843,52487,46165.000000000000
5829062601,Interim Finance Data Analyst,Vivid Resourcing Ltd,it-jobs,contract,,London,2026-08-05 13:23:42+00,2026-08-06,2026-08-07,130000,208000,169000.000000000000
5830848076,Senior Data Engineer,Michael Page,it-jobs,permanent,full_time,North West England,2026-08-06 19:36:19+00,2026-08-07,2026-08-07,58000,63000,60500.000000000000
5830845210,Data Engineer,Connells Group HQ,it-jobs,permanent,full_time,South East England,2026-08-06 19:26:15+00,2026-08-07,2026-08-07,45000,55000,50000.000000000000
5830845142,Head of Data,Michael Page Technology,it-jobs,permanent,full_time,Yorkshire And The Humber,2026-08-06 19:26:00+00,2026-08-07,2026-08-07,75000,90000,82500.000000000000
5830845071,Senior Data Engineer,Michael Page Technology,it-jobs,permanent,full_time,North West England,2026-08-06 19:25:49+00,2026-08-07,2026-08-07,58000,63000,60500.000000000000
5830786808,Senior/Strategic Digital Analytics Consultant - UK,Quantum Metric,consultancy-jobs,,full_time,London,2026-08-06 17:51:00+00,2026-08-07,2026-08-07,80000,130000,105000.000000000000
5830786696,Change Control Manager,CoreWeave,engineering-jobs,permanent,full_time,,2026-08-06 17:50:07+00,2026-08-07,2026-08-07,109000,145000,127000.000000000000
5830786040,Data Scientist - iwocaPay Risk Squad,iwoca,it-jobs,,full_time,London,2026-08-06 17:44:07+00,2026-08-07,2026-08-07,60000,80000,70000.000000000000
5830783847,Senior Analytics Engineer,Accurx,it-jobs,,full_time,London,2026-08-06 17:35:08+00,2026-08-07,2026-08-07,85000,105000,95000.000000000000
5830781646,AI Implementation Engineer ( Data Science / ML Background),Adria Solutions Ltd,it-jobs,,full_time,North West England,2026-08-06 17:27:20+00,2026-08-07,2026-08-07,65000,95000,80000.000000000000
5830781650,Head of Data,Michael Page,it-jobs,,full_time,Yorkshire And The Humber,2026-08-06 17:27:20+00,2026-08-07,2026-08-07,75000,90000,82500.000000000000
5830563000,Azure Pre-Sales Solution Architect,Teksystems,sales-jobs,,full_time,London,2026-08-06 15:33:45+00,2026-08-07,2026-08-07,100000,120000,110000.000000000000
5830538767,Data Engineer,Adecco,it-jobs,contract,,London,2026-08-06 15:24:06+00,2026-08-07,2026-08-07,117000,117000,117000.000000000000
5830502974,Data Engineer with C# Dot Net asp.net with SQL Server SSRS and Power BI (IT),Nexus Jobs Limited,it-jobs,contract,,London,2026-08-06 14:28:11+00,2026-08-07,2026-08-07,70000,70000,70000.000000000000
5830421864,Senior Data Engineer,Sellick Partnership,it-jobs,contract,,North East England,2026-08-06 13:28:24+00,2026-08-07,2026-08-07,60000,60000,60000.000000000000
5830421360,Senior Data Engineer (Snowflake),Experis,it-jobs,permanent,full_time,London,2026-08-06 13:27:54+00,2026-08-07,2026-08-07,70000,90000,80000.000000000000
5830421356,Data Engineer,Infinitive Resources,it-jobs,contract,,Yorkshire And The Humber,2026-08-06 13:27:54+00,2026-08-07,2026-08-07,91000,117000,104000.000000000000
5830421028,Contract Data Platform Engineer,Connells Group HQ,it-jobs,,,South East England,2026-08-06 13:27:36+00,2026-08-07,2026-08-07,104000,117000,110500.000000000000
5830419327,Data Engineer,Adecco,it-jobs,contract,,London,2026-08-06 13:25:37+00,2026-08-07,2026-08-07,117000,117000,117000.000000000000
5830414946,Data Privacy Consultant,Anson Mccade,it-jobs,permanent,,Scotland,2026-08-06 13:13:32+00,2026-08-07,2026-08-07,100000,100000,100000.000000000000
5830414445,AI Deployment Engineer,Emponics,it-jobs,,,South West England,2026-08-06 13:11:42+00,2026-08-07,2026-08-07,100000,100000,100000.000000000000
5830412140,AI Deployment Engineer,Emponics,it-jobs,permanent,,South West England,2026-08-06 13:09:18+00,2026-08-07,2026-08-07,100000,100000,100000.000000000000
5830411766,Lead AI Engineer,Hackajob Ltd,it-jobs,permanent,,Northern Ireland,2026-08-06 13:08:45+00,2026-08-07,2026-08-07,90000,90000,90000.000000000000
5830332739,Data Modeller / GraphQL Developer,Experis,it-jobs,contract,full_time,London,2026-08-06 11:39:46+00,2026-08-07,2026-08-07,60000,90000,75000.000000000000
5830332650,C++ Software Developer Data Infrastructure,Ncounter Limited,it-jobs,,full_time,London,2026-08-06 11:39:46+00,2026-08-07,2026-08-07,65000,105000,85000.000000000000
5830332473,IT Data & Platform Engineer,Frontpoint Partners Ltd,it-jobs,,full_time,London,2026-08-06 11:39:44+00,2026-08-07,2026-08-07,70000,80000,75000.000000000000
5830332540,Software Developer,Pontoon,it-jobs,contract,full_time,London,2026-08-06 11:39:44+00,2026-08-07,2026-08-07,50000,80000,65000.000000000000
5830332359,Senior AWS Data Engineer (Fixed Term Contract),Microlise,it-jobs,contract,,East Midlands,2026-08-06 11:39:43+00,2026-08-07,2026-08-07,20000,60000,40000.000000000000
5830332404,AWS Cloud Engineer,Lightfoot,it-jobs,,full_time,South West England,2026-08-06 11:39:43+00,2026-08-07,2026-08-07,26000,66000,46000.000000000000
5831512228,AI Engineer Placement Programme No Experience Needed,IT Online Learning,it-jobs,permanent,,Scotland,2026-08-07 05:09:53+00,2026-08-07,2026-08-07,75000,75000,75000.000000000000
5831512222,AI Engineer Placement Programme No Experience Needed,IT Online Learning,it-jobs,permanent,,Wales,2026-08-07 05:09:53+00,2026-08-07,2026-08-07,75000,75000,75000.000000000000
5831512324,AI Engineer Placement Programme No Experience Needed,IT Online Learning,it-jobs,permanent,,West Midlands,2026-08-07 05:10:06+00,2026-08-07,2026-08-07,75000,75000,75000.000000000000
5830331734,Senior Data Engineer Microsoft Azure Data,Huxley Associates,it-jobs,permanent,full_time,London,2026-08-06 11:39:36+00,2026-08-07,2026-08-07,70000,100000,85000.000000000000
5831369554,Senior Data Scientist - Insurance & Machine Learning & Pricing Analytics,William Alexander,it-jobs,permanent,full_time,London,2026-08-07 02:22:28+00,2026-08-07,2026-08-07,75000,92000,83500.000000000000
5830331803,Lead Data Engineer,Hatched Recruitment Group,it-jobs,,full_time,Yorkshire And The Humber,2026-08-06 11:39:37+00,2026-08-07,2026-08-07,80000,95000,87500.000000000000
5831302836,Data Scientist,Method-Resourcing,it-jobs,permanent,,Yorkshire And The Humber,2026-08-07 01:18:43+00,2026-08-07,2026-08-07,70000,70000,70000.000000000000
5831302843,Senior Pricing and Data Science Analyst,The Medical Protection Society,accounting-finance-jobs,permanent,full_time,Yorkshire And The Humber,2026-08-07 01:18:43+00,2026-08-07,2026-08-07,60000,60000,60000.000000000000
5830973671,Performance Advisor,UK Sport,consultancy-jobs,,,London,2026-08-06 22:41:33+00,2026-08-07,2026-08-07,61800,61800,61800.000000000000
5830868214,Senior Data Scientist - Workday Products,Hackajob Ltd,it-jobs,permanent,,Northern Ireland,2026-08-06 21:10:48+00,2026-08-07,2026-08-07,90000,90000,90000.000000000000
5830332509,Technical Business Analyst,83zero Ltd,it-jobs,permanent,full_time,South East England,2026-08-06 11:39:44+00,2026-08-07,2026-08-07,50000,55000,52500.000000000000
5830867962,AI Engineer Placement Programme No Experience Needed,IT Online Learning,it-jobs,permanent,,North West England,2026-08-06 21:10:13+00,2026-08-07,2026-08-07,75000,75000,75000.000000000000
5830867961,AI Engineer Placement Programme No Experience Needed,IT Online Learning,it-jobs,permanent,,Yorkshire And The Humber,2026-08-06 21:10:12+00,2026-08-07,2026-08-07,75000,75000,75000.000000000000
5830414945,Data Privacy Consultant,Anson Mccade,it-jobs,permanent,,North West England,2026-08-06 13:13:32+00,2026-08-07,2026-08-07,100000,100000,100000.000000000000
5830414944,Data Privacy Consultant,Anson Mccade,it-jobs,permanent,,South West England,2026-08-06 13:13:32+00,2026-08-07,2026-08-07,100000,100000,100000.000000000000
5830846427,Senior Pricing and Data Science Analyst,Medical Protection Society,accounting-finance-jobs,permanent,full_time,Yorkshire And The Humber,2026-08-06 19:28:44+00,2026-08-07,2026-08-07,45000,60000,52500.000000000000
5830331722,Staff Data Engineer,Corecom Consulting,it-jobs,,full_time,Yorkshire And The Humber,2026-08-06 11:39:36+00,2026-08-07,2026-08-07,125000,140000,132500.000000000000
5830845157,Machine Learning Engineer,Hexwired Recruitment Limited,it-jobs,,full_time,London,2026-08-06 19:26:03+00,2026-08-07,2026-08-07,80000,120000,100000.000000000000
5830844927,Machine Learning Engineer,Method Resourcing,it-jobs,permanent,full_time,Yorkshire And The Humber,2026-08-06 19:25:02+00,2026-08-07,2026-08-07,60000,70000,65000.000000000000
5830844749,AI Test Engineer (SC Cleared),Morgan Hunt Recruitment,it-jobs,contract,,London,2026-08-06 19:24:14+00,2026-08-07,2026-08-07,182000,182000,182000.000000000000
5830788107,"Director, Data Strategy",Kent State,pr-advertising-marketing-jobs,,full_time,,2026-08-06 18:01:24+00,2026-08-07,2026-08-07,77158,97118,87138.000000000000
5830787989,"Clinical Study Data Lead - London, UK",Novartis,scientific-qa-jobs,,full_time,London,2026-08-06 18:00:36+00,2026-08-07,2026-08-07,49140,91260,70200.000000000000
5830787540,Technical Implementation Consultant,Hook,it-jobs,,full_time,London,2026-08-06 17:56:58+00,2026-08-07,2026-08-07,60000,75000,67500.000000000000
5830015739,Data Analyst Placement Programme No Experience Needed,IT Online Learning,it-jobs,permanent,,West Midlands,2026-08-06 05:09:33+00,2026-08-07,2026-08-07,65000,65000,65000.000000000000
5830786049,Back End Tech Lead - Funnel Platform,iwoca,it-jobs,,full_time,London,2026-08-06 17:44:15+00,2026-08-07,2026-08-07,90000,120000,105000.000000000000
5831512223,AI Engineer Placement Programme No Experience Needed,IT Online Learning,it-jobs,permanent,,London,2026-08-07 05:09:53+00,2026-08-07,2026-08-07,75000,75000,75000.000000000000
5830779924,Senior AI Governance Consultant,Anson Mccade,it-jobs,permanent,,North West England,2026-08-06 17:19:59+00,2026-08-07,2026-08-07,95000,95000,95000.000000000000
5830331758,Information Systems Analyst,Thera Trust,it-jobs,permanent,full_time,East Midlands,2026-08-06 11:39:36+00,2026-08-07,2026-08-07,38414,38414,38414.000000000000
5830786939,"Junior Merchandiser, Womens Brands",John Lewis,retail-jobs,permanent,full_time,London,2026-08-06 17:52:03+00,2026-08-07,2026-08-07,34000,51100,42550.000000000000
5830786527,20774 - Data Transformation Manager - Legal Aid Agency,Ministry of Justice,it-jobs,contract,part_time,London,2026-08-06 17:48:26+00,2026-08-07,2026-08-07,42914,46182,44548.000000000000
5830786165,Business Intelligence Manager,Lloyds Bank,it-jobs,,full_time,,2026-08-06 17:45:17+00,2026-08-07,2026-08-07,67000,74400,70700.000000000000
5830785970,Head of Service - Risk Management & Business Unit,Lancashire County Council,consultancy-jobs,permanent,full_time,North West England,2026-08-06 17:43:30+00,2026-08-07,2026-08-07,77833,85119,81476.000000000000
5830785638,Business Insight Analyst,Autotrader,it-jobs,,,North West England,2026-08-06 17:41:49+00,2026-08-07,2026-08-07,40000,45000,42500.000000000000
5830781376,Business Intelligence Analyst,Police Scotland,it-jobs,contract,part_time,Scotland,2026-08-06 17:26:56+00,2026-08-07,2026-08-07,39590,39590,39590.000000000000
5830781344,Business Intelligence Analyst,Lioness Recruitment Ltd,it-jobs,,full_time,South East England,2026-08-06 17:26:46+00,2026-08-07,2026-08-07,37500,38400,37950.000000000000
5830574689,Business Intelligence Analyst,Police Scotland,it-jobs,contract,part_time,,2026-08-06 15:54:30+00,2026-08-07,2026-08-07,39590,,
5830520424,Technical Product & Platform Manager,GRS - Global Recruitment Solutions,it-jobs,permanent,full_time,London,2026-08-06 15:03:06+00,2026-08-07,2026-08-07,65000,75000,70000.000000000000
5831187075,Finance Systems Analyst / BI Developer (PowerBI),Michael Page Technology,it-jobs,permanent,full_time,South West England,2026-08-06 23:29:55+00,2026-08-07,2026-08-07,55000,70000,62500.000000000000
5830421432,Senior Data Performance Analyst,Lorien,it-jobs,contract,,South West England,2026-08-06 13:28:01+00,2026-08-07,2026-08-07,83200,83200,83200.000000000000
5830412392,Senior Risk Analyst,Mactech Energy Group,it-jobs,contract,,South West England,2026-08-06 13:09:32+00,2026-08-07,2026-08-07,109096,151868,130482.000000000000
5830528988,Trainee Software Developer,ITOL Recruit,it-jobs,permanent,full_time,,2026-08-06 15:13:23+00,2026-08-07,2026-08-07,27000,35000,31000.000000000000
5830528999,Coding and Programming Trainee,ITOL Recruit,it-jobs,permanent,full_time,,2026-08-06 15:13:23+00,2026-08-07,2026-08-07,26000,35000,30500.000000000000
5831513881,AI Quality Assurance Lead - SC Cleared,Henderson Scott,it-jobs,contract,,London,2026-08-07 05:13:58+00,2026-08-07,2026-08-07,156000,169000,162500.000000000000
5830341046,Senior Data and Performance Analyst,Slough Borough Council,social-work-jobs,permanent,full_time,South East England,2026-08-06 11:41:17+00,2026-08-07,2026-08-07,41873,47238,44555.500000000000
5830332067,Business Intelligence Analyst,ROSE & YOUNG RECRUITMENT LTD,sales-jobs,permanent,full_time,West Midlands,2026-08-06 11:39:39+00,2026-08-07,2026-08-07,45000,50000,47500.000000000000
5830331244,Market Intelligence Analyst,Reed Technology,it-jobs,permanent,full_time,London,2026-08-06 11:39:31+00,2026-08-07,2026-08-07,40000,40000,40000.000000000000
5830330673,IT Manager,Rotaflow Global Ltd,it-jobs,,full_time,Yorkshire And The Humber,2026-08-06 11:39:26+00,2026-08-07,2026-08-07,40000,50000,45000.000000000000
5830016892,Business Intelligence (BI) Analyst,Local Pensions Partnership,it-jobs,,,North West England,2026-08-06 05:13:12+00,2026-08-06,2026-08-07,35000,35000,35000.000000000000
5830015284,Senior Asset Delivery Manager,Hedyn,trade-construction-jobs,permanent,,Wales,2026-08-06 05:08:18+00,2026-08-06,2026-08-07,60000,60000,60000.000000000000
5829860889,IT & Systems Manager,Castle Employment Group,it-jobs,permanent,full_time,Yorkshire And The Humber,2026-08-06 02:24:54+00,2026-08-06,2026-08-07,45000,50000,47500.000000000000
5829658174,General Counsel / Head of Legal,Eximius Law,legal-jobs,,,London,2026-08-06 00:26:27+00,2026-08-06,2026-08-07,200000,200000,200000.000000000000
5829646623,Senior Data & Reporting Engineer - Outside IR35 - SC Cleared,Reed,it-jobs,permanent,,London,2026-08-05 23:37:56+00,2026-08-06,2026-08-07,158600,158600,158600.000000000000
5829608909,EMEA Customer & Marketing Insights Lead,JSL Solutions Ltd,pr-advertising-marketing-jobs,permanent,full_time,West Midlands,2026-08-05 22:59:10+00,2026-08-06,2026-08-07,55000,65000,60000.000000000000
5829605353,Data & Insights Apprentice,QA,consultancy-jobs,permanent,full_time,Yorkshire And The Humber,2026-08-05 22:58:35+00,2026-08-06,2026-08-07,24500,25000,24750.000000000000
5829598300,Global Enabling Functions Controlling Director,Môrwell Talent Solutions,accounting-finance-jobs,permanent,full_time,Wales,2026-08-05 22:57:24+00,2026-08-06,2026-08-07,100000,120000,110000.000000000000
5829591933,"Finance Business Partner (Procurement, Legal, IT)",Morgan McKinley,it-jobs,permanent,full_time,London,2026-08-05 22:56:22+00,2026-08-06,2026-08-07,70000,80000,75000.000000000000
5829417963,Business Assistant,Ansaldo Nuclear Limited,admin-jobs,,full_time,West Midlands,2026-08-05 21:24:13+00,2026-08-06,2026-08-07,25000,40000,32500.000000000000
5829404077,Business Intelligence Analyst,Datatech Analytics,it-jobs,,,South East England,2026-08-05 21:16:05+00,2026-08-06,2026-08-07,50000,50000,50000.000000000000
5831627740,Flex Company Secretary Trainee (Charity),Flex Legal Limited,admin-jobs,,full_time,London,2026-08-07 06:45:56+00,2026-08-07,2026-08-07,32000,32000,32000.000000000000
5831627161,Flex Company Secretary Trainee: Autumn 2026 cohort,Flex Legal Limited,legal-jobs,,full_time,,2026-08-07 06:44:18+00,2026-08-07,2026-08-07,28000,32000,30000.000000000000
5831608022,Financial Planning Analyst,RNLI,accounting-finance-jobs,permanent,full_time,South West England,2026-08-07 06:26:25+00,2026-08-07,2026-08-07,35853,42181,39017.000000000000
5831608013,Face to Face Fundraising Operations Manager,RNLI,charity-voluntary-jobs,permanent,full_time,,2026-08-07 06:26:24+00,2026-08-07,2026-08-07,50544,59464,55004.000000000000
5831582666,Housing Revenue Account (HRA) Strategic Financial Advisor,London Borough of Richmond upon Thames and London Borough of Wandsworth,accounting-finance-jobs,contract,full_time,London,2026-08-07 06:17:39+00,2026-08-07,2026-08-07,50000,59999,54999.500000000000
5831514396,Supply Chain Coordinator,JASA TALENT LTD,retail-jobs,,,South East England,2026-08-07 05:15:57+00,2026-08-07,2026-08-07,40000,40000,40000.000000000000
5831514163,Automotive Engineering Graduate,Euro Projects Recruitment,graduate-jobs,contract,,Eastern England,2026-08-07 05:14:56+00,2026-08-07,2026-08-07,37440,41600,39520.000000000000
5831514176,Quality Technician,T&K Associates Ltd,scientific-qa-jobs,permanent,,East Midlands,2026-08-07 05:14:56+00,2026-08-07,2026-08-07,30000,30000,30000.000000000000
5831514106,Used Car Area Manager - Passenger Cars,Dekra Automotive Ltd,sales-jobs,permanent,full_time,West Midlands,2026-08-07 05:14:46+00,2026-08-07,2026-08-07,50000,50000,50000.000000000000
5831513995,Digital Marketing Executive,Gardiner Bros and Company  Ltd,pr-advertising-marketing-jobs,,,South West England,2026-08-07 05:14:22+00,2026-08-07,2026-08-07,28000,28000,28000.000000000000
5831513974,Leading personal lines insurance Actuary - London,STAR ACTUARIAL FUTURES LIMITED,accounting-finance-jobs,,,London,2026-08-07 05:14:19+00,2026-08-07,2026-08-07,100000,100000,100000.000000000000
5831513968,Legal Adviser,NFU,legal-jobs,contract,part_time,West Midlands,2026-08-07 05:14:18+00,2026-08-07,2026-08-07,55000,55000,55000.000000000000
5831513969,Defence Consultant,Anson Mccade,consultancy-jobs,,,North West England,2026-08-07 05:14:18+00,2026-08-07,2026-08-07,95000,95000,95000.000000000000
5831513941,Accounts Payable Team Lead,Core 3 Ltd,accounting-finance-jobs,permanent,,South West England,2026-08-07 05:14:11+00,2026-08-07,2026-08-07,35000,35000,35000.000000000000
5831513945,Senior Financial Planning and Reporting Analyst,Marc Daniels,accounting-finance-jobs,,,South East England,2026-08-07 05:14:11+00,2026-08-07,2026-08-07,100000,100000,100000.000000000000
5831513749,Seasonal Stock Controller,Oliver Bonas,logistics-warehouse-jobs,contract,,London,2026-08-07 05:13:29+00,2026-08-07,2026-08-07,29744,29744,29744.000000000000
5831513750,"Seasonal Stock Controller, Fixed Term Contract",Oliver Bonas,logistics-warehouse-jobs,contract,,London,2026-08-07 05:13:29+00,2026-08-07,2026-08-07,27456,62400,44928.000000000000
5831513740,Graduate Grocery Supply Chain Planner,Abel Cole,graduate-jobs,,full_time,London,2026-08-07 05:13:29+00,2026-08-07,2026-08-07,30000,30000,30000.000000000000
5831513435,"Senior Strategy Manager, Education & Assessment Reform",AQA,teaching-jobs,permanent,full_time,North West England,2026-08-07 05:12:40+00,2026-08-07,2026-08-07,70000,70000,70000.000000000000
5831513387,Finance Assistant,Heart of England Cooperative Society,accounting-finance-jobs,permanent,full_time,West Midlands,2026-08-07 05:12:34+00,2026-08-07,2026-08-07,28000,28000,28000.000000000000
5831513395,"Seasonal Stock Controller, Fixed Term Contract",Oliver Bonas,logistics-warehouse-jobs,contract,,South East England,2026-08-07 05:12:34+00,2026-08-07,2026-08-07,27456,62400,44928.000000000000
5831513386,Seasonal Stock Controller,Oliver Bonas,logistics-warehouse-jobs,contract,,South East England,2026-08-07 05:12:33+00,2026-08-07,2026-08-07,29744,29744,29744.000000000000
5831513258,Junior Survey Programmer,Field Locker,it-jobs,,,Yorkshire And The Humber,2026-08-07 05:12:13+00,2026-08-07,2026-08-07,26000,26000,26000.000000000000
5831513035,Product Quality & Recovery Manager,IKEA,logistics-warehouse-jobs,,,North West England,2026-08-07 05:11:30+00,2026-08-07,2026-08-07,30000,30000,30000.000000000000
5831513009,Vehicle Procurement Category Manager,Ayvens,logistics-warehouse-jobs,permanent,,South West England,2026-08-07 05:11:25+00,2026-08-07,2026-08-07,55000,55000,55000.000000000000
5831512980,Senior Digital Marketing Executive,Handepay,pr-advertising-marketing-jobs,permanent,full_time,North West England,2026-08-07 05:11:24+00,2026-08-07,2026-08-07,35000,35000,35000.000000000000
5831513447,"Senior Strategy Manager, Education & Assessment Reform",AQA,teaching-jobs,permanent,full_time,South East England,2026-08-07 05:12:40+00,2026-08-07,2026-08-07,75000,75000,75000.000000000000
5831513294,Bid Director,LJB & Co,trade-construction-jobs,permanent,,South East England,2026-08-07 05:12:17+00,2026-08-07,2026-08-07,100000,100000,100000.000000000000
5831513488,Customer Insight Analyst,AQA,it-jobs,permanent,,North West England,2026-08-07 05:12:45+00,2026-08-07,2026-08-07,35000,35000,35000.000000000000
5831512943,Merchandiser,Zachary Daniels,sales-jobs,permanent,,Yorkshire And The Humber,2026-08-07 05:11:19+00,2026-08-07,2026-08-07,50000,50000,50000.000000000000
5831513257,Automation Engineer - Enterprise Infrastructure,Morson Edge,it-jobs,permanent,,Eastern England,2026-08-07 05:12:12+00,2026-08-07,2026-08-07,70000,70000,70000.000000000000
5831512883,Customer Insight Analyst,AQA,it-jobs,permanent,,North West England,2026-08-07 05:11:13+00,2026-08-07,2026-08-07,35000,35000,35000.000000000000
5831512786,Domestic Energy Assessor,TSA Surveying Ltd,energy-oil-gas-jobs,contract,,Wales,2026-08-07 05:10:56+00,2026-08-07,2026-08-07,60580,85020,72800.000000000000
5831512771,Product Quality & Recovery Manager,IKEA,logistics-warehouse-jobs,permanent,,North West England,2026-08-07 05:10:55+00,2026-08-07,2026-08-07,30000,30000,30000.000000000000
5831512688,Lead Full Stack Engineer Golang React API,Client Server,it-jobs,,,London,2026-08-07 05:10:42+00,2026-08-07,2026-08-07,95000,95000,95000.000000000000
5831512802,Finance Assistant,Heart of England Cooperative Society,accounting-finance-jobs,permanent,full_time,West Midlands,2026-08-07 05:10:57+00,2026-08-07,2026-08-07,28000,28000,28000.000000000000
5831512787,Head of Finance (Financial Controller),Zachary Daniels,accounting-finance-jobs,permanent,,North West England,2026-08-07 05:10:56+00,2026-08-07,2026-08-07,75000,75000,75000.000000000000
5831512690,SC Cleared Azure DevOps Engineer,ECS,it-jobs,contract,,London,2026-08-07 05:10:42+00,2026-08-07,2026-08-07,104000,117000,110500.000000000000
5831512461,Estimator Landscaping & Civil Services,Mitchell Maguire,trade-construction-jobs,permanent,,South East England,2026-08-07 05:10:17+00,2026-08-07,2026-08-07,65000,65000,65000.000000000000
5831512656,Mechanical Technician CCGT,Astute Technical Recruitment Ltd,engineering-jobs,permanent,,Eastern England,2026-08-07 05:10:36+00,2026-08-07,2026-08-07,50000,50000,50000.000000000000
5831512412,Senior Frontend Developer,VIQU IT Recruitment,it-jobs,permanent,,East Midlands,2026-08-07 05:10:16+00,2026-08-07,2026-08-07,45000,45000,45000.000000000000
5832939686,Data Analyst (SC Cleared),Sanderson Government and Defence,it-jobs,contract,,London,2026-08-08 05:13:05+00,2026-08-08,2026-08-08,145600,148200,146900.000000000000
5832939264,Entry Level Data Consultant No Experience Required,NEWTO TRAINING LIMITED,it-jobs,permanent,,West Midlands,2026-08-08 05:12:19+00,2026-08-08,2026-08-08,65000,65000,65000.000000000000
5832938932,Senior Cloud Architect,Experis,it-jobs,permanent,,London,2026-08-08 05:11:49+00,2026-08-08,2026-08-08,100000,100000,100000.000000000000
5830780047,Landfill Gas Compliance Data Analyst,FCC Environment,admin-jobs,permanent,full_time,East Midlands,2026-08-06 17:20:13+00,2026-08-08,2026-08-08,40000,40000,40000.000000000000
5830421671,Junior Data Analyst,Back TO Work,it-jobs,,full_time,North West England,2026-08-06 13:28:17+00,2026-08-07,2026-08-08,27000,27000,27000.000000000000
5830421497,Data Analyst Apprentice,Back TO Work,it-jobs,,full_time,West Midlands,2026-08-06 13:28:09+00,2026-08-07,2026-08-08,25800,25800,25800.000000000000
5830421363,Data Analyst Apprentice,Back TO Work,it-jobs,,full_time,West Midlands,2026-08-06 13:27:54+00,2026-08-07,2026-08-08,25800,25800,25800.000000000000
5830332633,Senior Data Analyst,Hunter Selection,it-jobs,contract,full_time,London,2026-08-06 11:39:46+00,2026-08-07,2026-08-08,65000,75000,70000.000000000000
5830332309,Senior Data Information Architect,Hackajob Ltd,it-jobs,,full_time,London,2026-08-06 11:39:42+00,2026-08-08,2026-08-08,75000,75000,75000.000000000000
5830332039,SAP Ariba Master Data Analyst,Yorkshire Water,it-jobs,permanent,full_time,Yorkshire And The Humber,2026-08-06 11:39:39+00,2026-08-08,2026-08-08,27000,67000,47000.000000000000
5830331714,Data Analyst,VIQU IT,it-jobs,,full_time,Northern Ireland,2026-08-06 11:39:36+00,2026-08-08,2026-08-08,40000,50000,45000.000000000000
5830331595,Data Analyst,Sellick Partnership,it-jobs,,full_time,North East England,2026-08-06 11:39:35+00,2026-08-07,2026-08-08,46500,46500,46500.000000000000
5830331481,Data Analyst,Career Concept,it-jobs,contract,full_time,South East England,2026-08-06 11:39:34+00,2026-08-07,2026-08-08,45000,45000,45000.000000000000
5832205047,Automation and Data Engineer,Rugby Borough Council,it-jobs,permanent,full_time,West Midlands,2026-08-07 17:28:39+00,2026-08-08,2026-08-08,36363,40777,38570.000000000000
5832059894,Senior Backend Developer (Python) - Remote,IO,it-jobs,contract,,,2026-08-07 15:37:50+00,2026-08-08,2026-08-08,93600,104000,98800.000000000000
5832047799,Fullstack Engineer (Heavy Frontend),Randstad Technologies Recruitment,it-jobs,contract,,,2026-08-07 15:28:08+00,2026-08-08,2026-08-08,156000,169000,162500.000000000000
5831966137,Lead Data Engineer,Matchtech,it-jobs,permanent,full_time,London,2026-08-07 13:26:00+00,2026-08-08,2026-08-08,150000,170000,160000.000000000000
5832259239,Solution Engineer - Data & AI,Microsoft,it-jobs,contract,full_time,London,2026-08-07 18:40:43+00,2026-08-08,2026-08-08,79700,133900,106800.000000000000
5832258299,Data Engineer,Trainline,engineering-jobs,,full_time,London,2026-08-07 18:39:49+00,2026-08-08,2026-08-08,60000,75000,67500.000000000000
5831963453,AI Implementation Engineer ( Data Science / ML Background),Adria Solutions,it-jobs,,,North West England,2026-08-07 13:12:43+00,2026-08-08,2026-08-08,95000,95000,95000.000000000000
5832205928,Data Engineer,ICAEW,it-jobs,permanent,full_time,South East England,2026-08-07 17:32:27+00,2026-08-08,2026-08-08,48000,53000,50500.000000000000
5832205903,"AI Data & utomation Lead, AWS, Data Lakes, Automation, Outside IR35, Part Remote",Carrington Recruitment Solutions Ltd,it-jobs,contract,,London,2026-08-07 17:32:15+00,2026-08-08,2026-08-08,208000,260000,234000.000000000000
5832205398,Junior Data Scientist,Reed,it-jobs,permanent,full_time,London,2026-08-07 17:30:45+00,2026-08-08,2026-08-08,70000,80000,75000.000000000000
5832205384,Senior GIS Engineer,ISR RECRUITMENT LIMITED,it-jobs,contract,,,2026-08-07 17:30:42+00,2026-08-08,2026-08-08,123500,136500,130000.000000000000
5832254545,Senior Data Engineer,Beamery,it-jobs,,full_time,London,2026-08-07 18:35:43+00,2026-08-08,2026-08-08,76500,90000,83250.000000000000
5831881964,AI Implementation Engineer - Manchester,Adria Solutions Ltd,it-jobs,,full_time,North West England,2026-08-07 11:38:58+00,2026-08-08,2026-08-08,65000,95000,80000.000000000000
5831881856,Senior Data Engineer,Sellick Partnership,it-jobs,contract,full_time,North East England,2026-08-07 11:38:57+00,2026-08-08,2026-08-08,60000,60000,60000.000000000000
5831881742,Lead,Anson McCade,it-jobs,permanent,full_time,North West England,2026-08-07 11:38:54+00,2026-08-08,2026-08-08,37000,68500,52750.000000000000
5831881678,Principal Data Engineer,Hackajob Ltd,it-jobs,,full_time,London,2026-08-07 11:38:53+00,2026-08-08,2026-08-08,90000,90000,90000.000000000000
5831881599,Lead Product Manager (Data),Anson McCade,it-jobs,permanent,full_time,London,2026-08-07 11:38:50+00,2026-08-08,2026-08-08,37000,68500,52750.000000000000
5831881613,Lead Product Manager,Anson McCade,it-jobs,,full_time,London,2026-08-07 11:38:50+00,2026-08-08,2026-08-08,75000,75000,75000.000000000000
5831881497,Senior Product Data Scientist,Datatech Analytics,it-jobs,,full_time,South East England,2026-08-07 11:38:46+00,2026-08-08,2026-08-08,90000,90000,90000.000000000000
5831881305,Business Analytics Lead,DS SMITH PACKAGING LIMITED,it-jobs,,full_time,London,2026-08-07 11:38:43+00,2026-08-08,2026-08-08,24000,64000,44000.000000000000
5831881264,Data Domain Architect,Places For People,it-jobs,,full_time,London,2026-08-07 11:38:43+00,2026-08-08,2026-08-08,44000,84000,64000.000000000000
5831881243,Senior Data Scientist,Yorkshire Water,it-jobs,permanent,full_time,Yorkshire And The Humber,2026-08-07 11:38:42+00,2026-08-08,2026-08-08,27000,67000,47000.000000000000
5831881222,Principal Data Engineer,Places For People,it-jobs,,full_time,London,2026-08-07 11:38:42+00,2026-08-08,2026-08-08,44000,84000,64000.000000000000
5831881122,Data Architect,Triad Group PLC,it-jobs,,full_time,London,2026-08-07 11:38:41+00,2026-08-08,2026-08-08,85000,85000,85000.000000000000
5832205281,Site Engineer,Randstad Construction and Property,trade-construction-jobs,contract,,North West England,2026-08-07 17:30:24+00,2026-08-08,2026-08-08,104000,108160,106080.000000000000
5832257956,"Principal Technical Product Manager, Machine Learning",Cambridge Mobile Telematics,engineering-jobs,,,,2026-08-07 18:39:25+00,2026-08-08,2026-08-08,141100,176400,158750.000000000000
5831881119,Data Engineer - Edinburgh,Harvey Nash,it-jobs,contract,full_time,Scotland,2026-08-07 11:38:40+00,2026-08-08,2026-08-08,33000,65000,49000.000000000000
5832938804,AI Engineer Placement Programme No Experience Needed,IT Online Learning,it-jobs,permanent,,South West England,2026-08-08 05:11:35+00,2026-08-08,2026-08-08,75000,75000,75000.000000000000
5832205212,Data Engineer,Adecco,it-jobs,contract,full_time,North West England,2026-08-07 17:29:57+00,2026-08-08,2026-08-08,37526,50897,44211.500000000000
5832208094,Software Engineer,Platform Recruitment,it-jobs,,full_time,South East England,2026-08-07 17:39:37+00,2026-08-08,2026-08-08,60000,80000,70000.000000000000
5832254693,Head of Product (AI & Emerging Tech),Solis Recruitment,it-jobs,,full_time,South East England,2026-08-07 18:35:49+00,2026-08-08,2026-08-08,85000,120000,102500.000000000000
5832269270,"Post Doctoral Research Assistant (FRAME) (Fixed-Term, x2 Posts Available)",Bournemouth University,scientific-qa-jobs,contract,,South West England,2026-08-07 18:49:16+00,2026-08-08,2026-08-08,34610,39906,37258.000000000000
5832251465,Senior Audit Innovation and Enablement Lead,Monzo,accounting-finance-jobs,,,London,2026-08-07 18:32:36+00,2026-08-08,2026-08-08,108700,130000,119350.000000000000
5832056300,Production Assembly Technician,Hexwired Recruitment Limited,engineering-jobs,,full_time,South West England,2026-08-07 15:36:33+00,2026-08-08,2026-08-08,25000,30000,27500.000000000000
5831966716,AI Test Engineer (SC Cleared),Adecco,it-jobs,contract,,London,2026-08-07 13:27:18+00,2026-08-08,2026-08-08,156000,169000,162500.000000000000
5832263061,Quantitative Researcher,WorkInCryptoGlobal,scientific-qa-jobs,,full_time,London,2026-08-07 18:43:01+00,2026-08-08,2026-08-08,200000,250000,225000.000000000000
5831966816,AI Consultant,Reed,it-jobs,permanent,full_time,London,2026-08-07 13:27:36+00,2026-08-08,2026-08-08,72806,80087,76446.500000000000
5831695691,Senior Risk Analyst,Mactech Energy Group,it-jobs,contract,,South West England,2026-08-07 09:16:57+00,2026-08-08,2026-08-08,109096,151868,130482.000000000000
5831513487,Business Intelligence Analyst,Police Scotland,it-jobs,contract,part_time,Scotland,2026-08-07 05:12:44+00,2026-08-07,2026-08-08,35000,35000,35000.000000000000
5831512911,Business Intelligence Analyst,Police Scotland,it-jobs,contract,part_time,Scotland,2026-08-07 05:11:14+00,2026-08-07,2026-08-08,35000,35000,35000.000000000000
5831423755,Data and Insights Team Manager,Isle of Wight Council,it-jobs,permanent,full_time,,2026-08-07 03:21:02+00,2026-08-07,2026-08-08,44209,47107,45658.000000000000
5831172014,Senior Systems Accountant,EA FIRST LTD,it-jobs,contract,,West Midlands,2026-08-06 23:01:38+00,2026-08-07,2026-08-08,60000,65000,62500.000000000000
5831145891,KPI Improvement Analyst Coordinator - 12 Months,Michael Page Business Support,accounting-finance-jobs,permanent,,South East England,2026-08-06 22:57:48+00,2026-08-07,2026-08-08,39000,39000,39000.000000000000
5830869743,Salesforce Administrator,167 Solutions Ltd,it-jobs,permanent,full_time,West Midlands,2026-08-06 21:17:04+00,2026-08-07,2026-08-08,35000,35000,35000.000000000000
5830869301,Commercial Analytics Manager,We Are Fr Group,it-jobs,contract,,Yorkshire And The Humber,2026-08-06 21:15:15+00,2026-08-07,2026-08-08,80000,80000,80000.000000000000
5830855040,Application Support Analyst,Henderson Group,it-jobs,,full_time,Northern Ireland,2026-08-06 20:22:24+00,2026-08-07,2026-08-08,35000,35000,35000.000000000000
5830850329,Finance Director,Greenwell Gleeson,accounting-finance-jobs,permanent,full_time,West Midlands,2026-08-06 19:55:54+00,2026-08-07,2026-08-08,100000,130000,115000.000000000000
5833001880,Credit Controller,Dignity PLC,accounting-finance-jobs,permanent,full_time,West Midlands,2026-08-08 06:22:22+00,2026-08-08,2026-08-08,32000,32000,32000.000000000000
5832984360,Technical Support (Compliance) - Harlow District Council,Essex County Council,admin-jobs,,full_time,Eastern England,2026-08-08 06:16:44+00,2026-08-08,2026-08-08,100000,,
5831881915,Head of Data,Michael Page,it-jobs,,full_time,North West England,2026-08-07 11:38:58+00,2026-08-08,2026-08-08,75000,90000,82500.000000000000
5831881900,Senior Data Engineer (Snowflake),Experis,it-jobs,permanent,full_time,London,2026-08-07 11:38:58+00,2026-08-08,2026-08-08,70000,90000,80000.000000000000
5832938795,AI Engineer Placement Programme No Experience Needed,IT Online Learning,it-jobs,permanent,,Scotland,2026-08-08 05:11:35+00,2026-08-08,2026-08-08,75000,75000,75000.000000000000
5831512567,Data Analyst Placement Programme No Experience Needed,IT Online Learning,it-jobs,permanent,,Yorkshire And The Humber,2026-08-07 05:10:31+00,2026-08-07,2026-08-08,65000,65000,65000.000000000000
5831512569,Entry Level Data Consultant No Experience Required,NEWTO TRAINING LIMITED,it-jobs,permanent,,North West England,2026-08-07 05:10:31+00,2026-08-08,2026-08-08,65000,65000,65000.000000000000
5831846629,Head of Property,Hays Specialist Recruitment Limited,trade-construction-jobs,permanent,full_time,West Midlands,2026-08-07 11:30:54+00,2026-08-08,2026-08-08,70000,75000,72500.000000000000
5831881857,Business Intelligence Analyst,Police Scotland,it-jobs,contract,full_time,Scotland,2026-08-07 11:38:57+00,2026-08-08,2026-08-08,39590,39590,39590.000000000000
5831881578,Business Intelligence Officer,Aspen Wolf Ltd,it-jobs,,full_time,North East England,2026-08-07 11:38:49+00,2026-08-08,2026-08-08,29350,29350,29350.000000000000
5832719022,Commercial Management Accountant,Robert Half Limited,accounting-finance-jobs,permanent,,South West England,2026-08-08 01:19:32+00,2026-08-08,2026-08-08,70000,70000,70000.000000000000
5831881995,Data Scientist,WEETABIX LIMITED,it-jobs,contract,full_time,East Midlands,2026-08-07 11:38:59+00,2026-08-08,2026-08-08,32000,72000,52000.000000000000
5831881892,Business Intelligence Analyst,Lioness Recruitment Ltd,it-jobs,,full_time,East Midlands,2026-08-07 11:38:58+00,2026-08-08,2026-08-08,37500,38400,37950.000000000000
5833778458,Data Analyst | S3 | Everyday Banking (RBB) – TSB Integration | Milton Keynes | Internal Mobility,Santander UK,it-jobs,contract,full_time,,2026-08-08 18:35:43+00,2026-08-09,2026-08-09,54000,81000,67500.000000000000
5834138488,Entry Level Data Consultant No Experience Required,NEWTO TRAINING LIMITED,it-jobs,permanent,,London,2026-08-09 01:17:44+00,2026-08-09,2026-08-09,65000,65000,65000.000000000000
5832939287,Entry Level Data Consultant No Experience Required,NEWTO TRAINING LIMITED,it-jobs,permanent,,South West England,2026-08-08 05:12:21+00,2026-08-08,2026-08-09,65000,65000,65000.000000000000
5831512565,Entry Level Data Consultant No Experience Required,NEWTO TRAINING LIMITED,it-jobs,permanent,,North West England,2026-08-07 05:10:31+00,2026-08-07,2026-08-09,65000,65000,65000.000000000000
5831193065,KPI Analyst,Signet Resources,it-jobs,permanent,,South East England,2026-08-06 23:32:48+00,2026-08-07,2026-08-09,30000,35000,32500.000000000000
5830869696,Junior Data Analyst,Back 2 Work,it-jobs,,,North West England,2026-08-06 21:16:46+00,2026-08-07,2026-08-09,26000,26000,26000.000000000000
5830868210,Data Analyst Placement Programme No Experience Needed,IT Online Learning,it-jobs,permanent,,North West England,2026-08-06 21:10:46+00,2026-08-07,2026-08-09,65000,65000,65000.000000000000
5831512568,Data Analyst Placement Programme No Experience Needed,IT Online Learning,it-jobs,permanent,,South West England,2026-08-07 05:10:31+00,2026-08-07,2026-08-09,65000,65000,65000.000000000000
5830786081,AI Data Analyst,Tumelo,it-jobs,contract,full_time,South West England,2026-08-06 17:44:31+00,2026-08-07,2026-08-09,28000,32000,30000.000000000000
5833774535,Transport Administrator,Hived,logistics-warehouse-jobs,,full_time,,2026-08-08 18:34:18+00,2026-08-09,2026-08-09,29000,31000,30000.000000000000
5833432603,Data Architect,Datatech Analytics,it-jobs,,,London,2026-08-08 13:13:50+00,2026-08-09,2026-08-09,65000,65000,65000.000000000000
5832790140,Lead Solution Architect in ARCHITECTURE,The Bank of England,it-jobs,permanent,full_time,London,2026-08-08 02:51:09+00,2026-08-08,2026-08-09,80320,90360,85340.000000000000
5832790139,Lead Solution Architect in ARCHITECTURE,The Bank of England,it-jobs,permanent,full_time,Yorkshire And The Humber,2026-08-08 02:51:09+00,2026-08-08,2026-08-09,72320,81360,76840.000000000000
5832775241,Head of Data & AI,Prism Digital,it-jobs,permanent,full_time,London,2026-08-08 02:23:23+00,2026-08-08,2026-08-09,80000,100000,90000.000000000000
5832725253,"AI Data Automation Lead, AWS, Data Lakes, Automation, Outside IR35, Part Remote",Carrington Recruitment Solutions Ltd,it-jobs,contract,,London,2026-08-08 01:36:36+00,2026-08-08,2026-08-09,208000,260000,234000.000000000000
5832296766,Databricks Data Engineer,IO Associates,it-jobs,contract,,North West England,2026-08-07 21:16:19+00,2026-08-08,2026-08-09,130000,136500,133250.000000000000
5832274754,Senior Data Engineer,Lorien,it-jobs,permanent,full_time,South East England,2026-08-07 19:01:01+00,2026-08-08,2026-08-09,156000,169000,162500.000000000000
5832268688,Senior Geospatial Engineer - Home-Based,ISR Recruitment,it-jobs,contract,,North West England,2026-08-07 18:48:42+00,2026-08-08,2026-08-09,123500,136500,130000.000000000000
5832266765,Staff Data Engineer,Beamery,it-jobs,,full_time,London,2026-08-07 18:46:57+00,2026-08-08,2026-08-09,98450,130000,114225.000000000000
5832266432,"Revenue Operations Specialist, EMEA",Cockroach Labs,it-jobs,,,London,2026-08-07 18:46:38+00,2026-08-08,2026-08-09,58000,77000,67500.000000000000
5833783179,System Engineer - Robotics,Applied Intuition,it-jobs,,full_time,London,2026-08-08 18:40:08+00,2026-08-09,2026-08-09,100000,160000,130000.000000000000
5833780299,Fraud Data Scientist | S3 | Fraud | Multiple Location | Internal Mobility.,Santander UK,it-jobs,contract,full_time,,2026-08-08 18:36:39+00,2026-08-09,2026-08-09,54318,81478,67898.000000000000
5833773402,ACSM Solution Architect Manager,Microsoft,it-jobs,contract,full_time,South East England,2026-08-08 18:32:10+00,2026-08-09,2026-08-09,96400,195100,145750.000000000000
5833426820,Senior AI Governance Consultant,Anson Mccade,it-jobs,permanent,,South West England,2026-08-08 13:12:25+00,2026-08-09,2026-08-09,95000,95000,95000.000000000000
5833426538,System Engineer,TALENTOMETRY LIMITED,engineering-jobs,permanent,,Yorkshire And The Humber,2026-08-08 13:12:06+00,2026-08-09,2026-08-09,70000,70000,70000.000000000000
5833349960,Infrastructure Support Engineer,Peregrine,it-jobs,permanent,full_time,London,2026-08-08 11:40:08+00,2026-08-09,2026-08-09,127185,127185,127185.000000000000
5832296391,Power System & Product Development Engineer,Morson Edge,engineering-jobs,,,London,2026-08-07 21:14:41+00,2026-08-08,2026-08-09,80000,80000,80000.000000000000
5832275157,Staff Software Engineer,American IT Systems,it-jobs,,,London,2026-08-07 19:02:39+00,2026-08-08,2026-08-09,150000,250000,200000.000000000000
5832263134,Head of Data Analytics and Insights,Borough of Brent,it-jobs,permanent,full_time,,2026-08-07 18:43:07+00,2026-08-08,2026-08-09,90865,111270,101067.500000000000
5832258066,Family Worker - Family Help,Dorset Council,social-work-jobs,,full_time,South West England,2026-08-07 18:39:34+00,2026-08-08,2026-08-09,28598,32597,30597.500000000000
5832060599,Senior Sponsorship Sales Manager,Lipton Media,sales-jobs,,full_time,London,2026-08-07 15:39:34+00,2026-08-08,2026-08-09,47000,60000,53500.000000000000
5832026061,Senior Category Manager (Physical Security),Circle Recruitment,it-jobs,contract,,South East England,2026-08-07 15:06:47+00,2026-08-08,2026-08-09,145600,160576,153088.000000000000
5832022332,Project Accountant,Morson Edge,accounting-finance-jobs,contract,full_time,South East England,2026-08-07 15:03:51+00,2026-08-08,2026-08-09,62400,62400,62400.000000000000
5831969358,Project Accountant,Matchtech,accounting-finance-jobs,contract,,South East England,2026-08-07 13:37:01+00,2026-08-08,2026-08-09,62400,62400,62400.000000000000
5831962547,Innovation Lead,ABM UK,it-jobs,,full_time,London,2026-08-07 13:05:11+00,2026-08-08,2026-08-09,45000,45000,45000.000000000000
5834412793,Graduate Management Development Programme,Bluetree Recruits,graduate-jobs,permanent,full_time,London,2026-08-09 07:17:43+00,2026-08-09,2026-08-09,31000,31000,31000.000000000000
5834316594,Executive Researcher - Boutique Search Firm,Rule Recruitment,hr-jobs,permanent,,London,2026-08-09 05:15:50+00,2026-08-09,2026-08-09,50000,50000,50000.000000000000
5834316262,Mechanical Maintenance Engineer,Wienerberger,engineering-jobs,permanent,,South East England,2026-08-09 05:14:21+00,2026-08-09,2026-08-09,45000,45000,45000.000000000000
5834316227,Conversion Rate Optimisation Analyst,Beaverbrooks,it-jobs,permanent,,North West England,2026-08-09 05:14:17+00,2026-08-09,2026-08-09,35000,35000,35000.000000000000
5834316138,Pensions Specialist,SSCL,it-jobs,permanent,full_time,Wales,2026-08-09 05:13:56+00,2026-08-09,2026-08-09,30000,30000,30000.000000000000
5834315965,Repairs Support Manager,Trent and Dove Housing,admin-jobs,permanent,,West Midlands,2026-08-09 05:13:26+00,2026-08-09,2026-08-09,40000,40000,40000.000000000000
5834283596,BMW Customer Collections Advisor,Concentrix,customer-services-jobs,permanent,full_time,Yorkshire And The Humber,2026-08-09 03:59:46+00,2026-08-09,2026-08-09,26520,26520,26520.000000000000
5833711882,Product and Growth Analytics Lead,Harnham - Data & Analytics Recruitment,pr-advertising-marketing-jobs,permanent,full_time,London,2026-08-08 17:33:56+00,2026-08-09,2026-08-09,160000,180000,170000.000000000000
5834282613,Senior Lawyer,Herefordshire Council,legal-jobs,permanent,part_time,West Midlands,2026-08-09 03:59:24+00,2026-08-09,2026-08-09,57373,63628,60500.500000000000
5834282610,Intelligence Officer (Trading Standards),Warwickshire County Council,it-jobs,,,West Midlands,2026-08-09 03:59:24+00,2026-08-09,2026-08-09,33699,36363,35031.000000000000
5834281682,Quality Assurance and Vendor Management Associate,Innovative Trials,scientific-qa-jobs,permanent,full_time,Eastern England,2026-08-09 03:58:45+00,2026-08-09,2026-08-09,35000,40000,37500.000000000000
5834281678,Targeted Family Help Social Work Practice Supervisor,Birmingham Children's Trust,social-work-jobs,permanent,full_time,West Midlands,2026-08-09 03:58:45+00,2026-08-09,2026-08-09,45091,53460,49275.500000000000
5832296920,AI Engineer,Datatech Analytics,it-jobs,,,London,2026-08-07 21:17:06+00,2026-08-08,2026-08-09,90000,90000,90000.000000000000
5834281449,Junior Social Media Executive (6-month fixed term contract),Save My Exams,pr-advertising-marketing-jobs,contract,full_time,,2026-08-09 03:58:39+00,2026-08-09,2026-08-09,28000,30000,29000.000000000000
5834414849,Continuous Improvement Engineer,Futures,engineering-jobs,,,Yorkshire And The Humber,2026-08-09 07:25:21+00,2026-08-09,2026-08-09,35000,45000,40000.000000000000
5834191836,Finance Business Partner,Service Care Solutions,accounting-finance-jobs,contract,full_time,West Midlands,2026-08-09 02:25:28+00,2026-08-09,2026-08-09,43014,53497,48255.500000000000
5834315987,Quality Manager (Aerospace Components),Ernest Gordon Recruitment,scientific-qa-jobs,permanent,,Northern Ireland,2026-08-09 05:13:28+00,2026-08-09,2026-08-09,55000,55000,55000.000000000000
5834315978,Senior Technical SEO Executive 6 month FTC Hybrid,We Are Fr Group,pr-advertising-marketing-jobs,contract,,North West England,2026-08-09 05:13:27+00,2026-08-09,2026-08-09,40000,40000,40000.000000000000
5833781391,Financial Crime Data Scientist | S3 | D-FACT | Multiple Locations | Internal Mobility,Santander UK,accounting-finance-jobs,,full_time,,2026-08-08 18:37:11+00,2026-08-09,2026-08-09,54318,81478,67898.000000000000
5834197732,Cloud Support Analyst,Work Force Nexus Recruitment Agency,it-jobs,permanent,full_time,,2026-08-09 02:31:45+00,2026-08-09,2026-08-09,25200,28800,27000.000000000000
5833784752,Senior Software Engineer - FDE - Security Check (SC) Clearance,Microsoft,it-jobs,contract,full_time,London,2026-08-08 18:42:10+00,2026-08-09,2026-08-09,74700,122600,98650.000000000000
5833711395,Senior Cloud Architect,Experis,it-jobs,permanent,,London,2026-08-08 17:25:05+00,2026-08-09,2026-08-10,100000,100000,100000.000000000000
5833710814,Entry Level Data Consultant No Experience Required,NEWTO TRAINING LIMITED,it-jobs,permanent,,West Midlands,2026-08-08 17:22:32+00,2026-08-09,2026-08-10,65000,65000,65000.000000000000
5833405766,Senior Data Analyst,Southeastern,it-jobs,,,London,2026-08-08 12:29:40+00,2026-08-09,2026-08-10,40000,43000,41500.000000000000
5833351094,Senior Cloud Architect - London,Experis,it-jobs,,full_time,London,2026-08-08 11:40:22+00,2026-08-10,2026-08-10,100000,130000,115000.000000000000
5833348645,Data Analyst,Hypercreate Ltd,it-jobs,,full_time,,2026-08-08 11:39:54+00,2026-08-09,2026-08-10,26000,30000,28000.000000000000
5832941354,Data Engineer (SC Cleared),Sanderson Government and Defence,it-jobs,contract,,London,2026-08-08 05:17:12+00,2026-08-08,2026-08-10,145600,148200,146900.000000000000
5832941008,Data Engineer (SC Cleared),Sanderson Government and Defence,it-jobs,contract,,London,2026-08-08 05:16:05+00,2026-08-08,2026-08-10,145600,148200,146900.000000000000
5832940555,Dynamics 365 CE Data Migration Consultant,Spyrosoft Ltd,it-jobs,contract,full_time,,2026-08-08 05:14:51+00,2026-08-08,2026-08-10,60000,60000,60000.000000000000
5832939964,Data Analyst (SC Cleared),Sanderson Government and Defence,it-jobs,contract,,London,2026-08-08 05:13:38+00,2026-08-08,2026-08-10,145600,148200,146900.000000000000
5832939693,Entry Level Data Consultant No Experience Required,NEWTO TRAINING LIMITED,it-jobs,permanent,,London,2026-08-08 05:13:06+00,2026-08-08,2026-08-10,65000,65000,65000.000000000000
5832939296,Data Analyst Placement Programme No Experience Needed,IT Online Learning,it-jobs,permanent,,West Midlands,2026-08-08 05:12:21+00,2026-08-08,2026-08-10,65000,65000,65000.000000000000
5832939237,Data Analyst Placement Programme No Experience Needed,IT Online Learning,it-jobs,permanent,,Yorkshire And The Humber,2026-08-08 05:12:18+00,2026-08-08,2026-08-10,65000,65000,65000.000000000000
5832939252,Entry Level Data Consultant No Experience Required,NEWTO TRAINING LIMITED,it-jobs,permanent,,London,2026-08-08 05:12:18+00,2026-08-08,2026-08-10,65000,65000,65000.000000000000
5832938703,Senior Cloud Architect,Experis,it-jobs,,,London,2026-08-08 05:11:31+00,2026-08-08,2026-08-10,100000,100000,100000.000000000000
5832718854,Entry Level Data Consultant No Experience Required,NEWTO TRAINING LIMITED,it-jobs,permanent,,North West England,2026-08-08 01:16:49+00,2026-08-09,2026-08-10,65000,65000,65000.000000000000
5832295441,Senior Data Analyst,SE Trains Ltd,it-jobs,,,London,2026-08-07 21:13:19+00,2026-08-08,2026-08-10,40000,40000,40000.000000000000
5832295440,Data Analyst,Arts & Humanities Research Council ,it-jobs,contract,full_time,South West England,2026-08-07 21:13:18+00,2026-08-08,2026-08-10,35000,35000,35000.000000000000
5832275325,Business Development Assistant,Hays Specialist Recruitment Limited,sales-jobs,permanent,full_time,Wales,2026-08-07 19:03:23+00,2026-08-08,2026-08-10,25415,29415,27415.000000000000
5832274608,Data Analyst,Workshop Recruitment,it-jobs,permanent,full_time,South East England,2026-08-07 19:00:11+00,2026-08-08,2026-08-10,32000,40000,36000.000000000000
5832206019,Data and Research Analyst,Michael Page Technology,it-jobs,permanent,,South East England,2026-08-07 17:33:00+00,2026-08-08,2026-08-10,91000,104000,97500.000000000000
5832205557,Data Analyst,Hypercreate Ltd,it-jobs,,full_time,London,2026-08-07 17:30:54+00,2026-08-08,2026-08-10,29000,35000,32000.000000000000
5832205389,Senior Cloud Architect,Experis,it-jobs,,full_time,London,2026-08-07 17:30:42+00,2026-08-08,2026-08-10,100000,130000,115000.000000000000
5832090706,Principal Salmon Conservation Scientist,Atlantic Salmon Trust,scientific-qa-jobs,permanent,,Scotland,2026-08-07 16:25:10+00,2026-08-08,2026-08-10,48000,53000,50500.000000000000
5832055820,Business Development Assistant,Hays Business Support,sales-jobs,permanent,full_time,Wales,2026-08-07 15:35:05+00,2026-08-08,2026-08-10,25415,29415,27415.000000000000
5831963830,Junior Data Analyst (SC-Cleared),Pigment Consulting,it-jobs,contract,,South West England,2026-08-07 13:15:12+00,2026-08-08,2026-08-10,104000,117000,110500.000000000000
5831900173,Senior Data Analyst/BA,Velocity Talent,it-jobs,,full_time,London,2026-08-07 11:44:49+00,2026-08-08,2026-08-10,75000,85000,80000.000000000000
5831881847,Junior Data Analyst,Back TO Work,it-jobs,,full_time,North West England,2026-08-07 11:38:57+00,2026-08-08,2026-08-10,27000,27000,27000.000000000000
5831881853,Entry Level Data Consultant,NEWTO TRAINING LIMITED,it-jobs,,full_time,London,2026-08-07 11:38:57+00,2026-08-08,2026-08-10,65000,65000,65000.000000000000
5831881493,Trainee Data Engineer,NEWTO TRAINING LIMITED,it-jobs,contract,,London,2026-08-07 11:38:46+00,2026-08-09,2026-08-10,40000,40000,40000.000000000000
5831881357,Data Science Manager,WRK DIGITAL LTD,it-jobs,permanent,full_time,Yorkshire And The Humber,2026-08-07 11:38:43+00,2026-08-08,2026-08-10,70000,70000,70000.000000000000
5831881211,Data Analyst Placement Programme,IT Online Learning,it-jobs,,full_time,Scotland,2026-08-07 11:38:42+00,2026-08-08,2026-08-10,65000,65000,65000.000000000000
5831595906,Data Analyst,Golden Charter,it-jobs,permanent,full_time,Scotland,2026-08-07 06:22:42+00,2026-08-07,2026-08-10,28000,28000,28000.000000000000
5831512580,Data Analyst Placement Programme No Experience Needed,IT Online Learning,it-jobs,permanent,,Wales,2026-08-07 05:10:33+00,2026-08-07,2026-08-10,65000,65000,65000.000000000000
5831512577,Data Analyst Placement Programme No Experience Needed,IT Online Learning,it-jobs,permanent,,Scotland,2026-08-07 05:10:33+00,2026-08-07,2026-08-10,65000,65000,65000.000000000000
5831512579,Data Analyst Placement Programme No Experience Needed,IT Online Learning,it-jobs,permanent,,North West England,2026-08-07 05:10:33+00,2026-08-07,2026-08-10,65000,65000,65000.000000000000
5831512576,Data Analyst Placement Programme No Experience Needed,IT Online Learning,it-jobs,permanent,,Scotland,2026-08-07 05:10:33+00,2026-08-07,2026-08-10,65000,65000,65000.000000000000
5832205184,Data Analyst,Reed,it-jobs,permanent,full_time,London,2026-08-07 17:29:33+00,2026-08-10,2026-08-10,57500,62500,60000.000000000000
5835145224,Data Analyst,VIQU Limited,it-jobs,,,West Midlands,2026-08-10 01:31:33+00,2026-08-10,2026-08-10,30000,35000,32500.000000000000
5835042799,Data Analyst,ScottishPower,it-jobs,permanent,full_time,Scotland,2026-08-10 00:24:05+00,2026-08-10,2026-08-10,45400,56750,51075.000000000000
5832285695,Junior Business Systems & Data Analyst,Connected Health,it-jobs,,,Northern Ireland,2026-08-07 20:28:53+00,2026-08-08,2026-08-10,35000,35000,35000.000000000000
5834872339,Lead Solution Architect in ARCHITECTURE,Bank of England,it-jobs,permanent,full_time,Yorkshire And The Humber,2026-08-09 18:34:07+00,2026-08-10,2026-08-10,80320,90360,85340.000000000000
5834447639,Senior AI/ML Engineer (Exclusive),Ocho People,it-jobs,permanent,full_time,Northern Ireland,2026-08-09 08:54:26+00,2026-08-10,2026-08-10,65000,75000,70000.000000000000
5834447641,Staff Data Engineer (Exclusive),Ocho People,it-jobs,permanent,full_time,Northern Ireland,2026-08-09 08:54:26+00,2026-08-10,2026-08-10,70000,100000,85000.000000000000
5834192038,Principal Aladdin Data Business Analyst,Source Group International,it-jobs,contract,full_time,London,2026-08-09 02:25:29+00,2026-08-09,2026-08-10,169000,208000,188500.000000000000
5869586938,Data Engineer,PDSA,it-jobs,,,West Midlands,2026-09-03 23:19:24+00,2026-09-04,2026-09-04,42783,45350,44066.500000000000
5833793556,Senior AI/ML Engineer (Exclusive),Ocho,it-jobs,,full_time,Northern Ireland,2026-08-08 20:36:35+00,2026-08-09,2026-08-10,75000,75000,75000.000000000000
5833793551,Staff Data Engineer (Exclusive),Ocho,it-jobs,,full_time,Northern Ireland,2026-08-08 20:36:35+00,2026-08-09,2026-08-10,100000,100000,100000.000000000000
5834872360,Data Engineer II,Ookla,engineering-jobs,,full_time,,2026-08-09 18:34:08+00,2026-08-10,2026-08-10,50000,56000,53000.000000000000
5833783068,Solution Architect (Contract Role),Willis Re,it-jobs,contract,full_time,London,2026-08-08 18:39:52+00,2026-08-09,2026-08-10,208000,247000,227500.000000000000
5833782932,Senior Data Scientist,Leidos,it-jobs,permanent,full_time,South West England,2026-08-08 18:39:31+00,2026-08-09,2026-08-10,61500,78800,70150.000000000000
5833782291,Data Engineer,Themis Solutions,it-jobs,,full_time,North West England,2026-08-08 18:38:22+00,2026-08-09,2026-08-10,69700,94300,82000.000000000000
5834880236,Principal Forward Deployed Engineer Technical Program Manager,Microsoft,engineering-jobs,contract,full_time,London,2026-08-09 18:40:12+00,2026-08-10,2026-08-10,93500,161800,127650.000000000000
5834877632,C++ Software Engineer,MORSE Corp,it-jobs,,full_time,,2026-08-09 18:37:22+00,2026-08-10,2026-08-10,90000,210000,150000.000000000000
5834463628,Senior AI Governance Consultant,Anson Mccade,it-jobs,permanent,,Scotland,2026-08-09 09:21:38+00,2026-08-10,2026-08-10,95000,95000,95000.000000000000
5834880707,Senior Forward Deployed Engineer Technical Program Manager,Microsoft,engineering-jobs,contract,full_time,London,2026-08-09 18:40:40+00,2026-08-10,2026-08-10,74700,122600,98650.000000000000
5833785352,Product Marketing Manager,Fundraise Up,it-jobs,,full_time,,2026-08-08 18:43:21+00,2026-08-09,2026-08-10,67000,73000,70000.000000000000
5869546382,Lead Data Engineer,Kinetech Recruitment,it-jobs,,,London,2026-09-03 21:36:46+00,2026-09-04,2026-09-04,75000,75000,75000.000000000000
5833797706,Product Analyst,CarFinance 247,it-jobs,permanent,,North West England,2026-08-08 21:15:01+00,2026-08-10,2026-08-10,50000,50000,50000.000000000000
5833084387,"Performance & Data Analysis Officer, 2 High Street, Perth - PKC14138",Perth and Kinross Council,it-jobs,contract,part_time,Scotland,2026-08-08 08:06:46+00,2026-08-09,2026-08-10,40001,50000,45000.500000000000
5832939877,Commercial Management Accountant,Robert Half Limited,accounting-finance-jobs,permanent,,South West England,2026-08-08 05:13:27+00,2026-08-08,2026-08-10,70000,70000,70000.000000000000
5832791056,Data Engineer,Opus People Solutions,it-jobs,,full_time,West Midlands,2026-08-08 02:52:46+00,2026-08-08,2026-08-10,31200,41600,36400.000000000000
5832623823,Data Engineer - Hybrid - Inside IR35,Pearson Carter,it-jobs,contract,part_time,South East England,2026-08-08 00:16:23+00,2026-08-08,2026-08-10,104000,208000,156000.000000000000
5832573065,Commercial Management Accountant,Robert Half,accounting-finance-jobs,permanent,full_time,South West England,2026-08-07 23:01:38+00,2026-08-08,2026-08-10,60000,70000,65000.000000000000
5832296905,Inventory Planner,Euro Projects Recruitment,logistics-warehouse-jobs,,,South East England,2026-08-07 21:16:55+00,2026-08-08,2026-08-10,35000,35000,35000.000000000000
5832296395,Developer & Solutions Architect - London Insurance Market,I3 Resourcing Limited,it-jobs,contract,,London,2026-08-07 21:14:41+00,2026-08-08,2026-08-10,161200,169000,165100.000000000000
5832287147,Operational / Data Engineer - SC cleared,Experis UK,it-jobs,,full_time,West Midlands,2026-08-07 20:51:41+00,2026-08-08,2026-08-10,130000,131300,130650.000000000000
5832276128,Group FP&A Manager,Broster Buchanan,accounting-finance-jobs,permanent,full_time,East Midlands,2026-08-07 19:05:41+00,2026-08-08,2026-08-10,80000,90000,85000.000000000000
5832275074,Operations Co-ordinator,Macgregor Cavendish  Ltd,logistics-warehouse-jobs,permanent,full_time,West Midlands,2026-08-07 19:02:30+00,2026-08-08,2026-08-10,31474,31474,31474.000000000000
5832274789,Senior Sponsorship Sales Manager,Lipton Media,sales-jobs,permanent,full_time,London,2026-08-07 19:01:12+00,2026-08-08,2026-08-10,47000,60000,53500.000000000000
5832274735,Electrical Contracts Manager,Axis CLC,trade-construction-jobs,permanent,full_time,London,2026-08-07 19:00:55+00,2026-08-08,2026-08-10,56000,56000,56000.000000000000
5832274455,Group Financial Controller,Morgan McKinley,accounting-finance-jobs,permanent,full_time,London,2026-08-07 18:59:40+00,2026-08-08,2026-08-10,110000,120000,115000.000000000000
5832274379,Business Development Manager,Aaron Wallis Sales Recruitment,sales-jobs,permanent,full_time,London,2026-08-07 18:59:28+00,2026-08-08,2026-08-10,35000,45000,40000.000000000000
5832274378,Head of Electrical,Axis CLC,trade-construction-jobs,permanent,full_time,London,2026-08-07 18:59:28+00,2026-08-08,2026-08-10,65000,75000,70000.000000000000
5832265438,Senior Business Intelligence Officer,Lancashire County Council,it-jobs,permanent,full_time,North West England,2026-08-07 18:45:43+00,2026-08-08,2026-08-10,36363,40777,38570.000000000000
5834880268,Project Controls Engineer,Walker & Sloan Limited,trade-construction-jobs,,full_time,London,2026-08-09 18:40:17+00,2026-08-10,2026-08-10,35000,40000,37500.000000000000
5835558125,Data Analyst Trainee,ITOL Recruit,it-jobs,permanent,full_time,Eastern England,2026-08-10 13:47:20+00,2026-08-11,2026-08-11,30000,50000,40000.000000000000
5835558116,Data Science Trainee,ITOL Recruit,it-jobs,permanent,full_time,West Midlands,2026-08-10 13:47:18+00,2026-08-11,2026-08-11,30000,50000,40000.000000000000
5835558030,Data Analyst Trainee,ITOL Recruit,it-jobs,permanent,full_time,North West England,2026-08-10 13:46:57+00,2026-08-11,2026-08-11,30000,50000,40000.000000000000
5835557993,Data Science Trainee,ITOL Recruit,it-jobs,permanent,full_time,Yorkshire And The Humber,2026-08-10 13:46:38+00,2026-08-11,2026-08-11,30000,50000,40000.000000000000
5835557984,Trainee Data Analyst,ITOL Recruit,it-jobs,permanent,full_time,London,2026-08-10 13:46:33+00,2026-08-11,2026-08-11,30000,50000,40000.000000000000
5835557936,Data Science Trainee,ITOL Recruit,it-jobs,permanent,full_time,Eastern England,2026-08-10 13:46:29+00,2026-08-11,2026-08-11,30000,50000,40000.000000000000
5835557865,Trainee Data Analyst,ITOL Recruit,it-jobs,permanent,full_time,Eastern England,2026-08-10 13:46:03+00,2026-08-11,2026-08-11,30000,50000,40000.000000000000
5835557856,Data Science Trainee,ITOL Recruit,it-jobs,permanent,full_time,South East England,2026-08-10 13:45:59+00,2026-08-11,2026-08-11,30000,50000,40000.000000000000
5835557804,Data Science Trainee,ITOL Recruit,it-jobs,permanent,full_time,South East England,2026-08-10 13:45:39+00,2026-08-11,2026-08-11,30000,50000,40000.000000000000
5835557736,Data Analyst Trainee,ITOL Recruit,it-jobs,permanent,full_time,West Midlands,2026-08-10 13:45:28+00,2026-08-11,2026-08-11,30000,50000,40000.000000000000
5835557731,Data Analyst Trainee,ITOL Recruit,it-jobs,permanent,full_time,London,2026-08-10 13:45:26+00,2026-08-11,2026-08-11,30000,50000,40000.000000000000
5835557692,Data Analyst Trainee,ITOL Recruit,it-jobs,permanent,full_time,East Midlands,2026-08-10 13:45:11+00,2026-08-11,2026-08-11,30000,50000,40000.000000000000
5835557688,Data Analyst Trainee,ITOL Recruit,it-jobs,permanent,full_time,London,2026-08-10 13:45:10+00,2026-08-11,2026-08-11,30000,50000,40000.000000000000
5835557662,Data Analyst Trainee,ITOL Recruit,it-jobs,permanent,full_time,West Midlands,2026-08-10 13:45:01+00,2026-08-11,2026-08-11,30000,50000,40000.000000000000
5835557606,Data Analyst Trainee,ITOL Recruit,it-jobs,permanent,full_time,East Midlands,2026-08-10 13:44:37+00,2026-08-11,2026-08-11,30000,50000,40000.000000000000
5835554504,Data Analyst,VIQU IT Recruitment,it-jobs,,,West Midlands,2026-08-10 13:14:40+00,2026-08-11,2026-08-11,35000,35000,35000.000000000000
5835516772,Data Analyst,Workshop Recruitment,it-jobs,permanent,full_time,South East England,2026-08-10 11:55:32+00,2026-08-11,2026-08-11,32000,40000,36000.000000000000
5835259126,Entry Level Data Consultant No Experience Required,NEWTO TRAINING LIMITED,it-jobs,permanent,,North West England,2026-08-10 05:18:54+00,2026-08-10,2026-08-11,65000,65000,65000.000000000000
5835259125,Entry Level Data Consultant No Experience Required,NEWTO TRAINING LIMITED,it-jobs,permanent,,South West England,2026-08-10 05:18:54+00,2026-08-10,2026-08-11,65000,65000,65000.000000000000
5836361877,Entry Level Data Consultant No Experience Required,NEWTO TRAINING LIMITED,it-jobs,permanent,,North West England,2026-08-11 05:17:39+00,2026-08-11,2026-08-11,65000,65000,65000.000000000000
5834873095,Data Analyst: Retail Media,Constructor,it-jobs,,full_time,,2026-08-09 18:35:17+00,2026-08-10,2026-08-11,80000,120000,100000.000000000000
5834316232,Data Analyst Placement Programme No Experience Needed,IT Online Learning,it-jobs,permanent,,Yorkshire And The Humber,2026-08-09 05:14:17+00,2026-08-09,2026-08-11,65000,65000,65000.000000000000
5833785525,Health Services Intermediate Data Analyst,Bupa Occupational Health,it-jobs,permanent,full_time,London,2026-08-08 18:43:49+00,2026-08-09,2026-08-11,40500,46000,43250.000000000000
5835661131,Finance Data Analyst,SRM RECRUITMENT LIMITED,accounting-finance-jobs,permanent,full_time,South East England,2026-08-10 15:15:56+00,2026-08-11,2026-08-11,41600,62400,52000.000000000000
5833773599,Engineering Manager: Personalization,Constructor,it-jobs,,full_time,,2026-08-08 18:32:25+00,2026-08-09,2026-08-11,100000,130000,115000.000000000000
5833761253,Data Analyst/Engineer,Chartered Insurance Institute,it-jobs,contract,full_time,London,2026-08-08 18:30:02+00,2026-08-09,2026-08-11,70001,80000,75000.500000000000
5836260172,Senior IT Network Engineer,Ocho People,it-jobs,permanent,full_time,Northern Ireland,2026-08-11 02:55:48+00,2026-08-11,2026-08-11,45000,65000,55000.000000000000
5835944279,Product Manager,Cedar,it-jobs,permanent,full_time,London,2026-08-10 21:40:31+00,2026-08-11,2026-08-11,85000,100000,92500.000000000000
5836361884,Shopper Marketing Assistant,ECS,retail-jobs,contract,,South East England,2026-08-11 05:17:42+00,2026-08-11,2026-08-11,37585,42099,39842.000000000000
5835799502,Data Engineer,Amtis Professional Ltd,it-jobs,permanent,full_time,West Midlands,2026-08-10 17:45:31+00,2026-08-11,2026-08-11,54000,59000,56500.000000000000
5835795333,Cloud Engineer,IO Associates,it-jobs,contract,,North West England,2026-08-10 17:22:46+00,2026-08-11,2026-08-11,130000,136500,133250.000000000000
5835721483,Data Governance Lead,BSI Group,it-jobs,contract,full_time,,2026-08-10 16:16:20+00,2026-08-11,2026-08-11,58500,78000,68250.000000000000
5835691673,Head of Network Observability and Analysis,Vallum Associates,it-jobs,contract,,Yorkshire And The Humber,2026-08-10 15:43:16+00,2026-08-11,2026-08-11,149500,156000,152750.000000000000
5835660736,Admin Assistant,Australasian Recruitment Company,it-jobs,permanent,,West Midlands,2026-08-10 15:15:07+00,2026-08-11,2026-08-11,41600,41600,41600.000000000000
5835632240,Senior Quantexa Data Engineer - Manchester / Hybrid,Noir,it-jobs,permanent,full_time,North West England,2026-08-10 14:55:06+00,2026-08-11,2026-08-11,60000,75000,67500.000000000000
5835632253,Senior Quantexa Data Engineer - London / Hybrid,Noir,it-jobs,permanent,full_time,London,2026-08-10 14:55:06+00,2026-08-11,2026-08-11,60000,80000,70000.000000000000
5835632232,Senior Quantexa Data Engineer - Leeds / Hybrid,Noir,it-jobs,permanent,full_time,Yorkshire And The Humber,2026-08-10 14:55:06+00,2026-08-11,2026-08-11,60000,75000,67500.000000000000
5835632220,Senior Quantexa Data Engineer - Birmingham / Hybrid,Noir,it-jobs,permanent,full_time,West Midlands,2026-08-10 14:55:06+00,2026-08-11,2026-08-11,60000,75000,67500.000000000000
5835561843,BI and Data Engineer,Copello,it-jobs,,full_time,South East England,2026-08-10 13:56:44+00,2026-08-11,2026-08-11,45000,55000,50000.000000000000
5835558707,Data Engineer,Noir,it-jobs,permanent,full_time,North East England,2026-08-10 13:50:39+00,2026-08-11,2026-08-11,45000,80000,62500.000000000000
5835558631,Senior Data Engineer (AWS) - Manchester,Noir,it-jobs,permanent,full_time,North West England,2026-08-10 13:49:57+00,2026-08-11,2026-08-11,60000,80000,70000.000000000000
5835558578,Senior Data Engineer,Understanding Recruitment,it-jobs,permanent,full_time,London,2026-08-10 13:49:37+00,2026-08-11,2026-08-11,47000,54000,50500.000000000000
5835558544,Senior Quantexa Data Engineer - Birmingham / Hybrid,Noir,it-jobs,permanent,full_time,West Midlands,2026-08-10 13:49:28+00,2026-08-11,2026-08-11,60000,75000,67500.000000000000
5835558391,SQL Server DBA / Data Engineer,Noir,it-jobs,permanent,full_time,London,2026-08-10 13:48:39+00,2026-08-11,2026-08-11,60000,85000,72500.000000000000
5835558376,Senior Quantexa Data Engineer - London / Hybrid,Noir,it-jobs,permanent,full_time,London,2026-08-10 13:48:36+00,2026-08-11,2026-08-11,60000,80000,70000.000000000000
5835558171,Data Engineer,Nigel Wright Group,it-jobs,permanent,full_time,North West England,2026-08-10 13:47:29+00,2026-08-11,2026-08-11,40000,45000,42500.000000000000
5835558038,Data Engineer (AWS) - Manchester,Noir,it-jobs,permanent,full_time,North West England,2026-08-10 13:47:00+00,2026-08-11,2026-08-11,45000,65000,55000.000000000000
5835558027,Senior Quantexa Data Engineer - Leeds / Hybrid,Noir,it-jobs,permanent,full_time,Yorkshire And The Humber,2026-08-10 13:46:55+00,2026-08-11,2026-08-11,60000,75000,67500.000000000000
5835557981,Senior Quantexa Data Engineer - Manchester / Hybrid,Noir,it-jobs,permanent,full_time,North West England,2026-08-10 13:46:33+00,2026-08-11,2026-08-11,60000,75000,67500.000000000000
5835557907,Data Engineering Lead,LMA Recruitment,it-jobs,contract,,London,2026-08-10 13:46:21+00,2026-08-11,2026-08-11,143000,156000,149500.000000000000
5835558197,Data Analyst Trainee,ITOL Recruit,it-jobs,permanent,full_time,Yorkshire And The Humber,2026-08-10 13:47:38+00,2026-08-11,2026-08-11,30000,50000,40000.000000000000
5836362250,HR Data & Insights Lead,TurleyWay Limited,hr-jobs,,,London,2026-08-11 05:18:36+00,2026-08-11,2026-08-11,80000,80000,80000.000000000000
5836362499,National Data and Analytics End to End Developer,Aldi Stores,it-jobs,contract,,West Midlands,2026-08-11 05:19:34+00,2026-08-11,2026-08-11,60000,60000,60000.000000000000
5836260171,IT Network Engineer,Ocho People,it-jobs,permanent,full_time,Northern Ireland,2026-08-11 02:55:48+00,2026-08-11,2026-08-11,28000,38000,33000.000000000000
5836180603,Senior Data Engineer,Manpower,it-jobs,permanent,,North East England,2026-08-11 01:20:30+00,2026-08-11,2026-08-11,41600,45760,43680.000000000000
5835557675,Enterprise Databricks Data Architect,Robert Half,it-jobs,permanent,,London,2026-08-10 13:45:06+00,2026-08-11,2026-08-11,182000,195000,188500.000000000000
5835557512,Principal Data Engineer (GCP),VIQU IT,it-jobs,,full_time,North West England,2026-08-10 13:42:47+00,2026-08-11,2026-08-11,90000,100000,95000.000000000000
5835799872,Senior Data Engineer,Tenth Revolution Group,it-jobs,permanent,full_time,South East England,2026-08-10 17:47:35+00,2026-08-11,2026-08-11,70000,90000,80000.000000000000
5835921243,Full Stack Software Engineer (AI / ML Platform) - Outside IR35,SR2 REC LTD,it-jobs,contract,full_time,London,2026-08-10 20:58:12+00,2026-08-11,2026-08-11,156000,169000,162500.000000000000
5835798577,Data Engineer x 3,CBSbutler Holdings Limited trading as CBSbutler,it-jobs,contract,,West Midlands,2026-08-10 17:41:48+00,2026-08-11,2026-08-11,104000,120900,112450.000000000000
5835259086,Data Engineering Manager - Manchester,We Are Fr Group,it-jobs,permanent,,North West England,2026-08-10 05:17:49+00,2026-08-10,2026-08-11,85000,85000,85000.000000000000
5834907271,Principal Product Manager,Anson Mccade,it-jobs,permanent,,South West England,2026-08-09 21:16:28+00,2026-08-10,2026-08-11,90000,90000,90000.000000000000
5835921147,Enterprise Databricks Data Architect,Robert Half,it-jobs,permanent,full_time,London,2026-08-10 20:57:37+00,2026-08-11,2026-08-11,182000,195000,188500.000000000000
5835920060,Senior IT Network Engineer,Ocho,it-jobs,,,Northern Ireland,2026-08-10 20:53:51+00,2026-08-11,2026-08-11,65000,65000,65000.000000000000
5835920054,IT Network Engineer,Ocho,it-jobs,,,Northern Ireland,2026-08-10 20:53:51+00,2026-08-11,2026-08-11,35000,35000,35000.000000000000
5835928605,Cloud Engineer,IO Associates,it-jobs,contract,,North West England,2026-08-10 21:16:42+00,2026-08-11,2026-08-11,130000,136500,133250.000000000000
5835928346,Principal Data Engineer (GCP),VIQU IT Recruitment,it-jobs,,,North West England,2026-08-10 21:15:34+00,2026-08-11,2026-08-11,100000,100000,100000.000000000000
5834881203,Data Engineer-Security Clearance Required,Northcoders Group,it-jobs,contract,full_time,,2026-08-09 18:41:01+00,2026-08-10,2026-08-11,50000,55000,52500.000000000000
5834881117,"Growth Marketing Manager, Paid Social",Monzo,pr-advertising-marketing-jobs,,,London,2026-08-09 18:40:57+00,2026-08-10,2026-08-11,57000,70000,63500.000000000000
5836186595,Lead Data Scientist,The Law Society,it-jobs,permanent,,London,2026-08-11 01:26:06+00,2026-08-11,2026-08-11,80000,80000,80000.000000000000
5836182288,"Head of Digital, Data & Technology for the Disused Tips Authority",Welsh Government,it-jobs,permanent,part_time,Wales,2026-08-11 01:22:47+00,2026-08-11,2026-08-11,75000,75000,75000.000000000000
5835950636,"Lead Genomic Data Scientist - Cancer (we have office locations in Cambridge, Leeds & London)",Genomics England,scientific-qa-jobs,contract,full_time,London,2026-08-10 21:48:44+00,2026-08-11,2026-08-11,71000,100000,85500.000000000000
5835943761,Data Science Manager,Data Idols,it-jobs,,full_time,London,2026-08-10 21:39:41+00,2026-08-11,2026-08-11,100000,120000,110000.000000000000
5835866420,Senior Data Scientist,Executive Facilities,it-jobs,contract,,London,2026-08-10 19:09:16+00,2026-08-11,2026-08-11,104000,117000,110500.000000000000
5835798548,Senior Data Scientist,EF Recruitment,it-jobs,contract,,London,2026-08-10 17:41:09+00,2026-08-11,2026-08-11,104000,117000,110500.000000000000
5836183100,AI Governance Lead,Anson Mccade,it-jobs,permanent,,South West England,2026-08-11 01:23:35+00,2026-08-11,2026-08-11,100000,100000,100000.000000000000
5835798561,Data Engineer,Amtis Professional Ltd,it-jobs,,full_time,West Midlands,2026-08-10 17:41:36+00,2026-08-11,2026-08-11,54000,59000,56500.000000000000
5836362093,AI Governance Lead,Anson Mccade,it-jobs,,,North West England,2026-08-11 05:18:12+00,2026-08-11,2026-08-11,100000,100000,100000.000000000000
5835558549,Software Developer Trainee,ITOL Recruit,it-jobs,permanent,full_time,Wales,2026-08-10 13:49:30+00,2026-08-11,2026-08-11,28000,35000,31500.000000000000
5835558511,Trainee Software Developer,ITOL Recruit,it-jobs,permanent,full_time,South East England,2026-08-10 13:49:17+00,2026-08-11,2026-08-11,29000,35000,32000.000000000000
5835558327,Trainee Software Developer,ITOL Recruit,it-jobs,permanent,full_time,London,2026-08-10 13:48:15+00,2026-08-11,2026-08-11,30000,45000,37500.000000000000
5835558322,Software Developer Trainee,ITOL Recruit,it-jobs,permanent,full_time,Scotland,2026-08-10 13:48:09+00,2026-08-11,2026-08-11,30000,35000,32500.000000000000
5835558158,Coding and Programming Trainee,ITOL Recruit,it-jobs,permanent,full_time,South West England,2026-08-10 13:47:24+00,2026-08-11,2026-08-11,26000,35000,30500.000000000000
5835558102,Trainee Software Developer,ITOL Recruit,it-jobs,permanent,full_time,Yorkshire And The Humber,2026-08-10 13:47:13+00,2026-08-11,2026-08-11,30000,45000,37500.000000000000
5835558023,Web Developer Trainee,ITOL Recruit,it-jobs,permanent,full_time,London,2026-08-10 13:46:52+00,2026-08-11,2026-08-11,30000,45000,37500.000000000000
5834880899,Senior Machine Learning Engineer: Search Quality,Constructor,it-jobs,,full_time,,2026-08-09 18:40:45+00,2026-08-10,2026-08-11,80000,120000,100000.000000000000
5835557998,Trainee Software Developer,ITOL Recruit,it-jobs,permanent,full_time,Eastern England,2026-08-10 13:46:40+00,2026-08-11,2026-08-11,26000,35000,30500.000000000000
5835557996,Web Developer Trainee,ITOL Recruit,it-jobs,permanent,full_time,Eastern England,2026-08-10 13:46:39+00,2026-08-11,2026-08-11,29000,35000,32000.000000000000
5835557735,Coding and Programming Trainee,ITOL Recruit,it-jobs,permanent,full_time,North West England,2026-08-10 13:45:28+00,2026-08-11,2026-08-11,26000,35000,30500.000000000000
5835557646,Coding and Programming Trainee,ITOL Recruit,it-jobs,permanent,full_time,West Midlands,2026-08-10 13:44:56+00,2026-08-11,2026-08-11,26000,35000,30500.000000000000
5835557607,Coding and Programming Trainee,ITOL Recruit,it-jobs,permanent,full_time,Eastern England,2026-08-10 13:44:37+00,2026-08-11,2026-08-11,26000,35000,30500.000000000000
5835384899,Senior Credit Risk Modeller,Leeds Building Society,it-jobs,permanent,,Yorkshire And The Humber,2026-08-10 09:21:59+00,2026-08-11,2026-08-11,55000,55000,55000.000000000000
5835259054,AI Engineer Placement Programme No Experience Needed,IT Online Learning,it-jobs,permanent,,North West England,2026-08-10 05:17:08+00,2026-08-10,2026-08-11,75000,75000,75000.000000000000
5835251366,Head of Data & Risk Analytics — Banking,CONFIDENTIAL Scovai,accounting-finance-jobs,permanent,full_time,Scotland,2026-08-10 04:00:23+00,2026-08-10,2026-08-11,110000,160000,135000.000000000000
5836362520,Senior Data Scientist,Randstad Digital,it-jobs,contract,,London,2026-08-11 05:19:55+00,2026-08-11,2026-08-11,104000,117000,110500.000000000000
5834881793,Principal Software Engineering Manager - FDE,Microsoft,it-jobs,contract,full_time,London,2026-08-09 18:42:49+00,2026-08-10,2026-08-11,93500,161800,127650.000000000000
5835561540,Analyst Consultant - Defence,Gregory-Martin International,it-jobs,,full_time,South East England,2026-08-10 13:56:02+00,2026-08-11,2026-08-11,40000,75000,57500.000000000000
5835558178,Software Developer Trainee,ITOL Recruit,it-jobs,permanent,full_time,London,2026-08-10 13:47:31+00,2026-08-11,2026-08-11,28000,35000,31500.000000000000
5835658658,Senior Category Manager (9 Months FTC),First Military Recruitment,logistics-warehouse-jobs,contract,,South East England,2026-08-10 15:11:56+00,2026-08-11,2026-08-11,109200,148200,128700.000000000000
5835558705,Digital Shelf & Ecommerce Manager,Harnham - Data & Analytics Recruitment,it-jobs,contract,,London,2026-08-10 13:50:39+00,2026-08-11,2026-08-11,78000,91000,84500.000000000000
5834875632,Credit Controller,AIS,accounting-finance-jobs,contract,full_time,North West England,2026-08-09 18:36:44+00,2026-08-10,2026-08-11,30001,35000,32500.500000000000
5834138756,Business Intelligence Officer,Aspen Wolf  Ltd,it-jobs,contract,,North East England,2026-08-09 01:19:13+00,2026-08-09,2026-08-11,29350,29350,29350.000000000000
5835658986,Head of Finance,UBT,accounting-finance-jobs,permanent,full_time,South East England,2026-08-10 15:12:35+00,2026-08-11,2026-08-11,75000,90000,82500.000000000000
5836362094,AI Governance Lead,Anson Mccade,it-jobs,,,London,2026-08-11 05:18:12+00,2026-08-11,2026-08-11,100000,100000,100000.000000000000
5836361627,Lead Data Scientist,The Law Society,it-jobs,,,London,2026-08-11 05:16:46+00,2026-08-11,2026-08-11,80000,80000,80000.000000000000
5833778591,Casino & Events Marketing Executive,Merkur Casino,pr-advertising-marketing-jobs,,full_time,South East England,2026-08-08 18:35:51+00,2026-08-09,2026-08-11,30000,35000,32500.000000000000
5833466930,Project Accountant,Morson Edge,accounting-finance-jobs,contract,full_time,South East England,2026-08-08 14:20:25+00,2026-08-09,2026-08-11,62400,62400,62400.000000000000
5836279507,Senior Machine Learning Scientist,Harnham - Data & Analytics Recruitment,it-jobs,permanent,full_time,London,2026-08-11 03:14:50+00,2026-08-11,2026-08-11,80000,95000,87500.000000000000
5836272456,AI Engineer,Harnham - Data & Analytics Recruitment,it-jobs,permanent,full_time,London,2026-08-11 03:11:35+00,2026-08-11,2026-08-11,80000,85000,82500.000000000000
5833431294,Project Accountant,Morson Edge,accounting-finance-jobs,,full_time,South East England,2026-08-08 13:13:39+00,2026-08-09,2026-08-11,62400,62400,62400.000000000000
5833427267,Product Analyst,CarFinance 247,it-jobs,,,North West England,2026-08-08 13:12:56+00,2026-08-09,2026-08-11,50000,50000,50000.000000000000
5833426778,Commercial Management Accountant,Robert Half Limited,accounting-finance-jobs,permanent,,South West England,2026-08-08 13:12:24+00,2026-08-09,2026-08-11,70000,70000,70000.000000000000
5836439241,Senior Contracts Manager,Reed in Partnership,accounting-finance-jobs,permanent,full_time,North West England,2026-08-11 07:18:53+00,2026-08-11,2026-08-11,50000,50000,50000.000000000000
5836405928,Digital Platform Coordinator,RNLI,it-jobs,permanent,full_time,South West England,2026-08-11 06:31:06+00,2026-08-11,2026-08-11,29951,35236,32593.500000000000
5836387535,Catastrophic Injury Solicitor,Bydand Recruitment Group,legal-jobs,permanent,full_time,North West England,2026-08-11 06:26:07+00,2026-08-11,2026-08-11,50000,65000,57500.000000000000
5836387537,Catastrophic Injury Solicitor,Bydand Recruitment Group,legal-jobs,permanent,full_time,West Midlands,2026-08-11 06:26:07+00,2026-08-11,2026-08-11,44000,50000,47000.000000000000
5836383437,Systems Development Officer,Mansfield District Council,it-jobs,,full_time,East Midlands,2026-08-11 06:25:01+00,2026-08-11,2026-08-11,25000,29999,27499.500000000000
5836383238,Technical and Support Officers,Durham County Council,it-jobs,,full_time,North East England,2026-08-11 06:24:59+00,2026-08-11,2026-08-11,25000,29999,27499.500000000000
5836362647,Area Sales Manager,Morson Edge,sales-jobs,,,North West England,2026-08-11 05:21:27+00,2026-08-11,2026-08-11,55000,55000,55000.000000000000
5836362626,KYC & AML Client Onboarding Analyst,GOLDEN HIRING LIMITED,accounting-finance-jobs,,,London,2026-08-11 05:21:01+00,2026-08-11,2026-08-11,50000,50000,50000.000000000000
5836362623,Graduate Sustainable Investment Associate,GOLDEN HIRING LIMITED,graduate-jobs,,,London,2026-08-11 05:20:57+00,2026-08-11,2026-08-11,35000,35000,35000.000000000000
5836362614,Cyber Security Analyst,DGH Recruitment,it-jobs,,,London,2026-08-11 05:20:48+00,2026-08-11,2026-08-11,80000,80000,80000.000000000000
5836362566,Business Consultant,Lynx Recruitment Limited,consultancy-jobs,,,London,2026-08-11 05:20:12+00,2026-08-11,2026-08-11,90000,90000,90000.000000000000
5836362526,Graduate Mechanical Engineer,Kadtech Ltd,graduate-jobs,,,Eastern England,2026-08-11 05:20:03+00,2026-08-11,2026-08-11,35000,35000,35000.000000000000
5836362515,KYC & AML Client Onboarding Analyst,GOLDEN HIRING LIMITED,accounting-finance-jobs,,,North West England,2026-08-11 05:19:55+00,2026-08-11,2026-08-11,50000,50000,50000.000000000000
5836362517,Compliance Manager (CQC),Magnus Search - Midlands/NW,admin-jobs,,,London,2026-08-11 05:19:55+00,2026-08-11,2026-08-11,60000,60000,60000.000000000000
5836362513,Graduate Sustainable Investment Associate,GOLDEN HIRING LIMITED,graduate-jobs,,,North West England,2026-08-11 05:19:49+00,2026-08-11,2026-08-11,35000,35000,35000.000000000000
5836362511,Trainee Accountant,Proactive Personnel - Telford,accounting-finance-jobs,,,West Midlands,2026-08-11 05:19:47+00,2026-08-11,2026-08-11,26000,26000,26000.000000000000
5835660541,Senior Sponsorship Sales Manager - Capital Markets,Lipton Media,sales-jobs,permanent,full_time,London,2026-08-10 15:14:50+00,2026-08-11,2026-08-11,50000,65000,57500.000000000000
5835659556,Account Executive,ABR Associates Ltd,sales-jobs,permanent,full_time,London,2026-08-10 15:13:19+00,2026-08-11,2026-08-11,65000,130000,97500.000000000000
5836362474,Final Mile Territory Manager FTC,Evri,logistics-warehouse-jobs,contract,full_time,Eastern England,2026-08-11 05:19:23+00,2026-08-11,2026-08-11,30000,30000,30000.000000000000
5836362449,Quality Inspector,INNOV8 SYNERGY Talent Management Ltd,engineering-jobs,permanent,,West Midlands,2026-08-11 05:19:21+00,2026-08-11,2026-08-11,35000,35000,35000.000000000000
5836362432,Buying Assistant,BODYPOWER SPORTS LTD,admin-jobs,permanent,,East Midlands,2026-08-11 05:19:21+00,2026-08-11,2026-08-11,26000,26000,26000.000000000000
5836362306,Graduate Internal Sales Representative,SherwinWilliamsUk,graduate-jobs,contract,,West Midlands,2026-08-11 05:18:48+00,2026-08-11,2026-08-11,30000,30000,30000.000000000000
5836362228,Head of Finance,Hamilton Woods,accounting-finance-jobs,permanent,,East Midlands,2026-08-11 05:18:29+00,2026-08-11,2026-08-11,100000,100000,100000.000000000000
5836362233,Technical Accounting Partner 18-month FTC,Low Carbon Contracts Company,accounting-finance-jobs,contract,,London,2026-08-11 05:18:29+00,2026-08-11,2026-08-11,70000,70000,70000.000000000000
5836362224,Pensions Analyst,Fintelligent Search,accounting-finance-jobs,,,North West England,2026-08-11 05:18:29+00,2026-08-11,2026-08-11,30000,30000,30000.000000000000
5836362187,Assistant Quantity Surveyor,Building Careers UK Ltd,trade-construction-jobs,permanent,,North West England,2026-08-11 05:18:24+00,2026-08-11,2026-08-11,45000,45000,45000.000000000000
5836362157,Retail Store Manager,American Golf,retail-jobs,permanent,,Scotland,2026-08-11 05:18:20+00,2026-08-11,2026-08-11,30000,30000,30000.000000000000
5836362073,KYC & AML Client Onboarding Analyst,GOLDEN HIRING LIMITED,accounting-finance-jobs,permanent,,Eastern England,2026-08-11 05:18:07+00,2026-08-11,2026-08-11,50000,50000,50000.000000000000
5836362062,Internal Sales Executive,Verto People,sales-jobs,permanent,,South East England,2026-08-11 05:18:00+00,2026-08-11,2026-08-11,45000,45000,45000.000000000000
5836362030,Quality Manager,New College Swindon,teaching-jobs,,,South West England,2026-08-11 05:17:51+00,2026-08-11,2026-08-11,50000,50000,50000.000000000000
5836361968,Electronics Design Engineer,Morson Edge,engineering-jobs,permanent,,North West England,2026-08-11 05:17:46+00,2026-08-11,2026-08-11,60000,60000,60000.000000000000
5836361913,Buying Assistant,BODYPOWER SPORTS LTD,admin-jobs,,,East Midlands,2026-08-11 05:17:42+00,2026-08-11,2026-08-11,26000,26000,26000.000000000000
5836361820,Quality Assurance Officer,Touchstar Technologies Limited,it-jobs,permanent,,North West England,2026-08-11 05:17:22+00,2026-08-11,2026-08-11,40000,40000,40000.000000000000
5836361810,Systems Development Officer,South Holland District Council,it-jobs,contract,part_time,East Midlands,2026-08-11 05:17:21+00,2026-08-11,2026-08-11,35000,35000,35000.000000000000
5836361772,Graduate Internal Sales Representative,SherwinWilliamsUk,graduate-jobs,,,West Midlands,2026-08-11 05:17:15+00,2026-08-11,2026-08-11,30000,30000,30000.000000000000
5836361654,Senior Technical Architect,DWP Digital,it-jobs,permanent,,North West England,2026-08-11 05:16:52+00,2026-08-11,2026-08-11,80000,80000,80000.000000000000
5836361652,Lead Full Stack Engineer Golang React API,Client Server,it-jobs,permanent,,London,2026-08-11 05:16:51+00,2026-08-11,2026-08-11,95000,95000,95000.000000000000
5836361427,Internal Sales Executive,Verto People,sales-jobs,,,South East England,2026-08-11 05:15:23+00,2026-08-11,2026-08-11,45000,45000,45000.000000000000
5836361390,Electronics Design Engineer,Morson Edge,engineering-jobs,permanent,,North West England,2026-08-11 05:15:08+00,2026-08-11,2026-08-11,60000,60000,60000.000000000000
5836361329,Quantity Surveyor,Morson Edge,trade-construction-jobs,,full_time,North West England,2026-08-11 05:14:49+00,2026-08-11,2026-08-11,60000,60000,60000.000000000000
5836361281,"Senior Analyst, Ad Strategy [AQ-11921]",Aquent,creative-design-jobs,contract,,London,2026-08-11 05:14:33+00,2026-08-11,2026-08-11,65208,72446,68827.000000000000
5836361212,Finance Schemes & Reporting Partner,Low Carbon Contracts Company,accounting-finance-jobs,,full_time,Yorkshire And The Humber,2026-08-11 05:12:39+00,2026-08-11,2026-08-11,70000,70000,70000.000000000000
5837137721,Data Analyst - Heathrow,Datatech Analytics,it-jobs,,,,2026-08-11 21:20:30+00,2026-08-12,2026-08-12,60000,60000,60000.000000000000
5837137718,Data Analyst - Newcastle,Datatech Analytics,it-jobs,,,,2026-08-11 21:20:30+00,2026-08-12,2026-08-12,60000,60000,60000.000000000000
5836707196,Data Analyst Trainee,ITOL Recruit,it-jobs,permanent,full_time,London,2026-08-11 13:50:58+00,2026-08-12,2026-08-12,30000,50000,40000.000000000000
5836610715,Apprenticeships at Citizen,Citizen Housing Group,admin-jobs,permanent,full_time,West Midlands,2026-08-11 11:36:31+00,2026-08-12,2026-08-12,20875,24454,22664.500000000000
5836604952,Data Analyst - Marston Green,VIQU IT,it-jobs,,full_time,West Midlands,2026-08-11 11:34:48+00,2026-08-12,2026-08-12,30000,35000,32500.000000000000
5836498090,Data Analyst Trainee,ITOL Recruit,it-jobs,permanent,full_time,South East England,2026-08-11 09:47:18+00,2026-08-12,2026-08-12,30000,50000,40000.000000000000
5836498073,Data Science Trainee,ITOL Recruit,it-jobs,permanent,full_time,South West England,2026-08-11 09:47:02+00,2026-08-12,2026-08-12,30000,50000,40000.000000000000
5836498022,Data Analyst Trainee,ITOL Recruit,it-jobs,permanent,full_time,London,2026-08-11 09:46:21+00,2026-08-12,2026-08-12,30000,50000,40000.000000000000
5836498005,Data Analyst Trainee,ITOL Recruit,it-jobs,permanent,full_time,West Midlands,2026-08-11 09:46:04+00,2026-08-12,2026-08-12,30000,50000,40000.000000000000
5836497993,Data Science Trainee,ITOL Recruit,it-jobs,permanent,full_time,Eastern England,2026-08-11 09:46:00+00,2026-08-12,2026-08-12,30000,50000,40000.000000000000
5836497852,Trainee Data Analyst,ITOL Recruit,it-jobs,permanent,full_time,South East England,2026-08-11 09:44:53+00,2026-08-12,2026-08-12,30000,50000,40000.000000000000
5836497804,Data Science Trainee,ITOL Recruit,it-jobs,permanent,full_time,South East England,2026-08-11 09:44:50+00,2026-08-12,2026-08-12,30000,50000,40000.000000000000
5836497797,Data Analyst Trainee,ITOL Recruit,it-jobs,permanent,full_time,,2026-08-11 09:44:49+00,2026-08-12,2026-08-12,30000,50000,40000.000000000000
5836497756,Data Analyst Trainee,ITOL Recruit,it-jobs,permanent,full_time,London,2026-08-11 09:44:42+00,2026-08-12,2026-08-12,30000,50000,40000.000000000000
5836495744,Trainee Data Analyst,ITOL Recruit,it-jobs,permanent,full_time,London,2026-08-11 09:44:06+00,2026-08-12,2026-08-12,30000,50000,40000.000000000000
5836493700,Data Analyst Trainee,ITOL Recruit,it-jobs,permanent,full_time,North West England,2026-08-11 09:43:25+00,2026-08-12,2026-08-12,30000,50000,40000.000000000000
5836493115,Data Analyst Trainee,ITOL Recruit,it-jobs,permanent,full_time,Eastern England,2026-08-11 09:43:16+00,2026-08-12,2026-08-12,30000,50000,40000.000000000000
5836493066,Data Analyst Trainee,ITOL Recruit,it-jobs,permanent,full_time,London,2026-08-11 09:43:02+00,2026-08-12,2026-08-12,30000,50000,40000.000000000000
5836493007,Trainee Data Analyst,ITOL Recruit,it-jobs,permanent,full_time,North West England,2026-08-11 09:42:55+00,2026-08-12,2026-08-12,30000,50000,40000.000000000000
5836491733,Data Science Trainee,ITOL Recruit,it-jobs,permanent,full_time,West Midlands,2026-08-11 09:41:58+00,2026-08-12,2026-08-12,30000,50000,40000.000000000000
5836362628,Data Analyst,Fintelligent Search,accounting-finance-jobs,,,North West England,2026-08-11 05:21:01+00,2026-08-11,2026-08-12,30000,30000,30000.000000000000
5836362627,Junior Data Analyst,Morson Edge,it-jobs,,,London,2026-08-11 05:21:01+00,2026-08-11,2026-08-12,30000,30000,30000.000000000000
5836186647,Shopper Marketing Assistant,ECS,retail-jobs,contract,,South East England,2026-08-11 01:26:11+00,2026-08-12,2026-08-12,37585,42099,39842.000000000000
5836182466,Data Analyst Placement Programme No Experience Needed,IT Online Learning,it-jobs,permanent,,North West England,2026-08-11 01:22:58+00,2026-08-11,2026-08-12,65000,65000,65000.000000000000
5835929587,Data Analyst,The Workshop,it-jobs,permanent,full_time,South East England,2026-08-10 21:20:23+00,2026-08-11,2026-08-12,40000,40000,40000.000000000000
5835920078,Data Officer,VANRATH,it-jobs,,,Northern Ireland,2026-08-10 20:53:51+00,2026-08-11,2026-08-12,40000,40000,40000.000000000000
5835874674,Business Analyst,Adecco,it-jobs,contract,,London,2026-08-10 20:03:07+00,2026-08-11,2026-08-12,66300,73580,69940.000000000000
5835874131,Shopper Marketing Assistant,ECS Resource Group Ltd,retail-jobs,contract,,South East England,2026-08-10 20:00:43+00,2026-08-11,2026-08-12,37585,42099,39842.000000000000
5835871192,Data Analyst,Fintelligent Search,accounting-finance-jobs,,full_time,North West England,2026-08-10 19:49:43+00,2026-08-11,2026-08-12,30000,32000,31000.000000000000
5835870322,Data Analyst,Hypercreate Ltd,it-jobs,,full_time,London,2026-08-10 19:43:07+00,2026-08-11,2026-08-12,29000,35000,32000.000000000000
5835870267,Data Analyst,Hypercreate Ltd,it-jobs,,full_time,London,2026-08-10 19:42:56+00,2026-08-11,2026-08-12,29000,35000,32000.000000000000
5835870270,Data Analyst,Hypercreate Ltd,it-jobs,,full_time,London,2026-08-10 19:42:56+00,2026-08-11,2026-08-12,29000,35000,32000.000000000000
5835868024,Business Analyst,Adecco,it-jobs,contract,,London,2026-08-10 19:12:33+00,2026-08-11,2026-08-12,66398,73756,70077.000000000000
5835867580,HR Analyst,Reed,it-jobs,permanent,full_time,North East England,2026-08-10 19:10:48+00,2026-08-11,2026-08-12,50000,50000,50000.000000000000
5835798575,Data Analyst,Hypercreate Ltd,it-jobs,,full_time,London,2026-08-10 17:41:48+00,2026-08-11,2026-08-12,29000,35000,32000.000000000000
5835756490,Lead Data Engineer,TPXimpact,it-jobs,contract,full_time,,2026-08-10 16:36:21+00,2026-08-11,2026-08-12,49600,74400,62000.000000000000
5835685712,Data Analyst,VIQU IT,it-jobs,,full_time,West Midlands,2026-08-10 15:39:18+00,2026-08-11,2026-08-12,30000,35000,32500.000000000000
5835685638,Data Analyst,Hypercreate Ltd,it-jobs,,full_time,London,2026-08-10 15:39:06+00,2026-08-11,2026-08-12,29000,35000,32000.000000000000
5835659714,Exposure / Quantitative Data Analyst,Insight Select Ltd,accounting-finance-jobs,permanent,full_time,London,2026-08-10 15:13:41+00,2026-08-11,2026-08-12,80000,90000,85000.000000000000
5835558721,Data Science Trainee,ITOL Recruit,it-jobs,permanent,full_time,South East England,2026-08-10 13:50:42+00,2026-08-11,2026-08-12,30000,50000,40000.000000000000
5835558668,Data Analyst Trainee,ITOL Recruit,it-jobs,permanent,full_time,West Midlands,2026-08-10 13:50:27+00,2026-08-11,2026-08-12,30000,50000,40000.000000000000
5835558606,Trainee Data Analyst,ITOL Recruit,it-jobs,permanent,full_time,North West England,2026-08-10 13:49:46+00,2026-08-11,2026-08-12,30000,50000,40000.000000000000
5835558591,Data Science Trainee,ITOL Recruit,it-jobs,permanent,full_time,London,2026-08-10 13:49:41+00,2026-08-11,2026-08-12,30000,50000,40000.000000000000
5835558414,Trainee Data Analyst,ITOL Recruit,it-jobs,permanent,full_time,South East England,2026-08-10 13:48:53+00,2026-08-11,2026-08-12,30000,50000,40000.000000000000
5835558399,Trainee Data Analyst,ITOL Recruit,it-jobs,permanent,full_time,London,2026-08-10 13:48:48+00,2026-08-11,2026-08-12,30000,50000,40000.000000000000
5835558369,Data Analyst Trainee,ITOL Recruit,it-jobs,permanent,full_time,Eastern England,2026-08-10 13:48:34+00,2026-08-11,2026-08-12,30000,50000,40000.000000000000
5835558261,Data Analyst Trainee,ITOL Recruit,it-jobs,permanent,full_time,London,2026-08-10 13:47:51+00,2026-08-11,2026-08-12,30000,50000,40000.000000000000
5835558203,Data Analyst Trainee,ITOL Recruit,it-jobs,permanent,full_time,North West England,2026-08-10 13:47:42+00,2026-08-11,2026-08-12,30000,50000,40000.000000000000
5837119645,Senior Frontend Engineer (Full-stack),Soda Data,engineering-jobs,,,,2026-08-11 19:38:26+00,2026-08-12,2026-08-12,85000,120000,102500.000000000000
5837032509,Databricks Architect (SC Cleared),Morgan Hunt Recruitment,it-jobs,contract,,London,2026-08-11 17:51:33+00,2026-08-12,2026-08-12,182000,260000,221000.000000000000
5837031246,Analytics Engineer - £650/day Inside IR35 - Immediate Start,Tenth Revolution Group,it-jobs,contract,,London,2026-08-11 17:47:14+00,2026-08-12,2026-08-12,156000,169000,162500.000000000000
5837027947,Digital Product Manager - Data Services,ShareForce,it-jobs,contract,full_time,,2026-08-11 17:30:54+00,2026-08-12,2026-08-12,130000,143000,136500.000000000000
5837024480,Data Engineer,Anson Mccade,it-jobs,permanent,,North East England,2026-08-11 17:19:14+00,2026-08-12,2026-08-12,50000,50000,50000.000000000000
5836712319,Quality Assurance Coordinator,Inspire Resourcing Ltd,manufacturing-jobs,,full_time,East Midlands,2026-08-11 13:56:36+00,2026-08-12,2026-08-12,29000,33000,31000.000000000000
5836708314,Senior Data Engineer - Azure - Fabric - Remote - £90K,Tenth Revolution Group,it-jobs,permanent,full_time,Yorkshire And The Humber,2026-08-11 13:53:01+00,2026-08-12,2026-08-12,75000,90000,82500.000000000000
5836707478,Data Observability Engineer,Ashdown Group,it-jobs,permanent,full_time,London,2026-08-11 13:52:12+00,2026-08-12,2026-08-12,80000,95000,87500.000000000000
5836704673,Principal AI Data Engineer,Tatton Recruitment,it-jobs,contract,,London,2026-08-11 13:46:08+00,2026-08-12,2026-08-12,195000,208000,201500.000000000000
5836698790,Adobe Experience Platform Architect,Sanderson Recruitment,it-jobs,,,London,2026-08-11 13:18:58+00,2026-08-12,2026-08-12,130000,130260,130130.000000000000
5836624792,Data Platform Lead,SF Partners,it-jobs,,full_time,North West England,2026-08-11 11:43:06+00,2026-08-12,2026-08-12,80000,90000,85000.000000000000
5836604912,Principal Data Engineer (GCP),VIQU IT,it-jobs,,full_time,West Midlands,2026-08-11 11:34:48+00,2026-08-12,2026-08-12,90000,100000,95000.000000000000
5836604996,Senior Data Engineer,Manpower,it-jobs,contract,full_time,North East England,2026-08-11 11:34:48+00,2026-08-12,2026-08-12,41600,45760,43680.000000000000
5836604900,Senior Data Engineer,Anson McCade,it-jobs,,full_time,North East England,2026-08-11 11:34:47+00,2026-08-12,2026-08-12,37000,68500,52750.000000000000
5836604867,Principal Consultant - Cloud & Engineering,Zhlke Engineering Limited,it-jobs,,full_time,London,2026-08-11 11:34:43+00,2026-08-12,2026-08-12,34000,74000,54000.000000000000
5837505456,Principal Data Scientist (Fine-tuning & Model Optimisation),Experis,it-jobs,permanent,full_time,,2026-08-12 01:44:22+00,2026-08-12,2026-08-12,110000,130000,120000.000000000000
5837114632,UKIC DV Cleared Roles,Matchtech,it-jobs,contract,,South West England,2026-08-11 19:15:11+00,2026-08-12,2026-08-12,208000,208000,208000.000000000000
5836838936,Open Research Specialist,Wellcome,admin-jobs,permanent,,,2026-08-11 16:21:33+00,2026-08-12,2026-08-12,44320,55400,49860.000000000000
5836708960,Trainee Software Developer,ITOL Recruit,it-jobs,permanent,full_time,East Midlands,2026-08-11 13:53:19+00,2026-08-12,2026-08-12,30000,45000,37500.000000000000
5836708835,Software Developer Trainee,ITOL Recruit,it-jobs,permanent,full_time,North West England,2026-08-11 13:53:16+00,2026-08-12,2026-08-12,28000,35000,31500.000000000000
5836825534,Energy Data Analyst,Veolia,accounting-finance-jobs,,full_time,London,2026-08-11 15:54:25+00,2026-08-12,2026-08-12,31000,31000,31000.000000000000
5836704024,Forward Deployed Engineer – AI Engineer,Pracyva ltd,it-jobs,contract,,,2026-08-11 13:45:18+00,2026-08-12,2026-08-12,91000,104000,97500.000000000000
5836493082,Trainee Data Analyst,ITOL Recruit,it-jobs,permanent,full_time,South East England,2026-08-11 09:43:08+00,2026-08-12,2026-08-12,30000,50000,40000.000000000000
5837505517,Senior Data Engineer (Snowflake),Experis,it-jobs,permanent,full_time,London,2026-08-12 01:45:11+00,2026-08-12,2026-08-12,120000,150000,135000.000000000000
5837505823,Product Owner (Data),LMA Recruitment,it-jobs,contract,,London,2026-08-12 01:48:19+00,2026-08-12,2026-08-12,156000,169000,162500.000000000000
5837497576,SC Cleared Data Engineer - Databricks,IO Associates,it-jobs,contract,,South West England,2026-08-12 01:26:30+00,2026-08-12,2026-08-12,110500,123500,117000.000000000000
5837169779,Data Engineer-Wealth/Asset Management,Hydrogen Group,it-jobs,permanent,full_time,London,2026-08-11 21:46:55+00,2026-08-12,2026-08-12,95000,150000,122500.000000000000
5837138216,Data Engineer,Morson Edge,it-jobs,contract,,South West England,2026-08-11 21:21:32+00,2026-08-12,2026-08-12,110240,110240,110240.000000000000
5835558198,Trainee Data Analyst,ITOL Recruit,it-jobs,permanent,full_time,Yorkshire And The Humber,2026-08-10 13:47:39+00,2026-08-11,2026-08-12,30000,50000,40000.000000000000
5836604956,Power Platform Solutions Architect - Stockton-On-Tees,razorblue Careers,it-jobs,,full_time,North East England,2026-08-11 11:34:48+00,2026-08-12,2026-08-12,55000,60000,57500.000000000000
5837727985,AWS Data Engineer,Datatech Analytics,it-jobs,,,London,2026-08-12 05:20:05+00,2026-08-12,2026-08-12,75000,75000,75000.000000000000
5837586802,ML Quant Researcher/Developer,Selby Jennings London,it-jobs,permanent,full_time,London,2026-08-12 02:57:19+00,2026-08-12,2026-08-12,150000,200000,175000.000000000000
5835873800,Data Analyst 6 Month FTC,Blue Legal,it-jobs,contract,,London,2026-08-10 19:59:01+00,2026-08-11,2026-08-12,70000,75000,72500.000000000000
5837138212,Data Observability Engineer,Ashdown Group,it-jobs,,,London,2026-08-11 21:21:32+00,2026-08-12,2026-08-12,95000,95000,95000.000000000000
5837136472,Senior Data Engineer - Python / PySpark / SQL,Harvey Nash,it-jobs,,,London,2026-08-11 21:17:27+00,2026-08-12,2026-08-12,129740,130000,129870.000000000000
5837130444,Data Engineer (GCP/AWS),Square One Resources,it-jobs,contract,full_time,London,2026-08-11 20:57:10+00,2026-08-12,2026-08-12,169000,195000,182000.000000000000
5837119647,Senior Full-Stack Engineer (Backend  Frontend),Soda Data,it-jobs,,,,2026-08-11 19:38:26+00,2026-08-12,2026-08-12,85000,120000,102500.000000000000
5837119646,Senior Backend  Infrastructure Engineer (Platform),Soda Data,it-jobs,,,,2026-08-11 19:38:26+00,2026-08-12,2026-08-12,85000,120000,102500.000000000000
5836604850,Lead Data Engineer,Hackajob Ltd,it-jobs,,full_time,London,2026-08-11 11:34:39+00,2026-08-12,2026-08-12,95000,95000,95000.000000000000
5836362571,Transformation Manager,Cedar Recruitment,it-jobs,,,London,2026-08-11 05:20:25+00,2026-08-11,2026-08-12,100000,100000,100000.000000000000
5836707333,Principal AI Data Engineer,Certain Advantage,it-jobs,permanent,,London,2026-08-11 13:51:32+00,2026-08-12,2026-08-12,195000,208000,201500.000000000000
5836707186,Data Platform Lead,SF Partners,it-jobs,permanent,full_time,North West England,2026-08-11 13:50:54+00,2026-08-12,2026-08-12,80000,90000,85000.000000000000
5837727306,AI Engineer Placement Programme No Experience Needed,IT Online Learning,it-jobs,permanent,,West Midlands,2026-08-12 05:19:00+00,2026-08-12,2026-08-12,75000,75000,75000.000000000000
5836709419,Coding and Programming Trainee,ITOL Recruit,it-jobs,permanent,full_time,London,2026-08-11 13:53:51+00,2026-08-12,2026-08-12,27000,35000,31000.000000000000
5836844252,"Senior Automation Engineer, Platform Biology",Vesalius Therapeutics,engineering-jobs,,,,2026-08-11 16:27:10+00,2026-08-12,2026-08-12,108000,170700,139350.000000000000
5836698488,AI Governance Lead,Anson Mccade,it-jobs,,,Scotland,2026-08-11 13:16:04+00,2026-08-12,2026-08-12,100000,100000,100000.000000000000
5836604989,"Head of Digital, Data & Technology",Welsh Government,it-jobs,,full_time,Wales,2026-08-11 11:34:48+00,2026-08-12,2026-08-12,75000,75000,75000.000000000000
5836778938,AI Engineer,Harnham - Data & Analytics Recruitment,it-jobs,permanent,full_time,London,2026-08-11 15:16:52+00,2026-08-12,2026-08-12,75000,85000,80000.000000000000
5837727729,Cloud Engineer,IO Associates,it-jobs,contract,,North West England,2026-08-12 05:19:33+00,2026-08-12,2026-08-12,130000,136500,133250.000000000000
5837727086,AI Engineer,Datatech Analytics,it-jobs,,,London,2026-08-12 05:18:33+00,2026-08-12,2026-08-12,90000,90000,90000.000000000000
5836443723,Commercial Data and Insights Officer,Kent County Council,accounting-finance-jobs,permanent,full_time,South East England,2026-08-11 07:51:04+00,2026-08-12,2026-08-12,36264,39760,38012.000000000000
5836361347,"Head of Digital, Data & Technology for the Disused Tips Authority",Welsh Government,it-jobs,,part_time,Wales,2026-08-11 05:14:56+00,2026-08-11,2026-08-12,75000,75000,75000.000000000000
5836339000,Highways Systems and Data Apprentice,Warwickshire County Council,it-jobs,,,West Midlands,2026-08-11 03:59:50+00,2026-08-11,2026-08-12,20947,20947,20947.000000000000
5836335803,Accounts Technician (Newry),VANRATH,accounting-finance-jobs,contract,,Northern Ireland,2026-08-11 03:55:48+00,2026-08-11,2026-08-12,30000,30000,30000.000000000000
5836186660,Public affairs & Comms Officer - Full or Part time,Daniel-Scott Recruitment Ltd,part-time-jobs,permanent,part_time,West Midlands,2026-08-11 01:26:12+00,2026-08-11,2026-08-12,35000,35000,35000.000000000000
5836062154,Senior Finance Analyst,Broster Buchanan,accounting-finance-jobs,permanent,full_time,North West England,2026-08-10 23:13:47+00,2026-08-11,2026-08-12,50000,55000,52500.000000000000
5836061871,Finance Business Partner,Reed,accounting-finance-jobs,permanent,full_time,Eastern England,2026-08-10 23:10:38+00,2026-08-11,2026-08-12,65000,75000,70000.000000000000
5836604697,Data Science Manager,Data Idols,it-jobs,,full_time,London,2026-08-11 11:34:30+00,2026-08-12,2026-08-12,100000,120000,110000.000000000000
5836479199,Director of Financial Crime,Adria Solutions,it-jobs,permanent,,North West England,2026-08-11 09:32:21+00,2026-08-12,2026-08-12,100000,100000,100000.000000000000
5835799709,Software Engineer - AI & Business Solutions,Proactive Appointments,it-jobs,permanent,full_time,South East England,2026-08-10 17:46:41+00,2026-08-11,2026-08-12,40000,60000,50000.000000000000
5835696273,Senior Category Manager (9 Months FTC),First Military Recruitment Ltd,logistics-warehouse-jobs,contract,,South East England,2026-08-10 15:49:58+00,2026-08-11,2026-08-12,109200,148200,128700.000000000000
5835685501,IT & Systems Manager,Castle Employment,it-jobs,,full_time,Yorkshire And The Humber,2026-08-10 15:38:54+00,2026-08-11,2026-08-12,50000,50000,50000.000000000000
5835665662,Commercial Operations Manager,Dayshape,sales-jobs,,full_time,,2026-08-10 15:29:27+00,2026-08-11,2026-08-12,50000,60000,55000.000000000000
5835660883,Head of Event Operations,Lipton Media,hospitality-catering-jobs,permanent,full_time,London,2026-08-10 15:15:23+00,2026-08-11,2026-08-12,70000,80000,75000.000000000000
5837866931,Swedish or Norwegian speaking Client Services Associate,The Language Business,customer-services-jobs,permanent,full_time,London,2026-08-12 08:07:30+00,2026-08-12,2026-08-12,45000,45000,45000.000000000000
5837855173,Project Officer,Kent County Council,admin-jobs,permanent,full_time,South East England,2026-08-12 07:55:08+00,2026-08-12,2026-08-12,29167,30934,30050.500000000000
5837759152,HR Generalist,Instant On IT,hr-jobs,permanent,full_time,London,2026-08-12 06:19:49+00,2026-08-12,2026-08-12,45000,52000,48500.000000000000
5837743246,Legionella Risk Assessor,Dalkia UK ,trade-construction-jobs,,full_time,Scotland,2026-08-12 05:59:14+00,2026-08-12,2026-08-12,31000,34000,32500.000000000000
5837728530,Executive Search Consultant - Investment Banking & Hedge Funds,Rule Recruitment,sales-jobs,permanent,,London,2026-08-12 05:21:29+00,2026-08-12,2026-08-12,45000,45000,45000.000000000000
5837728484,Senior Social Worker,Birmingham Children's Trust,social-work-jobs,,,West Midlands,2026-08-12 05:21:25+00,2026-08-12,2026-08-12,50000,50000,50000.000000000000
5837728250,Procurement Manager,Invictus Recruitment,retail-jobs,,,South East England,2026-08-12 05:20:43+00,2026-08-12,2026-08-12,70000,70000,70000.000000000000
5837728214,Executive Researcher- International Scope,Rule Recruitment,hr-jobs,permanent,,London,2026-08-12 05:20:36+00,2026-08-12,2026-08-12,55000,55000,55000.000000000000
5837728211,Head of People Partnering & Talent,We Are Fr Group,hr-jobs,contract,,North West England,2026-08-12 05:20:35+00,2026-08-12,2026-08-12,85000,85000,85000.000000000000
5837728146,Retail Area Manager,Alexander Steele Ltd,retail-jobs,permanent,,Scotland,2026-08-12 05:20:30+00,2026-08-12,2026-08-12,45000,45000,45000.000000000000
5837136799,Principal AI Data Engineer,Certain Advantage,it-jobs,contract,,London,2026-08-11 21:18:51+00,2026-08-12,2026-08-12,195000,208000,201500.000000000000
5837137650,Senior Category Manager - SC,Aspect Resources,logistics-warehouse-jobs,contract,,South East England,2026-08-11 21:20:18+00,2026-08-12,2026-08-12,145600,160576,153088.000000000000
5837727881,Store Planner - Retail,DFS Furniture Ltd,retail-jobs,permanent,,Yorkshire And The Humber,2026-08-12 05:19:50+00,2026-08-12,2026-08-12,35000,35000,35000.000000000000
5837727828,Marketing Manager,We Are Fr Group,pr-advertising-marketing-jobs,permanent,,North West England,2026-08-12 05:19:44+00,2026-08-12,2026-08-12,35000,35000,35000.000000000000
5837727822,Senior Software Full Stack Developer - FTC [UK],Spyrosoft Ltd,it-jobs,contract,full_time,London,2026-08-12 05:19:44+00,2026-08-12,2026-08-12,70000,70000,70000.000000000000
5837727825,Senior Marketing Communications Executive,JLA Limited,pr-advertising-marketing-jobs,permanent,full_time,Yorkshire And The Humber,2026-08-12 05:19:44+00,2026-08-12,2026-08-12,35000,35000,35000.000000000000
5837727723,Quality Assurance Analyst,X-On Health,it-jobs,permanent,,,2026-08-12 05:19:33+00,2026-08-12,2026-08-12,28000,28000,28000.000000000000
5837727663,"Senior FX Dealer Full-time | Office-based | Tring, Hertfordshire | £30",Ten2Two Ltd,sales-jobs,permanent,full_time,,2026-08-12 05:19:31+00,2026-08-12,2026-08-12,30000,30000,30000.000000000000
5837727661,Internal Audit Lead,Eurocell Group PLC,accounting-finance-jobs,permanent,,East Midlands,2026-08-12 05:19:31+00,2026-08-12,2026-08-12,45000,45000,45000.000000000000
5837727618,Senior Buyer,Elite 360 Resourcing Ltd,retail-jobs,permanent,full_time,North West England,2026-08-12 05:19:26+00,2026-08-12,2026-08-12,50000,50000,50000.000000000000
5837727606,QHSE Manager,Invictus Recruitment,engineering-jobs,permanent,,South East England,2026-08-12 05:19:25+00,2026-08-12,2026-08-12,65000,65000,65000.000000000000
5837727611,Environmental Project Engineer,Defence,engineering-jobs,permanent,,Eastern England,2026-08-12 05:19:25+00,2026-08-12,2026-08-12,55000,55000,55000.000000000000
5837727586,Stress Engineer,Certain Advantage,engineering-jobs,permanent,,South West England,2026-08-12 05:19:21+00,2026-08-12,2026-08-12,40000,40000,40000.000000000000
5837727406,Senior Practitioner,Birmingham Children's Trust,social-work-jobs,,,West Midlands,2026-08-12 05:19:09+00,2026-08-12,2026-08-12,50000,50000,50000.000000000000
5837727350,"Multi-Skilled Engineer - Salary up to £53,284 | plus shift allowance |",Natures Way Foods,engineering-jobs,permanent,,South East England,2026-08-12 05:19:03+00,2026-08-12,2026-08-12,50000,50000,50000.000000000000
5837727356,"Multi-Skilled Engineer - Salary up to £53,284 | plus shift allowance |",Natures Way Foods,engineering-jobs,permanent,,South East England,2026-08-12 05:19:03+00,2026-08-12,2026-08-12,50000,50000,50000.000000000000
5837727265,Project Manager,Morgan Ryder,consultancy-jobs,contract,,North West England,2026-08-12 05:18:54+00,2026-08-12,2026-08-12,70000,70000,70000.000000000000
5837727209,Management Accountant,Approach Personnel Ltd,accounting-finance-jobs,,,Yorkshire And The Humber,2026-08-12 05:18:45+00,2026-08-12,2026-08-12,55000,55000,55000.000000000000
5836605001,Lead Data Scientist,The Law Society,it-jobs,,full_time,London,2026-08-11 11:34:48+00,2026-08-12,2026-08-12,80000,80000,80000.000000000000
5837727211,Management Accountant,Robert Walters,accounting-finance-jobs,,,South East England,2026-08-12 05:18:45+00,2026-08-12,2026-08-12,55000,55000,55000.000000000000
5837727142,Diagnostics Engineer,ReeVR,it-jobs,,,Yorkshire And The Humber,2026-08-12 05:18:40+00,2026-08-12,2026-08-12,40000,40000,40000.000000000000
5837727084,Senior Network Engineer,IO Associates,it-jobs,contract,,North East England,2026-08-12 05:18:33+00,2026-08-12,2026-08-12,104000,104000,104000.000000000000
5837726871,Procurement Business Partner,Vitality Corporate Services Limited,consultancy-jobs,,full_time,South West England,2026-08-12 05:18:08+00,2026-08-12,2026-08-12,50000,50000,50000.000000000000
5837726693,Product Manager - Claims & Operations,Vitality Corporate Services Limited,it-jobs,,full_time,South West England,2026-08-12 05:17:45+00,2026-08-12,2026-08-12,70000,70000,70000.000000000000
5837726381,Accounts and Audit Senior,JMF ASSOCIATES,accounting-finance-jobs,permanent,,London,2026-08-12 05:17:09+00,2026-08-12,2026-08-12,60000,60000,60000.000000000000
5837726376,Delegated Authority Audit Analyst,Insight Recruitment Solutions,accounting-finance-jobs,,,London,2026-08-12 05:17:09+00,2026-08-12,2026-08-12,50000,50000,50000.000000000000
5837726179,Technical Software Team Leader,Morson Edge,it-jobs,,,South West England,2026-08-12 05:16:49+00,2026-08-12,2026-08-12,135200,145600,140400.000000000000
5837725533,Senior IT Auditor AVP Level,Jefferson Tiley,accounting-finance-jobs,,,London,2026-08-12 05:15:29+00,2026-08-12,2026-08-12,80000,80000,80000.000000000000
5837724533,"Multi-Skilled Engineer - Salary up to £53,284 | plus shift allowance |",Natures Way Foods,engineering-jobs,,,South East England,2026-08-12 05:13:29+00,2026-08-12,2026-08-12,50000,50000,50000.000000000000
5837682068,Social Worker - Peripatetic Team,Dudley Metropolitan Borough Council,social-work-jobs,,,,2026-08-12 04:03:21+00,2026-08-12,2026-08-12,39152,46142,42647.000000000000
5837678351,Senior Commissioning Officer - Ref:SS03326,Walsall Council,social-work-jobs,contract,full_time,West Midlands,2026-08-12 04:02:05+00,2026-08-12,2026-08-12,47181,47181,47181.000000000000
5837678105,Strategic Advisor,West Midlands Combined Authority ,pr-advertising-marketing-jobs,,part_time,,2026-08-12 04:01:57+00,2026-08-12,2026-08-12,56127,62906,59516.500000000000
5836494186,Senior PHP Developer,Ascent Resourcing Limited,it-jobs,permanent,full_time,North West England,2026-08-11 09:43:31+00,2026-08-12,2026-08-12,50000,65000,57500.000000000000
5836604685,CPG/FMCG Business Intelligence Lead,Circana,it-jobs,,full_time,London,2026-08-11 11:34:28+00,2026-08-12,2026-08-12,61000,87000,74000.000000000000
5836497073,Senior PHP Developer,Ascent Resourcing Limited,it-jobs,permanent,full_time,London,2026-08-11 09:44:24+00,2026-08-12,2026-08-12,60000,65000,62500.000000000000
5836635795,Accountant (Property Services),L&Q,accounting-finance-jobs,permanent,full_time,London,2026-08-11 11:56:17+00,2026-08-12,2026-08-12,57094,57094,57094.000000000000
5837759121,Client Services Coordinator,Complete,consultancy-jobs,permanent,full_time,South East England,2026-08-12 06:19:49+00,2026-08-12,2026-08-12,30000,35000,32500.000000000000
5837724535,"Multi-Skilled Engineer - Salary up to £53,284 | plus shift allowance |",Natures Way Foods,engineering-jobs,,,South East England,2026-08-12 05:13:29+00,2026-08-12,2026-08-12,50000,50000,50000.000000000000
5837726372,Head of Payroll,Oakleaf Partnership,accounting-finance-jobs,contract,full_time,London,2026-08-12 05:17:09+00,2026-08-12,2026-08-12,100000,100000,100000.000000000000
5837726186,Housing Systems Support Officer,Niyaa People,it-jobs,,,Eastern England,2026-08-12 05:16:49+00,2026-08-12,2026-08-12,50000,50000,50000.000000000000
5837726180,Software Team Leader,Certain Advantage,it-jobs,contract,full_time,South West England,2026-08-12 05:16:49+00,2026-08-12,2026-08-12,145600,145600,145600.000000000000
5837725868,Senior Marketing Communications Executive,JLA Limited,pr-advertising-marketing-jobs,contract,full_time,Yorkshire And The Humber,2026-08-12 05:15:58+00,2026-08-12,2026-08-12,35000,35000,35000.000000000000
5837725759,Internal Audit Lead,Eurocell Group PLC,accounting-finance-jobs,,,East Midlands,2026-08-12 05:15:46+00,2026-08-12,2026-08-12,45000,45000,45000.000000000000
5837725705,QHSE Manager,Invictus Recruitment,engineering-jobs,,,South East England,2026-08-12 05:15:41+00,2026-08-12,2026-08-12,65000,65000,65000.000000000000
5838672388,Junior Data Analyst,Agility,it-jobs,permanent,full_time,West Midlands,2026-08-12 19:21:11+00,2026-08-13,2026-08-13,28000,30000,29000.000000000000
5838671736,Data Administrator,Fintelligent,accounting-finance-jobs,permanent,full_time,North West England,2026-08-12 19:18:58+00,2026-08-13,2026-08-13,30000,32000,31000.000000000000
5838624947,Senior Data Analyst,Tenth Revolution Group,it-jobs,permanent,full_time,London,2026-08-12 17:54:15+00,2026-08-13,2026-08-13,45000,55000,50000.000000000000
5837682072,Social Worker - Children's Disabilities Team,Dudley Metropolitan Borough Council,social-work-jobs,permanent,part_time,,2026-08-12 04:03:21+00,2026-08-12,2026-08-12,39152,46142,42647.000000000000
5837724503,Quality & Environmental Assurance Manager,TEAM,scientific-qa-jobs,permanent,,North West England,2026-08-12 05:13:26+00,2026-08-12,2026-08-12,55000,55000,55000.000000000000
5837679047,Advanced Social Worker – Family Help Lead Practitioner Yate,South Gloucestershire Council,social-work-jobs,permanent,part_time,,2026-08-12 04:02:21+00,2026-08-12,2026-08-12,40777,44075,42426.000000000000
5838469171,Royalty Data Analyst,Gelfand Rennert and Feldman UK Limited,accounting-finance-jobs,,full_time,London,2026-08-12 16:23:50+00,2026-08-13,2026-08-13,35000,38000,36500.000000000000
5839363966,Data Administrator,Fintelligent Search,accounting-finance-jobs,,,North West England,2026-08-13 05:22:12+00,2026-08-13,2026-08-13,30000,30000,30000.000000000000
5838268105,Technical Data Analyst,Adecco,accounting-finance-jobs,contract,,London,2026-08-12 13:53:41+00,2026-08-13,2026-08-13,130000,156000,143000.000000000000
5838267195,Technical Data Analyst,Adecco,accounting-finance-jobs,contract,,London,2026-08-12 13:52:54+00,2026-08-13,2026-08-13,130000,156000,143000.000000000000
5837973168,Data Analyst Trainee,ITOL Recruit,it-jobs,permanent,full_time,Wales,2026-08-12 09:50:21+00,2026-08-13,2026-08-13,30000,50000,40000.000000000000
5837970164,Data Analyst Trainee,ITOL Recruit,it-jobs,permanent,full_time,Eastern England,2026-08-12 09:46:31+00,2026-08-13,2026-08-13,30000,50000,40000.000000000000
5837969983,Data Analyst Trainee,ITOL Recruit,it-jobs,permanent,full_time,South West England,2026-08-12 09:46:09+00,2026-08-13,2026-08-13,30000,50000,40000.000000000000
5837969645,Data Analyst Trainee,ITOL Recruit,it-jobs,permanent,full_time,Yorkshire And The Humber,2026-08-12 09:45:33+00,2026-08-13,2026-08-13,30000,50000,40000.000000000000
5837775921,Data Analyst (Housing) - Harlow District Council,Essex County Council,it-jobs,contract,full_time,Eastern England,2026-08-12 06:23:36+00,2026-08-12,2026-08-13,100000,,
5837583637,Data Analyst,Connect2Hackney,it-jobs,,full_time,London,2026-08-12 02:56:10+00,2026-08-12,2026-08-13,98800,104000,101400.000000000000
5837507055,Data Analyst,Consula Group LTD,it-jobs,permanent,full_time,North West England,2026-08-12 01:49:56+00,2026-08-12,2026-08-13,65000,90000,77500.000000000000
5837169823,Data Analyst,Harnham - Data & Analytics Recruitment,it-jobs,contract,,London,2026-08-11 21:47:33+00,2026-08-12,2026-08-13,45000,55000,50000.000000000000
5837166398,Commercial Analyst - Data & Pricing Programme,Morgan McKinley,it-jobs,permanent,full_time,London,2026-08-11 21:44:52+00,2026-08-12,2026-08-13,70000,90000,80000.000000000000
5837137751,Data Analyst,Proman,it-jobs,,full_time,East Midlands,2026-08-11 21:20:30+00,2026-08-12,2026-08-13,30000,30000,30000.000000000000
5837124714,Data Analyst,Connect2Hackney,it-jobs,contract,,London,2026-08-11 19:54:24+00,2026-08-12,2026-08-13,98800,104000,101400.000000000000
5837119381,Data Analyst,Proman,it-jobs,,full_time,East Midlands,2026-08-11 19:35:04+00,2026-08-12,2026-08-13,27000,30000,28500.000000000000
5837033192,Data Analyst,Advanced Resource Managers Limited,it-jobs,contract,,Eastern England,2026-08-11 17:52:05+00,2026-08-12,2026-08-13,117000,117000,117000.000000000000
5837032362,Data Analyst - Revenue,EF Recruitment,it-jobs,contract,,London,2026-08-11 17:51:02+00,2026-08-12,2026-08-13,104000,117000,110500.000000000000
5837031375,Data Analyst,4Recruitment Services,it-jobs,contract,,Eastern England,2026-08-11 17:47:39+00,2026-08-12,2026-08-13,91000,91000,91000.000000000000
5839006424,"PHP Developer | £60,000 | Hybrid, Colchester",Pearson Carter,it-jobs,permanent,full_time,Eastern England,2026-08-13 00:19:18+00,2026-08-13,2026-08-13,50000,60000,55000.000000000000
5838743315,Software Engineer,Harnham - Data & Analytics Recruitment,it-jobs,permanent,full_time,London,2026-08-12 21:56:28+00,2026-08-13,2026-08-13,100000,130000,115000.000000000000
5838286945,Graduate Investment Data Analyst Programme Central London,Regal Brooke Limited,graduate-jobs,permanent,full_time,London,2026-08-12 14:23:08+00,2026-08-13,2026-08-13,42000,50000,46000.000000000000
5838408317,Master Data Analyst,Talentmark,healthcare-nursing-jobs,contract,,Scotland,2026-08-12 15:53:51+00,2026-08-13,2026-08-13,31200,47840,39520.000000000000
5837115019,Workforce Reporting Analyst,Reed,hr-jobs,permanent,,London,2026-08-11 19:17:50+00,2026-08-12,2026-08-13,43971,59768,51869.500000000000
5838625471,Data engineer - AWS - Newcastle - £50k,Tenth Revolution Group,it-jobs,permanent,full_time,North East England,2026-08-12 17:54:40+00,2026-08-13,2026-08-13,40000,50000,45000.000000000000
5838729853,AI Solution Engineer,Hackajob Ltd,it-jobs,,,South West England,2026-08-12 21:19:52+00,2026-08-13,2026-08-13,90000,90000,90000.000000000000
5838625399,Data Governance & Enablement Manager - Collibra/Alation/Atlan,Robert Walters,it-jobs,permanent,full_time,London,2026-08-12 17:54:34+00,2026-08-13,2026-08-13,80000,85000,82500.000000000000
5838624713,"Data Platform Architect - GCP, BigQuery, Airflow & Terraform",Robert Walters,it-jobs,permanent,full_time,London,2026-08-12 17:54:08+00,2026-08-13,2026-08-13,85000,100000,92500.000000000000
5838625816,Senior Data Engineer,Context Recruitment Limited,it-jobs,contract,,London,2026-08-12 17:55:46+00,2026-08-13,2026-08-13,156000,169000,162500.000000000000
5838109279,Data Analyst,Robert Half,it-jobs,contract,full_time,West Midlands,2026-08-12 11:36:34+00,2026-08-13,2026-08-13,61000,101000,81000.000000000000
5838626009,Junior Data Engineer - AWS - £40k,Tenth Revolution Group,it-jobs,permanent,full_time,North East England,2026-08-12 17:56:33+00,2026-08-13,2026-08-13,40000,40000,40000.000000000000
5838618948,Data Engineer,TXP,it-jobs,contract,,West Midlands,2026-08-12 17:44:30+00,2026-08-13,2026-08-13,140400,140660,140530.000000000000
5838616371,Lead Azure Data Consultant,ShareForce,it-jobs,permanent,full_time,,2026-08-12 17:31:47+00,2026-08-13,2026-08-13,75000,90000,82500.000000000000
5838584590,Mid-Level Data Engineer (Microsoft Fabric),Delphi Care Solutions,it-jobs,,full_time,East Midlands,2026-08-12 16:45:11+00,2026-08-13,2026-08-13,55000,70000,62500.000000000000
5838584585,Mid-Level Data Engineer (Microsoft Fabric),Delphi Care Solutions,it-jobs,,full_time,Eastern England,2026-08-12 16:45:11+00,2026-08-13,2026-08-13,55000,70000,62500.000000000000
5838584595,Mid-Level Data Engineer (Microsoft Fabric),Delphi Care Solutions,it-jobs,,full_time,North West England,2026-08-12 16:45:11+00,2026-08-13,2026-08-13,55000,70000,62500.000000000000
5838626029,Data & Software Engineer (Contract),Harnham - Data & Analytics Recruitment,it-jobs,contract,,London,2026-08-12 17:56:39+00,2026-08-13,2026-08-13,143000,153400,148200.000000000000
5838478756,Data Apprentice,First Choice Homes Oldham,it-jobs,,full_time,North West England,2026-08-12 16:27:55+00,2026-08-13,2026-08-13,20001,25000,22500.500000000000
5838415507,Agile Project Manager,Belmont Recruitment,it-jobs,contract,,London,2026-08-12 15:59:15+00,2026-08-13,2026-08-13,78000,78000,78000.000000000000
5838399683,AI Automation Engineer,Belmont Recruitment,it-jobs,contract,,London,2026-08-12 15:45:10+00,2026-08-13,2026-08-13,130000,130000,130000.000000000000
5838350916,Data Scientist,Harnham - Data & Analytics Recruitment,it-jobs,permanent,full_time,North West England,2026-08-12 15:23:33+00,2026-08-13,2026-08-13,40000,50000,45000.000000000000
5838742985,Data engineer (Fabric),Tenth Revolution Group,it-jobs,contract,,South East England,2026-08-12 21:55:13+00,2026-08-13,2026-08-13,91000,104000,97500.000000000000
5838672038,Data Engineer,Sphere Digital Recruitment,it-jobs,contract,,London,2026-08-12 19:20:01+00,2026-08-13,2026-08-13,91000,94900,92950.000000000000
5838334165,Data Scientist,Ocho,it-jobs,,,Northern Ireland,2026-08-12 15:08:33+00,2026-08-13,2026-08-13,70000,70000,70000.000000000000
5838269904,Data Lead,LMA Recruitment,it-jobs,contract,,London,2026-08-12 13:56:22+00,2026-08-13,2026-08-13,143000,156000,149500.000000000000
5839363373,Platform Architect,Experis,it-jobs,contract,,London,2026-08-13 05:20:14+00,2026-08-13,2026-08-13,130000,143000,136500.000000000000
5838268912,Contract MS Fabric Engineer £500/day Inside IR35 - Immediate,Tenth Revolution Group,it-jobs,contract,,London,2026-08-12 13:54:51+00,2026-08-13,2026-08-13,117000,130000,123500.000000000000
5838268597,Data Engineering Lead,ICAEW,it-jobs,permanent,full_time,South East England,2026-08-12 13:54:19+00,2026-08-13,2026-08-13,75000,85000,80000.000000000000
5838268563,Data Architect,Reed,it-jobs,permanent,full_time,London,2026-08-12 13:54:16+00,2026-08-13,2026-08-13,80000,94000,87000.000000000000
5838623515,Data Engineer,TXP Technology x People,it-jobs,contract,,West Midlands,2026-08-12 17:53:18+00,2026-08-13,2026-08-13,140400,140660,140530.000000000000
5838268471,Lead Azure Databricks Platform Engineer / Architect,TXP Technology x People,it-jobs,contract,,London,2026-08-12 13:54:06+00,2026-08-13,2026-08-13,130000,130260,130130.000000000000
5839363289,Senior Applied AI Engineer (.NET),Daniel James Resourcing Ltd,it-jobs,,,South East England,2026-08-13 05:19:46+00,2026-08-13,2026-08-13,80000,80000,80000.000000000000
5839363276,Senior Applied AI Engineer (.NET),Daniel James Resourcing Ltd,it-jobs,,,East Midlands,2026-08-13 05:19:46+00,2026-08-13,2026-08-13,80000,80000,80000.000000000000
5839362553,Senior Applied AI Engineer (.NET),Daniel James Resourcing Ltd,it-jobs,,,Yorkshire And The Humber,2026-08-13 05:17:42+00,2026-08-13,2026-08-13,80000,80000,80000.000000000000
5839362551,Senior Applied AI Engineer,Daniel James Resourcing Ltd,it-jobs,,,North East England,2026-08-13 05:17:42+00,2026-08-13,2026-08-13,80000,80000,80000.000000000000
5839123372,Senior Applied AI Engineer (.NET),Daniel James Resourcing Ltd,it-jobs,permanent,,Yorkshire And The Humber,2026-08-13 01:29:26+00,2026-08-13,2026-08-13,80000,80000,80000.000000000000
5839123367,Senior Applied AI Engineer,Daniel James Resourcing Ltd,it-jobs,permanent,,North East England,2026-08-13 01:29:26+00,2026-08-13,2026-08-13,80000,80000,80000.000000000000
5838977910,Data Scientist,Harnham - Data & Analytics Recruitment,it-jobs,permanent,full_time,London,2026-08-12 23:25:51+00,2026-08-13,2026-08-13,50000,60000,55000.000000000000
5838977831,LBBW Risk Graduate - 6 month FTC London Branch,LBBW,graduate-jobs,contract,,London,2026-08-12 23:23:53+00,2026-08-13,2026-08-13,35000,35000,35000.000000000000
5838730994,Senior Product Manager - Servicing Platform - behaviour and Identity Linking,Hackajob Ltd,it-jobs,,,London,2026-08-12 21:23:05+00,2026-08-13,2026-08-13,100000,100000,100000.000000000000
5838730552,eDV Data Scientist,NSD,it-jobs,,full_time,London,2026-08-12 21:21:39+00,2026-08-13,2026-08-13,95000,95000,95000.000000000000
5838730524,"Senior Research Scientist, Gemini Release Evaluations, DeepMind",Hackajob Ltd,scientific-qa-jobs,,,London,2026-08-12 21:21:35+00,2026-08-13,2026-08-13,100000,100000,100000.000000000000
5838730406,Senior Software Engineer - Fraud Squad - Account Integrity - Java,Hackajob Ltd,engineering-jobs,,,London,2026-08-12 21:21:17+00,2026-08-13,2026-08-13,100000,100000,100000.000000000000
5838730391,ML/Engineer,Anson Mccade,it-jobs,permanent,,London,2026-08-12 21:21:16+00,2026-08-13,2026-08-13,100000,100000,100000.000000000000
5838730028,ML/Engineer,Anson Mccade,it-jobs,permanent,,London,2026-08-12 21:20:28+00,2026-08-13,2026-08-13,100000,100000,100000.000000000000
5838729860,Senior Data Architect,83zero Limited,it-jobs,permanent,,London,2026-08-12 21:19:53+00,2026-08-13,2026-08-13,100000,100000,100000.000000000000
5838625905,Senior Data Science Consultant,Deerfoot Recruitment Solutions Ltd,it-jobs,permanent,full_time,London,2026-08-12 17:56:05+00,2026-08-13,2026-08-13,60000,70000,65000.000000000000
5838625134,Senior Business Analyst - AI Deployment & Commodities Trading: World Energy Co,Eaglecliff Limited,it-jobs,,,London,2026-08-12 17:54:21+00,2026-08-13,2026-08-13,208000,234000,221000.000000000000
5838623106,Senior AWS Platform Engineer - SC Cleared - Outside IR35,Reed,it-jobs,permanent,,London,2026-08-12 17:52:19+00,2026-08-13,2026-08-13,158600,158600,158600.000000000000
5838486928,Data Scientist - Commercial Analytics,Junior AI,it-jobs,,full_time,London,2026-08-12 16:31:38+00,2026-08-13,2026-08-13,80000,100000,90000.000000000000
5838484024,AI Coach,Baltic Apprenticeships,it-jobs,,full_time,North East England,2026-08-12 16:30:15+00,2026-08-13,2026-08-13,36050,41200,38625.000000000000
5838465653,Research Fellow (Data Analysis),University of Edinburgh,scientific-qa-jobs,contract,full_time,,2026-08-12 16:22:30+00,2026-08-13,2026-08-13,41064,48822,44943.000000000000
5839363900,Senior Data Engineer,Bright Purple Resourcing,it-jobs,contract,,Scotland,2026-08-13 05:21:49+00,2026-08-13,2026-08-13,130446,130446,130446.000000000000
5837970460,Data Analyst Trainee,ITOL Recruit,it-jobs,permanent,full_time,North West England,2026-08-12 09:47:09+00,2026-08-13,2026-08-13,30000,50000,40000.000000000000
5837970455,Data Analyst Trainee,ITOL Recruit,it-jobs,permanent,full_time,Eastern England,2026-08-12 09:47:04+00,2026-08-13,2026-08-13,30000,50000,40000.000000000000
5838743049,Data Engineer,TXP Technology x People,it-jobs,,,London,2026-08-12 21:55:48+00,2026-08-13,2026-08-13,137800,140400,139100.000000000000
5838689817,Senior Python/ AI Engineer,MCS Group,it-jobs,,,Northern Ireland,2026-08-12 20:08:29+00,2026-08-13,2026-08-13,80000,80000,80000.000000000000
5838675749,Data Engineer,TXP,it-jobs,contract,,London,2026-08-12 19:45:34+00,2026-08-13,2026-08-13,137800,140400,139100.000000000000
5838730875,Data Engineer,ZENZO DIGITAL LTD,it-jobs,,,Eastern England,2026-08-12 21:22:42+00,2026-08-13,2026-08-13,65000,65000,65000.000000000000
5838721734,Lead Azure Databricks Platform Engineer / Architect,Concept Resourcing,it-jobs,contract,full_time,London,2026-08-12 20:55:59+00,2026-08-13,2026-08-13,130000,130260,130130.000000000000
5839361937,Platform Architect,Experis,it-jobs,,,London,2026-08-13 05:14:01+00,2026-08-13,2026-08-13,130000,143000,136500.000000000000
5838465915,Senior Data Engineer - Customer Data Services - CIO Enabling,Lloyds Bank,it-jobs,,full_time,,2026-08-12 16:22:36+00,2026-08-13,2026-08-13,72702,80780,76741.000000000000
5838730543,Data Modeller,Hackajob Ltd,it-jobs,permanent,part_time,London,2026-08-12 21:21:39+00,2026-08-13,2026-08-13,90000,90000,90000.000000000000
5838730539,Data Scientist,Hackajob Ltd,it-jobs,,,London,2026-08-12 21:21:39+00,2026-08-13,2026-08-13,100000,100000,100000.000000000000
5838355683,CFO,Absolute Recruit,accounting-finance-jobs,permanent,full_time,London,2026-08-12 15:25:50+00,2026-08-13,2026-08-13,110000,130000,120000.000000000000
5838355326,Senior Finance Business Partner,Michael Page Finance,accounting-finance-jobs,permanent,full_time,South East England,2026-08-12 15:25:36+00,2026-08-13,2026-08-13,80000,85000,82500.000000000000
5838209129,TDA Insights Manager,Rail Delivery Group,consultancy-jobs,,full_time,London,2026-08-12 12:43:43+00,2026-08-13,2026-08-13,44000,58700,51350.000000000000
5838143612,Electrical Compliance Manager,Comuno Talent Partners,trade-construction-jobs,contract,,North West England,2026-08-12 11:58:46+00,2026-08-13,2026-08-13,91000,117000,104000.000000000000
5838138159,Interim Finance Business Partner,Sewell Wallis Ltd,accounting-finance-jobs,contract,,Yorkshire And The Humber,2026-08-12 11:54:09+00,2026-08-13,2026-08-13,78000,91000,84500.000000000000
5838111460,BI Specialist,Searchability  Ltd,it-jobs,contract,full_time,South West England,2026-08-12 11:36:54+00,2026-08-13,2026-08-13,35000,75000,55000.000000000000
5838111287,Business Intelligence Developer,MSC Industrial Supply Co UK,it-jobs,,full_time,West Midlands,2026-08-12 11:36:53+00,2026-08-13,2026-08-13,40000,40000,40000.000000000000
5837951094,Continuous Improvement Lead,Tods Defence Limited,engineering-jobs,permanent,,South West England,2026-08-12 09:37:35+00,2026-08-13,2026-08-13,60000,60000,60000.000000000000
5837945750,Planning Officer (Statutory Returns),University of Huddersfield,teaching-jobs,permanent,,Yorkshire And The Humber,2026-08-12 09:32:52+00,2026-08-13,2026-08-13,30000,30000,30000.000000000000
5837939631,Senior Category Manager - SC,Aspect Resources,logistics-warehouse-jobs,contract,,South East England,2026-08-12 09:27:40+00,2026-08-13,2026-08-13,145600,160576,153088.000000000000
5838460416,Senior AI Coach,Baltic Apprenticeships,it-jobs,,full_time,North East England,2026-08-12 16:20:37+00,2026-08-13,2026-08-13,41200,46350,43775.000000000000
5837546755,IT & Systems Manager,Castle Employment Group,it-jobs,permanent,full_time,Yorkshire And The Humber,2026-08-12 02:34:24+00,2026-08-12,2026-08-13,50000,50000,50000.000000000000
5837211429,Senior Information Analyst,North Lincolnshire Council,it-jobs,,,Yorkshire And The Humber,2026-08-11 22:37:38+00,2026-08-12,2026-08-13,37280,37280,37280.000000000000
5837137681,Accountant,London and Quadrant Housing Trust,accounting-finance-jobs,,,London,2026-08-11 21:20:22+00,2026-08-12,2026-08-13,55000,55000,55000.000000000000
5837136224,Senior Category Manager - SC,Aspect Resources,logistics-warehouse-jobs,contract,,South East England,2026-08-11 21:16:29+00,2026-08-12,2026-08-13,145600,160576,153088.000000000000
5837119485,Test Analyst,VIQU Limited,it-jobs,contract,,Wales,2026-08-11 19:36:05+00,2026-08-12,2026-08-13,65000,74100,69550.000000000000
5837029294,Graduate Software Support Engineer,Car Benefit Solutions,graduate-jobs,,full_time,North West England,2026-08-11 17:38:11+00,2026-08-12,2026-08-13,26000,30000,28000.000000000000
5836846001,Senior Revenue Analyst,Village Hotels,hospitality-catering-jobs,,full_time,North West England,2026-08-11 16:28:36+00,2026-08-12,2026-08-13,49000,50000,49500.000000000000
5836825774,Senior Category Manager - SC,Aspect Resources,logistics-warehouse-jobs,contract,,South East England,2026-08-11 15:55:43+00,2026-08-12,2026-08-13,145600,160576,153088.000000000000
5836824788,Data Analyst,Proman,it-jobs,contract,full_time,East Midlands,2026-08-11 15:50:53+00,2026-08-12,2026-08-13,27000,30000,28500.000000000000
5836775425,Delegate Sales Executive,Lipton Media,sales-jobs,permanent,full_time,London,2026-08-11 15:14:09+00,2026-08-12,2026-08-13,30000,37000,33500.000000000000
5836712488,Delegate Sales Executive,Lipton Media,sales-jobs,,full_time,London,2026-08-11 13:57:01+00,2026-08-12,2026-08-13,30000,37000,33500.000000000000
5836709596,Director of MIS and Data Systems,Only FE,teaching-jobs,,full_time,North West England,2026-08-11 13:54:09+00,2026-08-12,2026-08-13,78000,78000,78000.000000000000
5836709451,Director of MIS and Data Systems,Only FE,teaching-jobs,,full_time,North West England,2026-08-11 13:53:57+00,2026-08-12,2026-08-13,78000,78000,78000.000000000000
5836707069,Director of MIS and Data Systems,OnlyFE,teaching-jobs,permanent,full_time,North West England,2026-08-11 13:50:09+00,2026-08-12,2026-08-13,78000,78000,78000.000000000000
5836707064,Data & Analytics Manager,Ashdown Group,it-jobs,permanent,full_time,West Midlands,2026-08-11 13:50:06+00,2026-08-12,2026-08-13,65000,70000,67500.000000000000
5839575258,Finance Team Leader,The Maine Group,accounting-finance-jobs,permanent,full_time,,2026-08-13 06:31:01+00,2026-08-13,2026-08-13,33000,35000,34000.000000000000
5839572372,Product Manager (Pricing and Performance),Technology And Risk Recruitment Ltd,accounting-finance-jobs,permanent,full_time,,2026-08-13 06:30:24+00,2026-08-13,2026-08-13,40000,55000,47500.000000000000
5839572374,Product & Proposition Manager,Technology And Risk Recruitment Ltd,accounting-finance-jobs,permanent,full_time,,2026-08-13 06:30:24+00,2026-08-13,2026-08-13,40000,55000,47500.000000000000
5839555288,Highways Engineer x2,Calderdale Metropolitan Borough Council,engineering-jobs,,full_time,Yorkshire And The Humber,2026-08-13 06:27:25+00,2026-08-13,2026-08-13,30000,39999,34999.500000000000
5839364400,Procurement Business Partner,Hackajob Ltd,admin-jobs,permanent,full_time,South West England,2026-08-13 05:24:11+00,2026-08-13,2026-08-13,80000,80000,80000.000000000000
5839364370,Amazon Marketplace Manager,Zachary Daniels,retail-jobs,permanent,,North West England,2026-08-13 05:23:59+00,2026-08-13,2026-08-13,55000,55000,55000.000000000000
5839364239,Senior Control and Instrumentation Engineer,S & D Trade Recruitment Limited,engineering-jobs,permanent,,North West England,2026-08-13 05:23:21+00,2026-08-13,2026-08-13,45000,45000,45000.000000000000
5839364065,Senior Marketing Communications Executive,JLA Limited,pr-advertising-marketing-jobs,permanent,full_time,Yorkshire And The Humber,2026-08-13 05:22:37+00,2026-08-13,2026-08-13,35000,35000,35000.000000000000
5839364061,Commercial Manager - Civils,Hays,trade-construction-jobs,permanent,full_time,,2026-08-13 05:22:36+00,2026-08-13,2026-08-13,70000,70000,70000.000000000000
5839364037,Project Manager,Randstad Digital,it-jobs,contract,,Eastern England,2026-08-13 05:22:28+00,2026-08-13,2026-08-13,35297,41600,38448.500000000000
5839363947,Clinical Assessor,CAPITA PLC,healthcare-nursing-jobs,permanent,part_time,East Midlands,2026-08-13 05:22:06+00,2026-08-13,2026-08-13,35000,35000,35000.000000000000
5839363915,Senior Accounts Manager,Brook Street UK,accounting-finance-jobs,permanent,full_time,Yorkshire And The Humber,2026-08-13 05:21:56+00,2026-08-13,2026-08-13,45000,45000,45000.000000000000
5839363916,Global Investment Banking - EMEA A and A Lead - Executive Director,Hackajob Ltd,hr-jobs,permanent,,London,2026-08-13 05:21:56+00,2026-08-13,2026-08-13,100000,100000,100000.000000000000
5839363895,Parmedic Assessor,CAPITA PLC,healthcare-nursing-jobs,,part_time,West Midlands,2026-08-13 05:21:46+00,2026-08-13,2026-08-13,35000,35000,35000.000000000000
5839363863,Physiotherapist Assessor,CAPITA PLC,healthcare-nursing-jobs,,part_time,Northern Ireland,2026-08-13 05:21:45+00,2026-08-13,2026-08-13,35000,35000,35000.000000000000
5839363775,Digital Marketing Manager,HR GO Recruitment,pr-advertising-marketing-jobs,permanent,,South West England,2026-08-13 05:21:27+00,2026-08-13,2026-08-13,45000,45000,45000.000000000000
5839363699,Automation Engineer,Stirling Warrington,engineering-jobs,permanent,,Yorkshire And The Humber,2026-08-13 05:21:08+00,2026-08-13,2026-08-13,60000,60000,60000.000000000000
5839363686,Payroll Consultant,Oakleaf Partnership,accounting-finance-jobs,contract,,London,2026-08-13 05:21:02+00,2026-08-13,2026-08-13,130000,156000,143000.000000000000
5839363684,Internal Audit Team Supervisor,Creative Support,social-work-jobs,permanent,,North West England,2026-08-13 05:21:02+00,2026-08-13,2026-08-13,35000,35000,35000.000000000000
5839363646,Estimator - Super Prime,Jackson Young Ltd,trade-construction-jobs,permanent,,London,2026-08-13 05:20:56+00,2026-08-13,2026-08-13,95000,95000,95000.000000000000
5839363502,Buildings and Construction UK Buyer,Carbon60 - Eng&Tech,retail-jobs,contract,,North West England,2026-08-13 05:20:33+00,2026-08-13,2026-08-13,68411,91520,79965.500000000000
5839363349,"Specialist, security regulatory compliance",Hackajob Ltd,it-jobs,,,London,2026-08-13 05:20:07+00,2026-08-13,2026-08-13,90000,90000,90000.000000000000
5839363333,Parmedic Assessor,CAPITA PLC,healthcare-nursing-jobs,,part_time,Northern Ireland,2026-08-13 05:20:04+00,2026-08-13,2026-08-13,35000,35000,35000.000000000000
5839363321,Senior Management Accountant,Agincare Group,accounting-finance-jobs,,,South West England,2026-08-13 05:19:58+00,2026-08-13,2026-08-13,55000,55000,55000.000000000000
5839363275,IT Cyber Security Analyst Tier 2,Littlefish,it-jobs,,,East Midlands,2026-08-13 05:19:46+00,2026-08-13,2026-08-13,35000,35000,35000.000000000000
5839362480,HR Manager,Morson Edge,hr-jobs,,,North West England,2026-08-13 05:17:09+00,2026-08-13,2026-08-13,50000,50000,50000.000000000000
5839330449,Mental Health Social Worker,Coventry City Council,social-work-jobs,,,West Midlands,2026-08-13 04:02:16+00,2026-08-13,2026-08-13,39152,46142,42647.000000000000
5839328963,Brand Experience Associate,Innovative Trials,pr-advertising-marketing-jobs,permanent,full_time,Eastern England,2026-08-13 04:01:12+00,2026-08-13,2026-08-13,28000,35000,31500.000000000000
5839364050,Account Manager,Hackajob Ltd,sales-jobs,,,London,2026-08-13 05:22:33+00,2026-08-13,2026-08-13,85000,85000,85000.000000000000
5839362383,Payroll Consultant,Oakleaf Partnership,accounting-finance-jobs,contract,,London,2026-08-13 05:16:34+00,2026-08-13,2026-08-13,130000,156000,143000.000000000000
5839363273,Technology Risk and Controls - Executive Director,Hackajob Ltd,accounting-finance-jobs,,,London,2026-08-13 05:19:45+00,2026-08-13,2026-08-13,100000,100000,100000.000000000000
5839362686,Clinical Assessor,CAPITA PLC,healthcare-nursing-jobs,,part_time,East Midlands,2026-08-13 05:18:11+00,2026-08-13,2026-08-13,35000,35000,35000.000000000000
5839362683,Physiotherapist Assessor,CAPITA PLC,healthcare-nursing-jobs,,part_time,West Midlands,2026-08-13 05:18:11+00,2026-08-13,2026-08-13,35000,35000,35000.000000000000
5839362673,Senior Accounts Manager,Brook Street UK,accounting-finance-jobs,,full_time,Yorkshire And The Humber,2026-08-13 05:18:06+00,2026-08-13,2026-08-13,45000,45000,45000.000000000000
5839362678,Global Investment Banking - EMEA A and A Lead - Executive Director,Hackajob Ltd,hr-jobs,,,London,2026-08-13 05:18:06+00,2026-08-13,2026-08-13,100000,100000,100000.000000000000
5839338372,Qualified Children's Social Worker - Child focused courts,CAFCASS,social-work-jobs,,,,2026-08-13 04:09:08+00,2026-08-13,2026-08-13,45749,49866,47807.500000000000
5839330468,Housing Litigation Solicitor / Barrister,City of Wolverhampton Council,legal-jobs,permanent,part_time,West Midlands,2026-08-13 04:02:16+00,2026-08-13,2026-08-13,52413,56730,54571.500000000000
5839328949,Business Analyst,Citizens Advice SORT Group,it-jobs,,full_time,North West England,2026-08-13 04:01:12+00,2026-08-13,2026-08-13,32280,34376,33328.000000000000
5840942166,Senior Business Analyst,ScottishPower,it-jobs,,full_time,Scotland,2026-08-14 00:24:47+00,2026-08-14,2026-08-14,55000,55000,55000.000000000000
5840688006,Business Intelligence Analyst (Insight & Performance),First Choice Homes Oldham,it-jobs,permanent,,North West England,2026-08-13 22:38:45+00,2026-08-14,2026-08-14,48750,48750,48750.000000000000
5840341372,HR Systems and Data Analyst,Michael Page HR,it-jobs,permanent,,Wales,2026-08-13 15:24:56+00,2026-08-14,2026-08-14,55000,60000,57500.000000000000
5840340878,Data Analyst,TXP Technology x People,it-jobs,contract,,Eastern England,2026-08-13 15:24:18+00,2026-08-14,2026-08-14,124280,124280,124280.000000000000
5840284978,HR Systems and Data Analyst,Michael Page,it-jobs,contract,,Wales,2026-08-13 13:53:46+00,2026-08-14,2026-08-14,55000,60000,57500.000000000000
5840202028,Systems Data Analyst,Computappoint,it-jobs,contract,full_time,London,2026-08-13 11:37:26+00,2026-08-14,2026-08-14,59280,70560,64920.000000000000
5840201449,IT Data Analyst Intern,Eligo Recruitment Ltd,it-jobs,contract,,London,2026-08-13 11:37:23+00,2026-08-14,2026-08-14,25000,25000,25000.000000000000
5840201461,Senior Data Information Architect,Hackajob Ltd,it-jobs,,full_time,London,2026-08-13 11:37:23+00,2026-08-14,2026-08-14,75000,75000,75000.000000000000
5840201257,Data Analyst,Catalyst,it-jobs,permanent,full_time,Northern Ireland,2026-08-13 11:37:22+00,2026-08-14,2026-08-14,50000,80000,65000.000000000000
5840183993,Web Analyst,KP UK,it-jobs,permanent,full_time,North West England,2026-08-13 11:34:06+00,2026-08-14,2026-08-14,29500,31000,30250.000000000000
5839363355,Data Engineer,Bright Purple Resourcing,it-jobs,contract,,Scotland,2026-08-13 05:20:07+00,2026-08-14,2026-08-14,130446,130446,130446.000000000000
5839363351,Data Analyst,McCabe & Barton,it-jobs,,,London,2026-08-13 05:20:07+00,2026-08-14,2026-08-14,85000,85000,85000.000000000000
5839363317,Reward and Data Analyst,Oakleaf Partnership,hr-jobs,,,South East England,2026-08-13 05:19:58+00,2026-08-13,2026-08-14,50000,50000,50000.000000000000
5839119927,Web Analyst,Kaplan,it-jobs,permanent,full_time,North West England,2026-08-13 01:26:57+00,2026-08-13,2026-08-14,29500,31000,30250.000000000000
5838977880,Retail Media Analyst,Harnham - Data & Analytics Recruitment,pr-advertising-marketing-jobs,permanent,full_time,London,2026-08-12 23:25:06+00,2026-08-13,2026-08-14,40000,50000,45000.000000000000
5838977612,Retail Media Analyst (Perm),Harnham - Data & Analytics Recruitment,pr-advertising-marketing-jobs,permanent,full_time,South East England,2026-08-12 23:19:18+00,2026-08-13,2026-08-14,45000,50000,47500.000000000000
5838730878,Data Analyst - Heathrow,Datatech Analytics,it-jobs,,,,2026-08-12 21:22:42+00,2026-08-13,2026-08-14,60000,60000,60000.000000000000
5838730550,Data Analyst - Newcastle,Datatech Analytics,it-jobs,,,,2026-08-12 21:21:39+00,2026-08-13,2026-08-14,60000,60000,60000.000000000000
5838679575,Data Analyst,Kingdom People,it-jobs,,full_time,South East England,2026-08-12 19:57:51+00,2026-08-13,2026-08-14,43000,44000,43500.000000000000
5841112754,Data & Software Engineer (Catalyst),Trust in SODA,it-jobs,contract,full_time,,2026-08-14 02:51:53+00,2026-08-14,2026-08-14,130000,148200,139100.000000000000
5840393585,Data Engineer – UK Health,Hexegic,it-jobs,,,London,2026-08-13 16:27:19+00,2026-08-14,2026-08-14,50000,60000,55000.000000000000
5840341370,Maintenance Manager,Stirling Warrington,engineering-jobs,permanent,full_time,Yorkshire And The Humber,2026-08-13 15:24:56+00,2026-08-14,2026-08-14,60000,65000,62500.000000000000
5840288188,Retail Media Data Analyst,Harnham - Data & Analytics Recruitment,pr-advertising-marketing-jobs,permanent,full_time,South East England,2026-08-13 14:02:25+00,2026-08-14,2026-08-14,40000,50000,45000.000000000000
5840200692,Data Analyst,JIYU People Ltd,it-jobs,,full_time,South West England,2026-08-13 11:37:18+00,2026-08-14,2026-08-14,40000,50000,45000.000000000000
5840337163,GCP Data Engineer,Sphere Digital Recruitment,it-jobs,permanent,full_time,London,2026-08-13 15:20:58+00,2026-08-14,2026-08-14,91000,94900,92950.000000000000
5840332932,Data Engineer - All Levels,HAYS Specialist Recruitment,it-jobs,permanent,,Northern Ireland,2026-08-13 15:18:16+00,2026-08-14,2026-08-14,45000,45000,45000.000000000000
5840287617,Lead Data Engineer,SRG,it-jobs,permanent,full_time,North West England,2026-08-13 13:59:00+00,2026-08-14,2026-08-14,80000,90000,85000.000000000000
5840273336,AWS Data Engineer - Secure environment,Sanderson Government and Defence,it-jobs,,,South West England,2026-08-13 13:18:29+00,2026-08-14,2026-08-14,100000,100000,100000.000000000000
5840202938,Data Architect (Snowflake),SoftServe,it-jobs,,full_time,London,2026-08-13 11:37:35+00,2026-08-14,2026-08-14,67000,107000,87000.000000000000
5840202886,Principal Data Engineer - Hounslow,Hackajob Ltd,it-jobs,,full_time,London,2026-08-13 11:37:34+00,2026-08-14,2026-08-14,100000,100000,100000.000000000000
5840202777,Senior Analytics Engineer,Harnham,it-jobs,,full_time,London,2026-08-13 11:37:33+00,2026-08-14,2026-08-14,76000,83000,79500.000000000000
5840202162,Quality Assurance Analyst,DGH Recruitment Ltd,it-jobs,,full_time,London,2026-08-13 11:37:27+00,2026-08-14,2026-08-14,55000,57000,56000.000000000000
5840201959,IT Data & Platform Engineer,Fawkes & Reece London,it-jobs,permanent,full_time,London,2026-08-13 11:37:26+00,2026-08-14,2026-08-14,60000,70000,65000.000000000000
5840201807,Senior AI Engineer,Infused Solutions Ltd,it-jobs,,full_time,North West England,2026-08-13 11:37:25+00,2026-08-14,2026-08-14,65000,80000,72500.000000000000
5840201302,Senior Technical Product Manager,ST Selection,it-jobs,,full_time,West Midlands,2026-08-13 11:37:22+00,2026-08-14,2026-08-14,70000,75000,72500.000000000000
5841363443,ML/Engineer,Anson Mccade,it-jobs,,,London,2026-08-14 05:18:35+00,2026-08-14,2026-08-14,100000,100000,100000.000000000000
5841092585,Head Chef,Thomas Franks Ltd,hospitality-catering-jobs,permanent,full_time,London,2026-08-14 02:35:23+00,2026-08-14,2026-08-14,50000,50000,50000.000000000000
5841081458,ML/Engineer,Anson Mccade,it-jobs,permanent,,London,2026-08-14 01:42:19+00,2026-08-14,2026-08-14,100000,100000,100000.000000000000
5840638076,Senior Data Scientist,Harnham - Data & Analytics Recruitment,it-jobs,permanent,full_time,South East England,2026-08-13 19:58:51+00,2026-08-14,2026-08-14,60000,75000,67500.000000000000
5840435728,"Staff Machine Learning Engineer, Simulation",Waymo,engineering-jobs,,full_time,London,2026-08-13 16:35:46+00,2026-08-14,2026-08-14,155000,163000,159000.000000000000
5840200037,Data Analyst Placement Programme,Data Jobs at ITOL Recruit,it-jobs,,full_time,West Midlands,2026-08-13 11:37:14+00,2026-08-14,2026-08-14,30000,45000,37500.000000000000
5840397766,Post-Doctoral Research Assistant in Digital Health and Artificial Intelligence (Fixed-Term),Bournemouth University,scientific-qa-jobs,contract,part_time,South West England,2026-08-13 16:28:47+00,2026-08-14,2026-08-14,34610,39906,37258.000000000000
5840199907,Technical Business Analyst,ABL Recruitment,it-jobs,contract,full_time,London,2026-08-13 11:37:13+00,2026-08-14,2026-08-14,55000,60000,57500.000000000000
5838674911,Data Analyst,Kingdom Security,it-jobs,,,South East England,2026-08-12 19:37:45+00,2026-08-13,2026-08-14,43000,44000,43500.000000000000
5840378076,Senior Machine Learning & AI Engineer - Consumer Data Science,Lloyds Bank,it-jobs,,full_time,,2026-08-13 16:16:15+00,2026-08-14,2026-08-14,72702,80780,76741.000000000000
5840673059,QA Automation Engineer- Greater Manchester,Searchability,it-jobs,permanent,full_time,North West England,2026-08-13 22:07:22+00,2026-08-14,2026-08-14,104000,130000,117000.000000000000
5840649272,Data Engineer - Data Vault 2.0,Norton Blake,it-jobs,contract,full_time,,2026-08-13 20:58:13+00,2026-08-14,2026-08-14,169000,169000,169000.000000000000
5840515703,Platform Architect,Experis,it-jobs,contract,,London,2026-08-13 17:39:18+00,2026-08-14,2026-08-14,130000,143000,136500.000000000000
5840668923,Contract Data Engineer,Cathcart Technology,it-jobs,contract,,North West England,2026-08-13 21:48:59+00,2026-08-14,2026-08-14,104000,106600,105300.000000000000
5840516639,Maintenance Manager,Stirling Warrington,engineering-jobs,permanent,,Yorkshire And The Humber,2026-08-13 17:41:02+00,2026-08-14,2026-08-14,60000,60000,60000.000000000000
5840404236,Informatics Engineer,Prime Medicine,scientific-qa-jobs,,full_time,,2026-08-13 16:32:01+00,2026-08-14,2026-08-14,134000,163000,148500.000000000000
5841365284,Database Developer,Stott & May Professional Search Limited,it-jobs,contract,,London,2026-08-14 05:23:15+00,2026-08-14,2026-08-14,78000,104000,91000.000000000000
5841126584,Data Engineer,Connect2Luton,it-jobs,contract,full_time,Eastern England,2026-08-14 03:00:52+00,2026-08-14,2026-08-14,130000,143000,136500.000000000000
5840635710,Data Engineer,Hexwired Recruitment Limited,it-jobs,,full_time,South East England,2026-08-13 19:48:56+00,2026-08-14,2026-08-14,40000,55000,47500.000000000000
5840202646,SC Cleared Data Engineer,IO Associates,it-jobs,contract,full_time,South West England,2026-08-13 11:37:32+00,2026-08-14,2026-08-14,42000,72500,57250.000000000000
5840202634,Senior Data Engineer,Manpower,it-jobs,contract,full_time,North East England,2026-08-13 11:37:32+00,2026-08-14,2026-08-14,41600,45760,43680.000000000000
5840201430,Python Developer,Tria,it-jobs,,full_time,West Midlands,2026-08-13 11:37:23+00,2026-08-14,2026-08-14,45000,50000,47500.000000000000
5841092588,Sous Chef,Thomas Franks Ltd,hospitality-catering-jobs,permanent,full_time,London,2026-08-14 02:35:23+00,2026-08-14,2026-08-14,44720,44720,44720.000000000000
5840202419,Senior Data Engineer,Anson Mccade,it-jobs,,full_time,North East England,2026-08-13 11:37:30+00,2026-08-14,2026-08-14,37000,68500,52750.000000000000
5840202292,AI Implementation Engineer - Manchester,Adria Solutions Ltd,it-jobs,,full_time,North West England,2026-08-13 11:37:28+00,2026-08-14,2026-08-14,65000,95000,80000.000000000000
5840672428,Senior Data Scientist (Contract),Harnham - Data & Analytics Recruitment,it-jobs,contract,,London,2026-08-13 22:04:12+00,2026-08-14,2026-08-14,130000,156000,143000.000000000000
5840640033,Electronics Engineer,Hexwired Recruitment Limited,engineering-jobs,,full_time,Eastern England,2026-08-13 20:01:29+00,2026-08-14,2026-08-14,50000,65000,57500.000000000000
5840640027,Senior Electronics Engineer,Hexwired Recruitment Limited,engineering-jobs,,full_time,Eastern England,2026-08-13 20:01:29+00,2026-08-14,2026-08-14,60000,75000,67500.000000000000
5840359940,Senior AI Assurance Consultant,Deerfoot Recruitment Solutions Limited,it-jobs,permanent,full_time,London,2026-08-13 15:47:33+00,2026-08-14,2026-08-14,70000,100000,85000.000000000000
5840318106,Data Scientist,Motability Foundation,it-jobs,,full_time,Eastern England,2026-08-13 14:50:18+00,2026-08-14,2026-08-14,55000,61000,58000.000000000000
5840287792,Full Stack Software Engineer - AI/ML - Security Cleared,Searchability NS&D,it-jobs,permanent,full_time,London,2026-08-13 14:01:05+00,2026-08-14,2026-08-14,45000,90000,67500.000000000000
5840287741,Senior AI Assurance Consultant,Deerfoot Recruitment Solutions Ltd,it-jobs,permanent,full_time,London,2026-08-13 14:00:26+00,2026-08-14,2026-08-14,70000,100000,85000.000000000000
5841126161,Data Solution Architect,Experis UK,it-jobs,contract,full_time,London,2026-08-14 03:00:30+00,2026-08-14,2026-08-14,260000,390000,325000.000000000000
5841112556,Senior Data Engineer,Trust in SODA,it-jobs,contract,full_time,London,2026-08-14 02:51:51+00,2026-08-14,2026-08-14,104000,117000,110500.000000000000
5840657925,Data Engineer,TALENT INTERNATIONAL UK LTD,it-jobs,contract,,,2026-08-13 21:22:39+00,2026-08-14,2026-08-14,130000,141700,135850.000000000000
5840657239,Senior Test Analyst (Informatica),TALENT INTERNATIONAL UK LTD,it-jobs,contract,,North West England,2026-08-13 21:21:06+00,2026-08-14,2026-08-14,151132,151132,151132.000000000000
5840377667,Asset and Compliance Data Solutions Lead,Hull City Council,it-jobs,permanent,full_time,,2026-08-13 16:16:00+00,2026-08-14,2026-08-14,39862,42839,41350.500000000000
5840364447,Senior Finance Business Analyst | FP&A,Office Angels,accounting-finance-jobs,permanent,full_time,South East England,2026-08-13 15:55:53+00,2026-08-14,2026-08-14,52000,75000,63500.000000000000
5840360342,Director of IT and Data,James Andrews Recruitment,it-jobs,,full_time,North West England,2026-08-13 15:47:54+00,2026-08-14,2026-08-14,100000,115000,107500.000000000000
5840359933,Interim Director of IT & Data,James Andrews Recruitment,it-jobs,contract,,North West England,2026-08-13 15:47:33+00,2026-08-14,2026-08-14,195000,259740,227370.000000000000
5840340835,Global Finance Director,Môrwell Talent Solutions,accounting-finance-jobs,permanent,full_time,Wales,2026-08-13 15:24:14+00,2026-08-14,2026-08-14,100000,120000,110000.000000000000
5840338115,Sales Support (Automotive OEM Experience Essential),Reed,sales-jobs,permanent,full_time,London,2026-08-13 15:21:38+00,2026-08-14,2026-08-14,35000,44000,39500.000000000000
5840336540,Business Support Administrator - Part Time,Reed,part-time-jobs,permanent,part_time,North West England,2026-08-13 15:20:40+00,2026-08-14,2026-08-14,30160,30160,30160.000000000000
5840336370,Senior Finance Business Analyst | FP&A,Office Angels,accounting-finance-jobs,permanent,full_time,South East England,2026-08-13 15:20:32+00,2026-08-14,2026-08-14,52000,75000,63500.000000000000
5840287755,Interim Director of IT & Data,James Andrew Recruitment Solutions ,it-jobs,permanent,full_time,North West England,2026-08-13 14:00:35+00,2026-08-14,2026-08-14,195000,260000,227500.000000000000
5840287523,Applications engineer - Business Intellegence,Picture More,it-jobs,permanent,full_time,London,2026-08-13 13:58:01+00,2026-08-14,2026-08-14,65000,65000,65000.000000000000
5840238202,Senior Business Intelligence and Insights Analyst,Coventry City Council,it-jobs,,,,2026-08-13 12:33:24+00,2026-08-14,2026-08-14,39152,39862,39507.000000000000
5840202862,Cyber Security Specialist,LT Harper Recruitment Group,it-jobs,contract,full_time,London,2026-08-13 11:37:34+00,2026-08-14,2026-08-14,56000,96000,76000.000000000000
5840202788,Tableau Developer,ShortList Recruitment Limited,it-jobs,contract,full_time,North West England,2026-08-13 11:37:33+00,2026-08-14,2026-08-14,38000,66000,52000.000000000000
5840201485,Senior Analytics Engineer,Tech4 Ltd,it-jobs,,full_time,South East England,2026-08-13 11:37:23+00,2026-08-14,2026-08-14,60000,65000,62500.000000000000
5840201167,Graduate Data Consultant,Jackson Hogg Ltd,graduate-jobs,contract,,North East England,2026-08-13 11:37:21+00,2026-08-14,2026-08-14,25000,30000,27500.000000000000
5840200545,Data Scientist (AI & Conversational Analytics),Huxley Associates,it-jobs,,full_time,London,2026-08-13 11:37:17+00,2026-08-14,2026-08-14,90000,110000,100000.000000000000
5840200485,Data Engineer,Synergy Resourcing Solutions Limited,it-jobs,,full_time,Eastern England,2026-08-13 11:37:17+00,2026-08-14,2026-08-14,80000,90000,85000.000000000000
5840200351,Senior Business Intelligence Analyst / Data Manager,IT Talent Solutions,it-jobs,,full_time,South East England,2026-08-13 11:37:16+00,2026-08-14,2026-08-14,50000,60000,55000.000000000000
5840200190,Lead Telemetry Specialist,Yolk Recruitment Limited,it-jobs,,full_time,Wales,2026-08-13 11:37:15+00,2026-08-14,2026-08-14,55000,55000,55000.000000000000
5840199814,Data Engineer,Hays,it-jobs,,full_time,South East England,2026-08-13 11:37:12+00,2026-08-14,2026-08-14,50000,50000,50000.000000000000
5840061946,Data Director,Hackajob Ltd,it-jobs,permanent,,North West England,2026-08-13 09:48:28+00,2026-08-14,2026-08-14,100000,100000,100000.000000000000
5840055388,"Content Solutions Lead, Large Customer Sales",Hackajob Ltd,sales-jobs,permanent,,London,2026-08-13 09:45:29+00,2026-08-14,2026-08-14,100000,100000,100000.000000000000
5840050131,Continuous Improvement Lead,Tods Defence Limited,engineering-jobs,permanent,,South West England,2026-08-13 09:43:59+00,2026-08-14,2026-08-14,60000,60000,60000.000000000000
5838742889,PMO Analyst,Michael Page Technology,it-jobs,permanent,,London,2026-08-12 21:54:40+00,2026-08-13,2026-08-14,91000,130000,110500.000000000000
5838730704,Data Director,Hackajob Ltd,it-jobs,,,North West England,2026-08-12 21:22:05+00,2026-08-13,2026-08-14,100000,100000,100000.000000000000
5838730565,"Content Solutions Lead, Large Customer Sales",Hackajob Ltd,sales-jobs,,,London,2026-08-12 21:21:43+00,2026-08-13,2026-08-14,100000,100000,100000.000000000000
5838730401,"PowerBI Developer, Crewe. 45k",Langley James Limited,it-jobs,,,North West England,2026-08-12 21:21:16+00,2026-08-13,2026-08-14,50000,50000,50000.000000000000
5838729952,Data Scientist,Datatech Analytics,it-jobs,,,Wales,2026-08-12 21:20:18+00,2026-08-13,2026-08-14,80000,80000,80000.000000000000
5838671781,Workplace and Operations Lead - EMEA,Adecco,it-jobs,permanent,full_time,London,2026-08-12 19:19:09+00,2026-08-13,2026-08-14,60000,65000,62500.000000000000
5838671535,FP&A Manager- hybrid,Sheridan Maine,accounting-finance-jobs,permanent,full_time,,2026-08-12 19:18:11+00,2026-08-13,2026-08-14,70000,80000,75000.000000000000
5840658518,Embedded Machine Learning Engineer,KO2 Embedded Recruitment Solutions LTD,engineering-jobs,permanent,,Scotland,2026-08-13 21:24:05+00,2026-08-14,2026-08-14,70000,70000,70000.000000000000
5838625365,Business Intelligence & AI Lead,Nigel Wright Group,it-jobs,permanent,full_time,North West England,2026-08-12 17:54:31+00,2026-08-13,2026-08-14,50000,80000,65000.000000000000
5838623415,Workplace and Operations Lead - EMEA,Adecco,it-jobs,permanent,full_time,London,2026-08-12 17:53:06+00,2026-08-13,2026-08-14,60000,65000,62500.000000000000
5841391632,Social Worker,Durham County Council,social-work-jobs,contract,full_time,North East England,2026-08-14 06:38:40+00,2026-08-14,2026-08-14,30000,39999,34999.500000000000
5841386582,Client Support Engineer,Two Circles,it-jobs,,,London,2026-08-14 06:37:19+00,2026-08-14,2026-08-14,45000,50000,47500.000000000000
5841381557,Accountant,Reed,accounting-finance-jobs,permanent,full_time,London,2026-08-14 06:32:25+00,2026-08-14,2026-08-14,60000,65000,62500.000000000000
5840673142,Contract Data Engineer,Cathcart Technology,it-jobs,contract,,North West England,2026-08-13 22:10:44+00,2026-08-14,2026-08-14,104000,106600,105300.000000000000
5841365280,Senior FP&A Analyst,Robert Half Limited,accounting-finance-jobs,permanent,,London,2026-08-14 05:23:12+00,2026-08-14,2026-08-14,65000,65000,65000.000000000000
5841365248,Graduate Manufacturing Engineer,Bennett and Game Recruitment LTD,graduate-jobs,contract,,West Midlands,2026-08-14 05:22:48+00,2026-08-14,2026-08-14,30000,30000,30000.000000000000
5841365155,Operations Manager,InPost,logistics-warehouse-jobs,,,North West England,2026-08-14 05:22:38+00,2026-08-14,2026-08-14,40000,40000,40000.000000000000
5841364481,Senior Catastrophe Modelling Analyst,Comtecs,accounting-finance-jobs,contract,,London,2026-08-14 05:20:56+00,2026-08-14,2026-08-14,133900,158600,146250.000000000000
5841364459,Head of Commercial Finance,Cedar Recruitment,accounting-finance-jobs,,,East Midlands,2026-08-14 05:20:48+00,2026-08-14,2026-08-14,100000,100000,100000.000000000000
5841364433,Senior .Net Engineer (Backend),Phillips & Cohen,it-jobs,,full_time,North West England,2026-08-14 05:20:34+00,2026-08-14,2026-08-14,60000,60000,60000.000000000000
5840658300,Modelling Engineer,IO Associates,it-jobs,contract,,South East England,2026-08-13 21:23:29+00,2026-08-14,2026-08-14,143000,156000,149500.000000000000
5841364328,Display Planner,Fresh People Ltd,retail-jobs,,,London,2026-08-14 05:20:08+00,2026-08-14,2026-08-14,40000,40000,40000.000000000000
5841363998,Operations Administrator,The Recruitment Crowd  Limited,admin-jobs,permanent,,West Midlands,2026-08-14 05:19:40+00,2026-08-14,2026-08-14,26000,26000,26000.000000000000
5841363715,Digital Trade Assistant,Ann Summers Limited,pr-advertising-marketing-jobs,,,South East England,2026-08-14 05:19:18+00,2026-08-14,2026-08-14,26000,26000,26000.000000000000
5841363477,Production Engineer,Prince Personnel Limited,engineering-jobs,contract,,West Midlands,2026-08-14 05:18:43+00,2026-08-14,2026-08-14,35000,35000,35000.000000000000
5841363479,Production Engineer,Prince Personnel Limited,engineering-jobs,contract,,West Midlands,2026-08-14 05:18:43+00,2026-08-14,2026-08-14,45000,45000,45000.000000000000
5840287578,Head of AI,The Portfolio Group,it-jobs,permanent,full_time,North West England,2026-08-13 13:58:31+00,2026-08-14,2026-08-14,85000,90000,87500.000000000000
5840283037,Head of AI,The Portfolio Group,it-jobs,,full_time,North West England,2026-08-13 13:48:06+00,2026-08-14,2026-08-14,85000,90000,87500.000000000000
5840381535,Business Intelligence Developer,Thurrock Council,it-jobs,permanent,full_time,Eastern England,2026-08-13 16:18:36+00,2026-08-14,2026-08-14,45624,52038,48831.000000000000
5840656565,Modelling Engineer,IO Associates,it-jobs,contract,,South East England,2026-08-13 21:17:58+00,2026-08-14,2026-08-14,143000,156000,149500.000000000000
5840380807,Senior Revenue Operations Manager,Amdaris,it-jobs,,,South West England,2026-08-13 16:18:07+00,2026-08-14,2026-08-14,62000,80000,71000.000000000000
5841252082,Accounts Payable Assistant,MCS Group,accounting-finance-jobs,,,Northern Ireland,2026-08-14 04:21:26+00,2026-08-14,2026-08-14,28000,28000,28000.000000000000
5841220632,Policy Officer – 1 x Permanent Post  1 x fixed term post for 2.5 years (subject to funding),West Midlands Police and Crime Commissioner,admin-jobs,contract,,West Midlands,2026-08-14 04:06:18+00,2026-08-14,2026-08-14,44700,44700,44700.000000000000
5842513406,CAD Data Analyst,Public Sector Resourcing CWS,engineering-jobs,permanent,,London,2026-08-15 01:48:11+00,2026-08-15,2026-08-15,40000,40000,40000.000000000000
5840400501,Data Analyst,Clarion Housing Group,it-jobs,contract,full_time,London,2026-08-13 16:30:41+00,2026-08-14,2026-08-15,27680,34599,31139.500000000000
5840400317,Membership Data Analyst,Co-op Insurance,it-jobs,,,North West England,2026-08-13 16:30:29+00,2026-08-14,2026-08-15,42000,50000,46000.000000000000
5840362421,Data Analyst,CPR,it-jobs,contract,,West Midlands,2026-08-13 15:51:07+00,2026-08-14,2026-08-15,36857,43355,40106.000000000000
5840362130,Data Analyst,CPR,it-jobs,contract,,Eastern England,2026-08-13 15:50:12+00,2026-08-14,2026-08-15,41400,48702,45051.000000000000
5840359823,CAD Data Analyst Rail Systems,Carrington West,it-jobs,,full_time,West Midlands,2026-08-13 15:47:25+00,2026-08-14,2026-08-15,36857,43355,40106.000000000000
5840359309,CAD Data Analyst Rail Systems,Carrington West,it-jobs,,full_time,London,2026-08-13 15:46:41+00,2026-08-14,2026-08-15,41400,48702,45051.000000000000
5841841705,AI Engineers (Copilot studio/ Power Platform),MCS Group,it-jobs,,,Northern Ireland,2026-08-14 14:44:14+00,2026-08-15,2026-08-15,70000,70000,70000.000000000000
5841929095,Senior AWS Cloud Engineer | S4 | Data & AI Domain | Milton Keynes,Banco Santander,it-jobs,,full_time,,2026-08-14 16:19:09+00,2026-08-15,2026-08-15,80000,120000,100000.000000000000
5841923545,Senior Data Engineer,Gigs,it-jobs,,,London,2026-08-14 16:14:39+00,2026-08-15,2026-08-15,90000,125000,107500.000000000000
5841914261,PLM Engineer_Data Migration,OSS,it-jobs,contract,,South East England,2026-08-14 16:06:01+00,2026-08-15,2026-08-15,38000,40000,39000.000000000000
5842077525,Personal Trainer - London,Ultimate Performance,hr-jobs,,full_time,London,2026-08-14 19:01:34+00,2026-08-15,2026-08-15,30800,30800,30800.000000000000
5842077499,"Personal Trainer - Canary Wharf, Wood Wharf, London",Ultimate Performance,hr-jobs,,full_time,,2026-08-14 19:01:34+00,2026-08-15,2026-08-15,43300,43300,43300.000000000000
5842064325,AI Engineer,Amtis Professional Ltd,it-jobs,permanent,full_time,North West England,2026-08-14 18:32:50+00,2026-08-15,2026-08-15,50000,60000,55000.000000000000
5841966686,"Manager, Software Engineering (International)",Affirm,it-jobs,,,,2026-08-14 16:35:45+00,2026-08-15,2026-08-15,142000,190000,166000.000000000000
5841833910,Data Engineer,Tenth Revolution Group,it-jobs,permanent,full_time,North West England,2026-08-14 14:16:41+00,2026-08-15,2026-08-15,45000,55000,50000.000000000000
5841959252,Principal Software Engineer (Hybrid),8th Light,engineering-jobs,,,London,2026-08-14 16:34:38+00,2026-08-15,2026-08-15,92818,116122,104470.000000000000
5841833882,Data Engineer,Tenth Revolution Group,it-jobs,permanent,full_time,North West England,2026-08-14 14:16:18+00,2026-08-15,2026-08-15,45000,55000,50000.000000000000
5841744739,Data Engineer,Hexwired Recruitment Limited,it-jobs,,full_time,London,2026-08-14 11:46:09+00,2026-08-15,2026-08-15,40000,55000,47500.000000000000
5841744808,Analytics Engineer,TapTap Send,it-jobs,,full_time,London,2026-08-14 11:46:09+00,2026-08-15,2026-08-15,59000,91000,75000.000000000000
5841833986,Data Engineer,Tenth Revolution Group,it-jobs,permanent,full_time,North West England,2026-08-14 14:17:28+00,2026-08-15,2026-08-15,45000,55000,50000.000000000000
5841833943,Data Engineer,Tenth Revolution Group,it-jobs,permanent,full_time,North West England,2026-08-14 14:16:59+00,2026-08-15,2026-08-15,45000,55000,50000.000000000000
5841744841,Data Engineer,Global,it-jobs,,full_time,London,2026-08-14 11:46:09+00,2026-08-15,2026-08-15,58000,98000,78000.000000000000
5841744967,Senior Data Scientist,Capco,it-jobs,permanent,full_time,London,2026-08-14 11:46:10+00,2026-08-15,2026-08-15,65000,105000,85000.000000000000
5841744894,Lead Data Engineer,Liberis,engineering-jobs,,full_time,London,2026-08-14 11:46:10+00,2026-08-15,2026-08-15,60000,88000,74000.000000000000
5841744724,Senior AI Software Engineer,Hackajob Ltd,it-jobs,,full_time,London,2026-08-14 11:46:09+00,2026-08-15,2026-08-15,100000,100000,100000.000000000000
5841744751,AI Solution Engineer,Hackajob Ltd,it-jobs,,full_time,North West England,2026-08-14 11:46:09+00,2026-08-15,2026-08-15,90000,90000,90000.000000000000
5841744815,NLP Engineer,Catchfish,it-jobs,,full_time,South East England,2026-08-14 11:46:09+00,2026-08-15,2026-08-15,45000,85000,65000.000000000000
5841744818,Data Platform Engineer,MONY Group,it-jobs,,full_time,Wales,2026-08-14 11:46:09+00,2026-08-15,2026-08-15,42500,70500,56500.000000000000
5841743632,Data Engineering Manager,We Are Fr Group,it-jobs,,full_time,East Midlands,2026-08-14 11:45:51+00,2026-08-15,2026-08-15,85000,85000,85000.000000000000
5841551477,Bioinformatician,EMBL-EBI,scientific-qa-jobs,contract,,Eastern England,2026-08-14 10:47:23+00,2026-08-15,2026-08-15,80000,80000,80000.000000000000
5841743311,Principal Data Engineer - Kings Cross,VIQU IT Recruitment,it-jobs,,full_time,West Midlands,2026-08-14 11:45:44+00,2026-08-15,2026-08-15,100000,100000,100000.000000000000
5842211617,Data Scientist,Hilo By Aktiia,scientific-qa-jobs,,full_time,,2026-08-14 22:58:13+00,2026-08-15,2026-08-15,70000,80000,75000.000000000000
5841833966,Systems Developer,Massenhove Recruitment Limited,it-jobs,permanent,full_time,London,2026-08-14 14:17:14+00,2026-08-15,2026-08-15,40000,55000,47500.000000000000
5842077514,"Personal Trainer - Chelsea, London",Ultimate Performance,hr-jobs,,full_time,London,2026-08-14 19:01:34+00,2026-08-15,2026-08-15,43300,43300,43300.000000000000
5841976207,Lead Software Engineer (Hybrid),8th Light,engineering-jobs,,,London,2026-08-14 16:37:13+00,2026-08-15,2026-08-15,76023,95029,85526.000000000000
5842145765,Senior Pricing and Data Science Analyst,MERJE,it-jobs,,,Yorkshire And The Humber,2026-08-14 21:34:25+00,2026-08-15,2026-08-15,50000,65000,57500.000000000000
5842077521,Personal Trainer - Leeds,Ultimate Performance,it-jobs,,full_time,Yorkshire And The Humber,2026-08-14 19:01:34+00,2026-08-15,2026-08-15,45000,45000,45000.000000000000
5841597661,Adobe Experience Platform Architect,Sanderson Recruitment,it-jobs,permanent,,London,2026-08-14 11:13:45+00,2026-08-15,2026-08-15,130000,130260,130130.000000000000
5841576065,Junior Software Engineer (Data),Prevail,it-jobs,permanent,full_time,London,2026-08-14 11:07:16+00,2026-08-15,2026-08-15,32000,42000,37000.000000000000
5841550752,Senior AI Software Engineer,Hackajob Ltd,it-jobs,permanent,,North West England,2026-08-14 10:46:49+00,2026-08-15,2026-08-15,100000,100000,100000.000000000000
5842099002,Client Partner,Hackajob Ltd,sales-jobs,permanent,,London,2026-08-14 19:12:46+00,2026-08-15,2026-08-15,100000,100000,100000.000000000000
5842060923,ERP Engineer,Hexwired Recruitment Limited,it-jobs,,full_time,Eastern England,2026-08-14 18:08:28+00,2026-08-15,2026-08-15,50000,60000,55000.000000000000
5842064011,Graduate GIS / Spatial Data Consultant,MSA Data Analytics Ltd,graduate-jobs,permanent,full_time,West Midlands,2026-08-14 18:27:42+00,2026-08-15,2026-08-15,28000,34000,31000.000000000000
5842061988,Modelling Engineer,IO Associates,it-jobs,contract,,South East England,2026-08-14 18:16:41+00,2026-08-15,2026-08-15,143000,156000,149500.000000000000
5841934296,Data Science Manager,John Lewis,it-jobs,permanent,full_time,London,2026-08-14 16:23:18+00,2026-08-15,2026-08-15,62000,115000,88500.000000000000
5841833805,Graduate Analyst Consultant,Gregory Martin International Limited,graduate-jobs,permanent,full_time,South East England,2026-08-14 14:15:32+00,2026-08-15,2026-08-15,25000,30000,27500.000000000000
5841819739,Lead Data Scientist,Harnham - Data & Analytics Recruitment,it-jobs,permanent,full_time,London,2026-08-14 13:28:04+00,2026-08-15,2026-08-15,85000,95000,90000.000000000000
5842726632,Customer Marketing Manager - Maternity Cover,Association For Project Management,pr-advertising-marketing-jobs,contract,full_time,South East England,2026-08-15 05:28:17+00,2026-08-15,2026-08-15,45000,45000,45000.000000000000
5841365283,Business Intelligence Developer,Comtecs,it-jobs,permanent,,London,2026-08-14 05:23:15+00,2026-08-14,2026-08-15,90000,90000,90000.000000000000
5841220775,LES Programme Development Lead,Dudley Metropolitan Borough Council,consultancy-jobs,,,,2026-08-14 04:06:20+00,2026-08-14,2026-08-15,60913,64869,62891.000000000000
5841125535,Power BI Developer,"BRINKS, UAB",it-jobs,contract,full_time,Wales,2026-08-14 03:00:14+00,2026-08-14,2026-08-15,40000,50000,45000.000000000000
5841112901,"Insight, Intelligence and Performance Business Partner",Service Care Solutions,it-jobs,permanent,full_time,North West England,2026-08-14 02:51:54+00,2026-08-15,2026-08-15,49050,49050,49050.000000000000
5841081434,Financial Planning & Analyst,Robert Half,accounting-finance-jobs,permanent,,London,2026-08-14 01:42:14+00,2026-08-14,2026-08-15,80000,110000,95000.000000000000
5840688257,Finance Analyst,Metropolitan Thames Valley Housing,accounting-finance-jobs,permanent,,London,2026-08-13 22:38:59+00,2026-08-15,2026-08-15,41236,43406,42321.000000000000
5840672840,"Business Intelligence Developer - SQL, ETL, Power BI, DAX",Comtecs Ltd,it-jobs,permanent,full_time,London,2026-08-13 22:05:59+00,2026-08-14,2026-08-15,80000,90000,85000.000000000000
5840649151,Data Engineer - Outside IR35 (Scotland),Gigged.AI,it-jobs,contract,,Scotland,2026-08-13 20:57:47+00,2026-08-14,2026-08-15,123500,143000,133250.000000000000
5841820911,Lead Data Engineer,Harnham - Data & Analytics Recruitment,it-jobs,permanent,full_time,London,2026-08-14 13:28:53+00,2026-08-15,2026-08-15,70000,85000,77500.000000000000
5841811635,Bioinformatician,EMBL-EBI,scientific-qa-jobs,contract,,Eastern England,2026-08-14 13:18:31+00,2026-08-15,2026-08-15,80000,80000,80000.000000000000
5840642979,Management Accountant (Manufacturing/Dungannon),VANRATH,accounting-finance-jobs,,,Northern Ireland,2026-08-13 20:18:06+00,2026-08-14,2026-08-15,60000,60000,60000.000000000000
5840640831,Marketing & Digital Analytics Recruitment Consultant,Ritz Recruitment,consultancy-jobs,,full_time,London,2026-08-13 20:02:47+00,2026-08-14,2026-08-15,30000,40000,35000.000000000000
5840639559,Project Management Business Partner,Morson Edge,consultancy-jobs,contract,,North West England,2026-08-13 20:00:54+00,2026-08-14,2026-08-15,62462,83574,73018.000000000000
5840637674,Finance Business Partner,CMA Recruitment Group,accounting-finance-jobs,,full_time,South East England,2026-08-13 19:56:43+00,2026-08-14,2026-08-15,60000,70000,65000.000000000000
5840637638,Finance Analyst,Metropolitan Thames Valley,accounting-finance-jobs,permanent,full_time,,2026-08-13 19:56:15+00,2026-08-14,2026-08-15,41236,43406,42321.000000000000
5842162910,Business Reporting Analyst,Matchtech,it-jobs,permanent,full_time,West Midlands,2026-08-14 22:31:26+00,2026-08-15,2026-08-15,55000,60000,57500.000000000000
5842726618,Cassandra Database Engineer,Huxley Associates,it-jobs,contract,,London,2026-08-15 05:28:16+00,2026-08-15,2026-08-15,182000,183560,182780.000000000000
5840521066,Investment Portfolio Data & Reporting Lead,South East Water,it-jobs,,full_time,South East England,2026-08-13 17:49:05+00,2026-08-14,2026-08-15,77000,90000,83500.000000000000
5842749257,Sales and Marketing Manager,UBT,pr-advertising-marketing-jobs,permanent,full_time,Eastern England,2026-08-15 06:55:03+00,2026-08-15,2026-08-15,60000,65000,62500.000000000000
5842746972,Relationship Manager - Philanthropy,Willen Hospice,pr-advertising-marketing-jobs,,full_time,South East England,2026-08-15 06:50:55+00,2026-08-15,2026-08-15,40000,40000,40000.000000000000
5842744487,Compliance and Monitoring Officer - Braintree District Council,Essex County Council,scientific-qa-jobs,contract,full_time,Eastern England,2026-08-15 06:49:25+00,2026-08-15,2026-08-15,40000,49999,44999.500000000000
5842728712,Audit Assistant or Semi-Senior,TPF Recruitment,accounting-finance-jobs,permanent,,South East England,2026-08-15 05:38:29+00,2026-08-15,2026-08-15,28000,36000,32000.000000000000
5842728007,Junior Buyer,MTrec Technical,retail-jobs,contract,full_time,North East England,2026-08-15 05:35:32+00,2026-08-15,2026-08-15,30000,30000,30000.000000000000
5842727189,HR Business Partner,Ask4.com,hr-jobs,contract,,Yorkshire And The Humber,2026-08-15 05:29:29+00,2026-08-15,2026-08-15,45000,45000,45000.000000000000
5842726643,Energy Services Manager,AWD Online,consultancy-jobs,permanent,full_time,North West England,2026-08-15 05:28:18+00,2026-08-15,2026-08-15,50000,50000,50000.000000000000
5842726386,Health And Safety Manager,Reed Specialist Recruitment Ltd,engineering-jobs,permanent,full_time,North West England,2026-08-15 05:27:54+00,2026-08-15,2026-08-15,55000,55000,55000.000000000000
5842726322,Senior Systems Engineer (Network Technologies Specialist),Trusted Technology Partnership,it-jobs,permanent,,South East England,2026-08-15 05:27:37+00,2026-08-15,2026-08-15,55000,55000,55000.000000000000
5842726317,V06215 - Master Data Administrator - Data Cleansing,Outsource,it-jobs,contract,,Wales,2026-08-15 05:27:37+00,2026-08-15,2026-08-15,27394,27394,27394.000000000000
5842726320,"HR MI, Systems & Analytics Analyst",NRG,it-jobs,permanent,full_time,North East England,2026-08-15 05:27:37+00,2026-08-15,2026-08-15,50000,50000,50000.000000000000
5842724097,Internal Audit Team Supervisor,Creative Support,social-work-jobs,permanent,,North West England,2026-08-15 05:26:27+00,2026-08-15,2026-08-15,35000,35000,35000.000000000000
5842724093,"Senior FX Dealer Full-time | Office-based | Tring, Hertfordshire | £30",Ten2Two Ltd,sales-jobs,permanent,full_time,,2026-08-15 05:26:27+00,2026-08-15,2026-08-15,30000,30000,30000.000000000000
5842724091,Finance Schemes & Reporting Partner,Low Carbon Contracts Company,accounting-finance-jobs,permanent,full_time,West Midlands,2026-08-15 05:26:27+00,2026-08-15,2026-08-15,70000,70000,70000.000000000000
5842723788,Part-time Credit Controller,Addington Ball Recruitment Ltd,part-time-jobs,,part_time,West Midlands,2026-08-15 05:26:05+00,2026-08-15,2026-08-15,16000,16000,16000.000000000000
5842723718,Configuration Engineer,AVIC Cabin Systems Limited,engineering-jobs,permanent,,Eastern England,2026-08-15 05:25:56+00,2026-08-15,2026-08-15,45000,45000,45000.000000000000
5841481498,Financial Planning & Analyst,Robert Half,accounting-finance-jobs,permanent,full_time,London,2026-08-14 09:00:45+00,2026-08-15,2026-08-15,80000,110000,95000.000000000000
5842723687,Azure DevOps Engineer,Anson Mccade,it-jobs,contract,,London,2026-08-15 05:25:49+00,2026-08-15,2026-08-15,130000,182000,156000.000000000000
5842722551,Fleet Manager,Chime housing,logistics-warehouse-jobs,,,Eastern England,2026-08-15 05:23:35+00,2026-08-15,2026-08-15,55000,55000,55000.000000000000
5842722051,Social Media Lead,We Are Fr Group,pr-advertising-marketing-jobs,contract,,London,2026-08-15 05:22:35+00,2026-08-15,2026-08-15,55000,55000,55000.000000000000
5842721862,Head of Growth,Zenopa,pr-advertising-marketing-jobs,,,London,2026-08-15 05:22:12+00,2026-08-15,2026-08-15,100000,100000,100000.000000000000
5842721705,Senior AI Operations Manager - Hybrid,Silver Birch Rec Ltd T/A Etech Partners,it-jobs,,,London,2026-08-15 05:21:41+00,2026-08-15,2026-08-15,100000,100000,100000.000000000000
5842721526,HR Business Partner,Ask4.com,hr-jobs,contract,,Yorkshire And The Humber,2026-08-15 05:21:11+00,2026-08-15,2026-08-15,45000,45000,45000.000000000000
5842721227,Customer Marketing Manager - Maternity Cover,Association For Project Management,pr-advertising-marketing-jobs,contract,full_time,South East England,2026-08-15 05:20:36+00,2026-08-15,2026-08-15,45000,45000,45000.000000000000
5842721229,Senior Shopper Marketing Manager,Le Creuset UK Ltd,pr-advertising-marketing-jobs,,,South East England,2026-08-15 05:20:36+00,2026-08-15,2026-08-15,62400,67579,64989.500000000000
5842720877,V06215 - Master Data Administrator - Data Cleansing,Outsource,it-jobs,contract,,Wales,2026-08-15 05:19:54+00,2026-08-15,2026-08-15,27394,27394,27394.000000000000
5842719939,Finance Business Partner,Ask4.com,accounting-finance-jobs,,,Yorkshire And The Humber,2026-08-15 05:17:42+00,2026-08-15,2026-08-15,55000,55000,55000.000000000000
5842723675,Application Engineer,GPW Recruitment,engineering-jobs,permanent,,North West England,2026-08-15 05:25:48+00,2026-08-15,2026-08-15,50000,50000,50000.000000000000
5842671207,Assistant Team Manager,Hampshire County Council,social-work-jobs,,,South East England,2026-08-15 04:47:16+00,2026-08-15,2026-08-15,40643,45077,42860.000000000000
5842644168,Apprentice Public Health Analyst,Solihull Metropolitan Borough Council,admin-jobs,,part_time,West Midlands,2026-08-15 04:33:55+00,2026-08-15,2026-08-15,38220,44075,41147.500000000000
5842643994,Computer Science Lecturer,Protocol,teaching-jobs,,full_time,West Midlands,2026-08-15 04:33:45+00,2026-08-15,2026-08-15,52000,58240,55120.000000000000
5841744726,Director of IT and Data,James Andrews Recruitment,it-jobs,,full_time,North West England,2026-08-14 11:46:09+00,2026-08-15,2026-08-15,100000,115000,107500.000000000000
5843187355,Business Intelligence Analyst (Insight & Performance),First Choice Homes Oldham,it-jobs,permanent,full_time,North West England,2026-08-15 16:36:23+00,2026-08-16,2026-08-16,40001,50000,45000.500000000000
5841744840,Data Analyst,Global,it-jobs,contract,full_time,London,2026-08-14 11:46:09+00,2026-08-15,2026-08-16,58000,98000,78000.000000000000
5841744845,Product Data Science Manager,Similar Web,it-jobs,,full_time,London,2026-08-14 11:46:09+00,2026-08-15,2026-08-16,52000,92000,72000.000000000000
5841744844,Lead Data Analyst,Gopuff,it-jobs,,full_time,London,2026-08-14 11:46:09+00,2026-08-15,2026-08-16,31000,71000,51000.000000000000
5841744828,Senior Data Analyst,Saffery Champness,it-jobs,,full_time,London,2026-08-14 11:46:09+00,2026-08-15,2026-08-16,44000,84000,64000.000000000000
5841365115,Data Analyst Apprentice,Back 2 Work,it-jobs,,,West Midlands,2026-08-14 05:22:11+00,2026-08-14,2026-08-16,24000,24000,24000.000000000000
5840911993,Senior Finance Data Analyst - entertainment,Handle Recruitment,it-jobs,permanent,,London,2026-08-13 23:25:51+00,2026-08-14,2026-08-16,91000,104000,97500.000000000000
5840687987,Aftersales Data & Recall Advisor,Stoneacre,admin-jobs,,,Yorkshire And The Humber,2026-08-13 22:38:45+00,2026-08-14,2026-08-16,29000,29000,29000.000000000000
5840657931,Data Analyst Apprentice,Back 2 Work,it-jobs,,,West Midlands,2026-08-13 21:22:39+00,2026-08-14,2026-08-16,24000,24000,24000.000000000000
5840657589,Assistant Property Data Analyst,Home Group Limited,it-jobs,contract,,North East England,2026-08-13 21:21:29+00,2026-08-14,2026-08-16,30000,30000,30000.000000000000
5840649681,Data & Reporting Analyst,Robert Half,it-jobs,permanent,full_time,London,2026-08-13 20:58:45+00,2026-08-14,2026-08-16,35000,40000,37500.000000000000
5840649326,BI and Insight Analyst,Opus People Solutions,it-jobs,contract,full_time,West Midlands,2026-08-13 20:58:20+00,2026-08-14,2026-08-16,35360,41600,38480.000000000000
5843030356,Lead Data Scientist - Personalisation/CRM,Wise,it-jobs,,full_time,London,2026-08-15 11:41:18+00,2026-08-16,2026-08-16,66000,106000,86000.000000000000
5843030152,Data Analyst,Robert Half,it-jobs,contract,full_time,West Midlands,2026-08-15 11:40:53+00,2026-08-16,2026-08-16,61000,101000,81000.000000000000
5840912117,Data Analyst,Agility,it-jobs,permanent,full_time,West Midlands,2026-08-13 23:28:16+00,2026-08-14,2026-08-16,29000,35000,32000.000000000000
5840638042,Data Analyst,Hunter Education Limited,it-jobs,contract,full_time,Yorkshire And The Humber,2026-08-13 19:58:35+00,2026-08-14,2026-08-16,36000,36070,36035.000000000000
5840637955,Data Analyst,Rise Technical Recruitment Limited,it-jobs,permanent,full_time,South West England,2026-08-13 19:57:40+00,2026-08-14,2026-08-16,36000,36000,36000.000000000000
5840635609,Data Analyst,Rise Technical Recruitment,it-jobs,contract,full_time,South West England,2026-08-13 19:48:22+00,2026-08-14,2026-08-16,36000,36000,36000.000000000000
5840524555,Data Analyst,Pertemps Plymouth,it-jobs,permanent,full_time,South West England,2026-08-13 17:56:50+00,2026-08-14,2026-08-16,36070,36070,36070.000000000000
5840520899,Junior Data Analyst,Manpower UK Ltd,it-jobs,contract,,Scotland,2026-08-13 17:47:56+00,2026-08-14,2026-08-16,28080,28080,28080.000000000000
5843030423,Senior Manager - Principal AI Engineer,KPMG,it-jobs,,full_time,London,2026-08-15 11:41:19+00,2026-08-16,2026-08-16,41000,81000,61000.000000000000
5843030392,Software Engineer Python SQL Market Data,Client Server,it-jobs,,full_time,London,2026-08-15 11:41:19+00,2026-08-16,2026-08-16,40000,70000,55000.000000000000
5843030359,Engineering Manager - Data & Analytics,Amazon,it-jobs,,full_time,London,2026-08-15 11:41:18+00,2026-08-16,2026-08-16,42000,77000,59500.000000000000
5843030162,Data Engineering Manager,Datatech Analytics,it-jobs,,full_time,London,2026-08-15 11:40:54+00,2026-08-16,2026-08-16,95000,95000,95000.000000000000
5843030136,Data Engineer - Bristol,Sanderson Recruitment,it-jobs,permanent,full_time,South West England,2026-08-15 11:40:52+00,2026-08-16,2026-08-16,45000,45000,45000.000000000000
5843030101,Principal Data Scientist - Healthcare,Kainos,it-jobs,,full_time,West Midlands,2026-08-15 11:40:51+00,2026-08-16,2026-08-16,28000,51000,39500.000000000000
5843030107,Data Engineer,Kainos,it-jobs,,full_time,Northern Ireland,2026-08-15 11:40:51+00,2026-08-16,2026-08-16,28000,51000,39500.000000000000
5842723334,Product Manager,Randstad Digital,it-jobs,,,,2026-08-15 05:25:26+00,2026-08-15,2026-08-16,104000,120120,112060.000000000000
5842721201,Cassandra Database Engineer,Huxley Associates,it-jobs,contract,,London,2026-08-15 05:20:31+00,2026-08-15,2026-08-16,182000,183560,182780.000000000000
5842569818,Lead Data Engineer,Hatched Recruitment,it-jobs,permanent,full_time,London,2026-08-15 03:21:10+00,2026-08-15,2026-08-16,80000,95000,87500.000000000000
5843030620,Data Engineer Python SQL Spark,Client Server,it-jobs,,full_time,London,2026-08-15 11:41:22+00,2026-08-16,2026-08-16,40000,70000,55000.000000000000
5843030479,"Senior Director, Data Engineering & Services",Sony Interactive Entertainment America,it-jobs,,full_time,London,2026-08-15 11:41:20+00,2026-08-16,2026-08-16,60000,100000,80000.000000000000
5843030516,Software Engineer,Optiver,it-jobs,,full_time,London,2026-08-15 11:41:20+00,2026-08-16,2026-08-16,69000,109000,89000.000000000000
5843030471,Principal Cloud Software Engineer,Jazz Pharmaceuticals,it-jobs,,full_time,Eastern England,2026-08-15 11:41:20+00,2026-08-16,2026-08-16,27000,90000,58500.000000000000
5843030368,Lead Data Engineer,JP Morgan Chase,it-jobs,contract,,London,2026-08-15 11:41:18+00,2026-08-16,2026-08-16,31000,51000,41000.000000000000
5843030371,Director Oncology Data Science,Novartis,scientific-qa-jobs,,full_time,London,2026-08-15 11:41:18+00,2026-08-16,2026-08-16,60000,100000,80000.000000000000
5842126293,Enterprise Integration & Automation Engineer,Panda,it-jobs,,full_time,Yorkshire And The Humber,2026-08-14 20:10:18+00,2026-08-15,2026-08-16,60000,80000,70000.000000000000
5842124922,Cassandra Database Engineer,Huxley Associates,accounting-finance-jobs,contract,,London,2026-08-14 20:01:33+00,2026-08-15,2026-08-16,182000,183560,182780.000000000000
5842114847,PLM Engineer_Data Migration,OP,it-jobs,contract,,South East England,2026-08-14 19:33:46+00,2026-08-15,2026-08-16,38000,40000,39000.000000000000
5842064288,Senior Quantexa Data Engineer,Lorien,it-jobs,permanent,full_time,London,2026-08-14 18:32:04+00,2026-08-15,2026-08-16,75000,85000,80000.000000000000
5842064274,Senior Data Engineer,Nigel Wright Group,it-jobs,permanent,full_time,North East England,2026-08-14 18:31:54+00,2026-08-15,2026-08-16,60000,70000,65000.000000000000
5842064204,Lead BI Analyst,Harnham - Data & Analytics Recruitment,it-jobs,permanent,full_time,London,2026-08-14 18:30:46+00,2026-08-15,2026-08-16,50000,56000,53000.000000000000
5842064184,Data Platorm Manager,Harnham - Data & Analytics Recruitment,it-jobs,permanent,full_time,London,2026-08-14 18:30:17+00,2026-08-15,2026-08-16,60000,80000,70000.000000000000
5842063922,Data Modeller,Harnham - Data & Analytics Recruitment,it-jobs,permanent,full_time,London,2026-08-14 18:27:24+00,2026-08-15,2026-08-16,60000,65000,62500.000000000000
5843172165,Complaints Champion,iwoca,customer-services-jobs,,full_time,London,2026-08-15 16:31:22+00,2026-08-16,2026-08-16,30000,40000,35000.000000000000
5843072416,"Asset Health, Risk & Resilience Lead",South West Water,engineering-jobs,,,South West England,2026-08-15 13:20:53+00,2026-08-16,2026-08-16,100000,100000,100000.000000000000
5843030448,AI Lead Solutions Engineer,JP Morgan Chase,it-jobs,,full_time,Scotland,2026-08-15 11:41:19+00,2026-08-16,2026-08-16,62000,102000,82000.000000000000
5843164670,Senior C# Software Engineer – Semiconductor Metrology,Infinitesima,engineering-jobs,,,South East England,2026-08-15 16:22:40+00,2026-08-16,2026-08-16,58000,65000,61500.000000000000
5843030442,Data Science Manager - Marketing & Customer,Accenture,it-jobs,,full_time,London,2026-08-15 11:41:19+00,2026-08-16,2026-08-16,50000,75000,62500.000000000000
5843169834,Senior Software Engineer (Forward Deployed),Invisible Technologies,engineering-jobs,,,London,2026-08-15 16:28:39+00,2026-08-16,2026-08-16,180000,264000,222000.000000000000
5843162468,Senior Back-End Engineer - Ledger Platform,iwoca,engineering-jobs,,full_time,London,2026-08-15 16:20:36+00,2026-08-16,2026-08-16,80000,110000,95000.000000000000
5843030374,Lead Data Scientist,IAG Loyalty,it-jobs,,full_time,London,2026-08-15 11:41:19+00,2026-08-16,2026-08-16,29000,69000,49000.000000000000
5843030453,Sr Business Intelligence Analyst - Commercial Finance Automation,Palo Alto Networks,it-jobs,,full_time,London,2026-08-15 11:41:19+00,2026-08-16,2026-08-16,70000,90000,80000.000000000000
5843030398,Applied AI & ML Lead – Markets Operations,JP Morgan Chase,it-jobs,,full_time,London,2026-08-15 11:41:19+00,2026-08-16,2026-08-16,62000,102000,82000.000000000000
5843030402,Principal Data Scientist,Faculty,it-jobs,,full_time,London,2026-08-15 11:41:19+00,2026-08-16,2026-08-16,57000,97000,77000.000000000000
5843030358,Senior Manager Data Quality,Deloitte,it-jobs,,full_time,West Midlands,2026-08-15 11:41:18+00,2026-08-16,2026-08-16,95000,130000,112500.000000000000
5843030361,Head of Data Product,Channel 4,it-jobs,,full_time,London,2026-08-15 11:41:18+00,2026-08-16,2026-08-16,54000,94000,74000.000000000000
5843030499,Business Intelligence Analyst,Xylem,accounting-finance-jobs,,full_time,East Midlands,2026-08-15 11:41:20+00,2026-08-16,2026-08-16,65000,105000,85000.000000000000
5842726309,GTM Systems Engineer,We Are Fr Group,it-jobs,permanent,,North West England,2026-08-15 05:27:36+00,2026-08-16,2026-08-16,55000,55000,55000.000000000000
5841905484,Data Visualisation Designer,SRT Marine Systems PLC,it-jobs,,full_time,South West England,2026-08-14 15:56:07+00,2026-08-15,2026-08-16,45000,65000,55000.000000000000
5841905431,Data Visualisation Designer,SRT Marine Systems PLC,it-jobs,,full_time,West Midlands,2026-08-14 15:55:59+00,2026-08-15,2026-08-16,45000,65000,55000.000000000000
5841905321,Data Visualisation Designer,SRT Marine Systems PLC,it-jobs,,full_time,South West England,2026-08-14 15:55:44+00,2026-08-15,2026-08-16,45000,65000,55000.000000000000
5841833862,Data & Insights Analyst,Southern Lights,it-jobs,permanent,full_time,South West England,2026-08-14 14:16:05+00,2026-08-15,2026-08-16,45000,50000,47500.000000000000
5841815957,Finance Analyst,Metropolitan Thames Valley,accounting-finance-jobs,permanent,,London,2026-08-14 13:22:16+00,2026-08-15,2026-08-16,40000,40000,40000.000000000000
5841815960,Marketing & Digital Analytics Recruitment Consultant,RITZ RECRUITMENT,consultancy-jobs,,,London,2026-08-14 13:22:16+00,2026-08-15,2026-08-16,40000,40000,40000.000000000000
5843988082,Project Accountant,CMA Recruitment Group,accounting-finance-jobs,contract,,South East England,2026-08-16 06:52:33+00,2026-08-16,2026-08-16,50000,60000,55000.000000000000
5843984829,Resourcing Business Partner,Reed,it-jobs,permanent,full_time,East Midlands,2026-08-16 06:50:33+00,2026-08-16,2026-08-16,35000,35000,35000.000000000000
5843950091,Junior Buyer,Euro Projects Recruitment,engineering-jobs,permanent,,West Midlands,2026-08-16 05:28:45+00,2026-08-16,2026-08-16,30000,30000,30000.000000000000
5843950090,Retail Store Manager,Ann Summers Limited,retail-jobs,permanent,,South East England,2026-08-16 05:28:45+00,2026-08-16,2026-08-16,30000,30000,30000.000000000000
5843950044,Culture and Engagement Officer,Alzheimers Society,hr-jobs,permanent,,London,2026-08-16 05:28:21+00,2026-08-16,2026-08-16,35000,35000,35000.000000000000
5843949929,Senior Electronics Engineer,Bright Purple Resourcing,engineering-jobs,permanent,,South West England,2026-08-16 05:27:36+00,2026-08-16,2026-08-16,70000,70000,70000.000000000000
5843949927,Senior Electronics Engineer,Bright Purple Resourcing,engineering-jobs,permanent,,South West England,2026-08-16 05:27:36+00,2026-08-16,2026-08-16,70000,70000,70000.000000000000
5843949891,Asbestos Surveyor,Future Select,trade-construction-jobs,permanent,,South West England,2026-08-16 05:27:23+00,2026-08-16,2026-08-16,40000,40000,40000.000000000000
5843949821,NPI Engineer,Euro Projects Recruitment,engineering-jobs,permanent,,South East England,2026-08-16 05:26:40+00,2026-08-16,2026-08-16,45000,45000,45000.000000000000
5843949801,V06215 - Master Data Administrator - Data Cleansing,Outsource,it-jobs,contract,,Wales,2026-08-16 05:26:33+00,2026-08-16,2026-08-16,27394,27394,27394.000000000000
5843925324,Production Control Manager,Prime Appointments,manufacturing-jobs,,full_time,Eastern England,2026-08-16 04:41:19+00,2026-08-16,2026-08-16,40000,50000,45000.000000000000
5843812644,Project Manager - Electronics,Catalyst,engineering-jobs,permanent,,North East England,2026-08-16 03:10:11+00,2026-08-16,2026-08-16,60000,60000,60000.000000000000
5843811068,Project Manager,Recruiter,it-jobs,permanent,full_time,South East England,2026-08-16 03:09:00+00,2026-08-16,2026-08-16,55000,60000,57500.000000000000
5843810890,Property Partner,Baltimore Consulting Group,property-jobs,permanent,full_time,South West England,2026-08-16 03:08:58+00,2026-08-16,2026-08-16,51000,51000,51000.000000000000
5843810785,Contentious Construction Associate Solicitor,ENL,legal-jobs,permanent,full_time,West Midlands,2026-08-16 03:08:57+00,2026-08-16,2026-08-16,75000,95000,85000.000000000000
5843810818,Payroll and Finance Officer,Service Care Solutions,accounting-finance-jobs,contract,full_time,West Midlands,2026-08-16 03:08:57+00,2026-08-16,2026-08-16,32427,39998,36212.500000000000
5842889225,"Asset Health, Risk & Resilience Lead",South West Water,engineering-jobs,permanent,,South West England,2026-08-15 10:50:54+00,2026-08-16,2026-08-16,100000,100000,100000.000000000000
5843810805,Data & Reporting Officer,Pertemps Ltd,it-jobs,contract,full_time,Wales,2026-08-16 03:08:57+00,2026-08-16,2026-08-16,36483,36483,36483.000000000000
5843802197,Building Construction Estimator,Westin Par,trade-construction-jobs,permanent,full_time,South East England,2026-08-16 03:03:16+00,2026-08-16,2026-08-16,45000,60000,52500.000000000000
5843801647,Event Manager,Randstad Technologies,pr-advertising-marketing-jobs,contract,,London,2026-08-16 03:02:45+00,2026-08-16,2026-08-16,58240,64480,61360.000000000000
5843949977,Social Media Executive,Cotswold Outdoor Group Ltd,pr-advertising-marketing-jobs,permanent,,South West England,2026-08-16 05:27:53+00,2026-08-16,2026-08-16,30000,30000,30000.000000000000
5843030488,QE Automation Lead,NTT DATA,it-jobs,,full_time,London,2026-08-15 11:41:20+00,2026-08-16,2026-08-16,55000,95000,75000.000000000000
5843030503,Director - AI and Machine Learning,Artefact,it-jobs,,full_time,London,2026-08-15 11:41:20+00,2026-08-16,2026-08-16,53000,86000,69500.000000000000
5843030595,Application Architect,Peregrine,it-jobs,permanent,full_time,North West England,2026-08-15 11:41:21+00,2026-08-16,2026-08-16,40000,65000,52500.000000000000
5843030457,Senior Director of AI and Data Strategy,Danaher Corporation,it-jobs,,full_time,Eastern England,2026-08-15 11:41:19+00,2026-08-16,2026-08-16,54000,94000,74000.000000000000
5843030431,Automation & Cyber Security Manager,Boehringer Ingelheim,it-jobs,contract,full_time,South East England,2026-08-15 11:41:19+00,2026-08-16,2026-08-16,70000,110000,90000.000000000000
5844299522,Senior Data Analyst (Marketing Analytics),Montu UK,it-jobs,,full_time,London,2026-08-16 16:21:02+00,2026-08-17,2026-08-17,60000,70000,65000.000000000000
5843950043,CAD Data Analyst,Public Sector Resourcing CWS,engineering-jobs,permanent,,London,2026-08-16 05:28:21+00,2026-08-16,2026-08-17,40000,40000,40000.000000000000
5842063340,Data Analyst,Belmont Recruitment,it-jobs,contract,,London,2026-08-14 18:19:58+00,2026-08-15,2026-08-17,56160,56160,56160.000000000000
5842062571,Senior Data Analyst,Maxwell Bond,it-jobs,,full_time,North West England,2026-08-14 18:18:31+00,2026-08-15,2026-08-17,50000,55000,52500.000000000000
5842061928,AML Data Analyst,Creideas,legal-jobs,permanent,full_time,Scotland,2026-08-14 18:16:34+00,2026-08-15,2026-08-17,28000,30000,29000.000000000000
5841971971,Web Analyst,Kp Uk,it-jobs,permanent,full_time,North West England,2026-08-14 16:36:35+00,2026-08-16,2026-08-17,29500,31000,30250.000000000000
5841942144,"Data Analyst (London, UK)",B Lab,scientific-qa-jobs,,part_time,London,2026-08-14 16:29:04+00,2026-08-15,2026-08-17,41600,50000,45800.000000000000
5841932966,"Staff Product Analyst, Operations",Hover,it-jobs,,full_time,,2026-08-14 16:22:10+00,2026-08-15,2026-08-17,172000,212000,192000.000000000000
5841833816,IT Data Analyst / IT Data Migration Specialist,Adecco,manufacturing-jobs,permanent,,London,2026-08-14 14:15:36+00,2026-08-15,2026-08-17,85924,112777,99350.500000000000
5841829233,IT Data Analyst / IT Data Migration Specialist,Adecco,it-jobs,contract,,London,2026-08-14 13:56:56+00,2026-08-15,2026-08-17,85924,112777,99350.500000000000
5841817050,Data & Reporting Analyst,Robert Half,it-jobs,permanent,full_time,South East England,2026-08-14 13:26:24+00,2026-08-15,2026-08-17,30000,40000,35000.000000000000
5842061015,Data Analyst,Forward Assist Recruitment,it-jobs,permanent,full_time,London,2026-08-14 18:09:48+00,2026-08-15,2026-08-17,100000,100000,100000.000000000000
5841785913,Business Intelligence Analyst,Peak Technologies,accounting-finance-jobs,permanent,full_time,South West England,2026-08-14 12:38:58+00,2026-08-15,2026-08-17,30000,30000,30000.000000000000
5841753701,CAD Data Analyst,Public Sector Resourcing,engineering-jobs,,full_time,London,2026-08-14 12:01:30+00,2026-08-15,2026-08-17,37700,42350,40025.000000000000
5841744773,Lead Data Analyst/Project Controller,BAE Systems,consultancy-jobs,,full_time,South East England,2026-08-14 11:46:09+00,2026-08-15,2026-08-17,40000,70000,55000.000000000000
5841744118,Data Lead,Tarmac Trading Limited,it-jobs,,full_time,East Midlands,2026-08-14 11:46:01+00,2026-08-16,2026-08-17,40000,60000,50000.000000000000
5844156635,Lead AI Engineer,KPMG UK,it-jobs,,full_time,London,2026-08-16 11:39:20+00,2026-08-17,2026-08-17,57000,63000,60000.000000000000
5844156638,Principal AI Engineer,Blend,it-jobs,,full_time,London,2026-08-16 11:39:20+00,2026-08-17,2026-08-17,40000,70000,55000.000000000000
5844156610,Head of Data Engineering & Machine Learning,Retelligence,it-jobs,,full_time,London,2026-08-16 11:39:19+00,2026-08-17,2026-08-17,64000,104000,84000.000000000000
5844156483,Principal Data Scientist / Principal ML Consultant,ECS Resource Group,it-jobs,,full_time,West Midlands,2026-08-16 11:39:19+00,2026-08-17,2026-08-17,35000,75000,55000.000000000000
5844156542,Head of Data & AI,Prism Digital,it-jobs,,full_time,London,2026-08-16 11:39:19+00,2026-08-17,2026-08-17,62000,62000,62000.000000000000
5844156517,Deployed AI Engineer,Enablis,it-jobs,,full_time,London,2026-08-16 11:39:19+00,2026-08-17,2026-08-17,66000,106000,86000.000000000000
5841744754,Data Analyst,Rise Technical Recruitment,it-jobs,permanent,full_time,South West England,2026-08-14 11:46:09+00,2026-08-15,2026-08-17,36000,36000,36000.000000000000
5844156537,Lead Data Engineer – Azure Databricks & Data Operations,Tata Consultancy Services,it-jobs,permanent,full_time,London,2026-08-16 11:39:19+00,2026-08-17,2026-08-17,45000,75000,60000.000000000000
5844156525,Senior AWS Data Engineer,Tech Mahindra,it-jobs,,full_time,London,2026-08-16 11:39:19+00,2026-08-17,2026-08-17,63000,103000,83000.000000000000
5844105803,Product Manager,Randstad Digital,it-jobs,contract,,,2026-08-16 11:09:25+00,2026-08-17,2026-08-17,104000,120120,112060.000000000000
5843810811,"Backend Software Engineer (PHP, Python)",Trust in SODA,it-jobs,contract,full_time,,2026-08-16 03:08:57+00,2026-08-16,2026-08-17,130000,148200,139100.000000000000
5843190484,"Senior Specialist, Data Science & Artificial Intelligence",Novartis,it-jobs,,full_time,London,2026-08-15 16:38:03+00,2026-08-16,2026-08-17,57050,105950,81500.000000000000
5843189608,Software Engineer,Matillion,engineering-jobs,,full_time,North West England,2026-08-15 16:37:29+00,2026-08-16,2026-08-17,47200,70800,59000.000000000000
5843182673,AI Consultant,Snap Analytics,it-jobs,,full_time,South West England,2026-08-15 16:34:51+00,2026-08-16,2026-08-17,38000,55000,46500.000000000000
5843171011,Data Engineer,Borough of Newham,it-jobs,,full_time,London,2026-08-15 16:30:09+00,2026-08-16,2026-08-17,54267,57402,55834.500000000000
5843165063,Senior Quality Engineer,Matillion,it-jobs,,full_time,North West England,2026-08-15 16:23:07+00,2026-08-16,2026-08-17,52800,79200,66000.000000000000
5843163224,"Member of Technical Staff - Applied AI Lead, Health",Microsoft,engineering-jobs,contract,full_time,London,2026-08-15 16:21:17+00,2026-08-16,2026-08-17,93500,161800,127650.000000000000
5844297801,Data Engineer,Prima,it-jobs,,full_time,London,2026-08-16 16:19:17+00,2026-08-17,2026-08-17,70000,105000,87500.000000000000
5843030608,Lead Cloud Data Engineer,StepChange Debt Charity,it-jobs,,full_time,Yorkshire And The Humber,2026-08-15 11:41:21+00,2026-08-17,2026-08-17,66000,106000,86000.000000000000
5843030602,Cassandra Database Engineer,Huxley Associates,it-jobs,contract,full_time,London,2026-08-15 11:41:21+00,2026-08-16,2026-08-17,40000,70000,55000.000000000000
5843030576,Adobe Experience Platform Architect,Sanderson Recruitment,it-jobs,,full_time,London,2026-08-15 11:41:21+00,2026-08-16,2026-08-17,130000,130260,130130.000000000000
5843030347,AWS Data Engineer - Secure Environment,Sanderson Government and Defence,it-jobs,,full_time,North West England,2026-08-15 11:41:18+00,2026-08-16,2026-08-17,100000,100000,100000.000000000000
5842873918,Bioinformatician,EMBL-EBI,scientific-qa-jobs,contract,,Eastern England,2026-08-15 09:44:28+00,2026-08-16,2026-08-17,80000,80000,80000.000000000000
5842848357,Cassandra Database Engineer,SThree UK,accounting-finance-jobs,contract,full_time,London,2026-08-15 09:01:38+00,2026-08-16,2026-08-17,182000,183560,182780.000000000000
5842955225,Cassandra Database Engineer,Huxley Associates,it-jobs,contract,,London,2026-08-15 11:06:48+00,2026-08-16,2026-08-17,182000,183560,182780.000000000000
5844298276,Back-End Engineer - Repeats,iwoca,engineering-jobs,,full_time,London,2026-08-16 16:19:46+00,2026-08-17,2026-08-17,60000,80000,70000.000000000000
5844295332,"Post-Doctoral Research Assistant in Digital Health and User Experience (Fixed-term, Part-time)",Bournemouth University,part-time-jobs,contract,part_time,South West England,2026-08-16 16:16:45+00,2026-08-17,2026-08-17,34610,39906,37258.000000000000
5844156631,Senior Data Architect,83data,it-jobs,permanent,full_time,South East England,2026-08-16 11:39:19+00,2026-08-17,2026-08-17,53000,82000,67500.000000000000
5844301175,Data Scientist,Prima,it-jobs,,full_time,London,2026-08-16 16:22:48+00,2026-08-17,2026-08-17,80000,160000,120000.000000000000
5844302603,"Account Executive II, Player ID",Teamworks,sales-jobs,,full_time,,2026-08-16 16:24:14+00,2026-08-17,2026-08-17,67000,88000,77500.000000000000
5844299680,"Quantitative Analyst (Math, Physics & Engineering degrees)",Prima,it-jobs,,full_time,London,2026-08-16 16:21:14+00,2026-08-17,2026-08-17,80000,160000,120000.000000000000
5844294354,"Principal, Talent Acquisition",CoMind,hr-jobs,,full_time,London,2026-08-16 16:15:36+00,2026-08-17,2026-08-17,90000,110000,100000.000000000000
5842644174,Business Intelligence Officer,Herefordshire Council,social-work-jobs,permanent,part_time,West Midlands,2026-08-15 04:33:55+00,2026-08-17,2026-08-17,36363,40778,38570.500000000000
5842143939,BI Developer MS Fabric Power BI Crewe 50k Hybrid,Langley James Limited,it-jobs,,,North West England,2026-08-14 21:25:31+00,2026-08-15,2026-08-17,50000,50000,50000.000000000000
5842142974,GTM Systems Engineer,We Are Fr Group,it-jobs,contract,,North West England,2026-08-14 21:22:35+00,2026-08-15,2026-08-17,55000,55000,55000.000000000000
5842130470,Assistant Finance Business Partner,NI Water,accounting-finance-jobs,permanent,,Northern Ireland,2026-08-14 20:26:51+00,2026-08-15,2026-08-17,45000,45000,45000.000000000000
5842126054,"Director Of Funding, Data & Information",Pertemps Specialist Talent Solutions,it-jobs,,full_time,Yorkshire And The Humber,2026-08-14 20:05:52+00,2026-08-17,2026-08-17,71843,77720,74781.500000000000
5842111538,UK Customer Service and Sales Associate,Elevation Recruitment Group,sales-jobs,permanent,full_time,North East England,2026-08-14 19:27:11+00,2026-08-15,2026-08-17,28000,30000,29000.000000000000
5842064193,Business Intelligence Developer,Randstad Technologies,it-jobs,contract,,Eastern England,2026-08-14 18:30:32+00,2026-08-15,2026-08-17,33280,41600,37440.000000000000
5842064165,Lead Business Intelligence Analyst,Harnham - Data & Analytics Recruitment,it-jobs,permanent,full_time,London,2026-08-14 18:29:59+00,2026-08-15,2026-08-17,50000,60000,55000.000000000000
5842162774,"Director Of Funding, Data & Information",Pertemps Specialist Division,it-jobs,permanent,full_time,Yorkshire And The Humber,2026-08-14 22:27:39+00,2026-08-15,2026-08-17,71843,77720,74781.500000000000
5844906072,Route Planner,AO.com,it-jobs,permanent,full_time,North West England,2026-08-17 05:29:47+00,2026-08-17,2026-08-17,28000,28000,28000.000000000000
5844905786,SC Cleared Business Analyst,VIQU IT Recruitment,it-jobs,contract,,London,2026-08-17 05:24:33+00,2026-08-17,2026-08-17,117000,143000,130000.000000000000
5844856180,Social Worker Parenting Practitioner Team,Warwickshire County Council,social-work-jobs,contract,full_time,West Midlands,2026-08-17 04:25:29+00,2026-08-17,2026-08-17,36363,48226,42294.500000000000
5844838821,SC Cleared Business Analyst,VIQU Limited,it-jobs,contract,,London,2026-08-17 03:10:40+00,2026-08-17,2026-08-17,117000,143000,130000.000000000000
5844832241,Senior FP&A Manager - Sports and Entertainment,Handle Recruitment,accounting-finance-jobs,permanent,full_time,London,2026-08-17 03:07:46+00,2026-08-17,2026-08-17,100000,120000,110000.000000000000
5844830911,Senior Portfolio Co-ordinator,National Trust,admin-jobs,permanent,full_time,South West England,2026-08-17 03:07:04+00,2026-08-17,2026-08-17,27612,27612,27612.000000000000
5845423747,Data Analyst,Niyaa People,it-jobs,contract,,West Midlands,2026-08-17 21:25:00+00,2026-08-18,2026-08-18,41600,44720,43160.000000000000
5845373287,Data Analyst,Niyaa People Ltd,it-jobs,contract,,West Midlands,2026-08-17 18:52:44+00,2026-08-18,2026-08-18,41600,44720,43160.000000000000
5844815064,QCAP Data Manager,Queens University,it-jobs,,,Northern Ireland,2026-08-17 03:01:05+00,2026-08-17,2026-08-18,50000,50000,50000.000000000000
5844156495,"SFDC Data Modeller, Data Analyst, SFDC Dev",Tata Consultancy Services,it-jobs,permanent,full_time,London,2026-08-16 11:39:19+00,2026-08-17,2026-08-18,45000,75000,60000.000000000000
5843949911,Data Analyst Placement Programme No Experience Needed,IT Online Learning,it-jobs,permanent,,South West England,2026-08-16 05:27:34+00,2026-08-16,2026-08-18,65000,65000,65000.000000000000
5843190302,Principle HR Data Analyst,Ageas,hr-jobs,contract,part_time,South East England,2026-08-15 16:37:54+00,2026-08-16,2026-08-18,56000,84000,70000.000000000000
5843189424,Digital Performance Analyst - Consultant (Contract),Opencast,it-jobs,contract,,London,2026-08-15 16:37:22+00,2026-08-16,2026-08-18,104000,130000,117000.000000000000
5843171057,Digital Performance Analyst - Consultant,Opencast,it-jobs,,full_time,London,2026-08-15 16:30:12+00,2026-08-18,2026-08-18,44001,50000,47000.500000000000
5843169156,Data analyst (medical imaging and statistics),University of Edinburgh,scientific-qa-jobs,contract,full_time,,2026-08-15 16:27:46+00,2026-08-16,2026-08-18,41064,48822,44943.000000000000
5843165519,Data Analyst (12 month FTC),BSI Group,it-jobs,contract,,,2026-08-15 16:23:34+00,2026-08-16,2026-08-18,51600,64500,58050.000000000000
5843030611,Dynamics 365 CE Data Migration Consultant,Spyrosoft Ltd,it-jobs,contract,full_time,London,2026-08-15 11:41:21+00,2026-08-17,2026-08-18,60000,60000,60000.000000000000
5843030507,CAD Data Analyst,Public Sector Resourcing,it-jobs,,full_time,London,2026-08-15 11:41:20+00,2026-08-16,2026-08-18,37700,42350,40025.000000000000
5842720226,CAD Data Analyst,Public Sector Resourcing CWS,engineering-jobs,,,London,2026-08-15 05:18:02+00,2026-08-15,2026-08-18,40000,40000,40000.000000000000
5842535748,School Business and Systems Analyst,Westminster School,it-jobs,contract,full_time,London,2026-08-15 02:47:49+00,2026-08-15,2026-08-18,48000,52000,50000.000000000000
5842137733,Data & Reporting Analyst,Robert Half,it-jobs,permanent,full_time,South East England,2026-08-14 21:01:34+00,2026-08-15,2026-08-18,30000,40000,35000.000000000000
5842115247,AML Data Analyst,Creideas,accounting-finance-jobs,permanent,full_time,Scotland,2026-08-14 19:35:10+00,2026-08-15,2026-08-18,28000,30000,29000.000000000000
5842528506,Senior Data Information Architect,Hackajob Ltd,it-jobs,permanent,,Yorkshire And The Humber,2026-08-15 02:22:54+00,2026-08-15,2026-08-18,75000,75000,75000.000000000000
5845360877,Data Engineer,FDM Group,it-jobs,contract,,West Midlands,2026-08-17 18:43:19+00,2026-08-18,2026-08-18,65000,65000,65000.000000000000
5846042298,Lead Data Engineer,Kinetech Recruitment,it-jobs,,,London,2026-08-18 05:23:06+00,2026-08-18,2026-08-18,75000,75000,75000.000000000000
5845356394,Contract Data Engineer,Opus Recruitment Solutions Ltd,it-jobs,contract,,West Midlands,2026-08-17 18:40:56+00,2026-08-18,2026-08-18,104000,117000,110500.000000000000
5845842852,Senior Data Engineer,McGregor Boyall,it-jobs,permanent,full_time,London,2026-08-18 03:03:13+00,2026-08-18,2026-08-18,90000,100000,95000.000000000000
5846054233,Data Engineer,TXP,it-jobs,contract,,London,2026-08-18 05:31:21+00,2026-08-18,2026-08-18,137800,140400,139100.000000000000
5846053348,Data Engineer,DWP Digital,it-jobs,permanent,,North West England,2026-08-18 05:30:28+00,2026-08-18,2026-08-18,50000,50000,50000.000000000000
5846042305,Data Platform Lead,Client Server,it-jobs,,,London,2026-08-18 05:23:06+00,2026-08-18,2026-08-18,100000,100000,100000.000000000000
5845214519,Senior Quantexa Data Engineer - London / Hybrid,Noir,it-jobs,permanent,full_time,London,2026-08-17 15:01:33+00,2026-08-18,2026-08-18,60000,80000,70000.000000000000
5845204046,Head of Data & Analytics - Leading Edge - Financial Services (FinTech Start-up),Remote Recruit Services Limited,it-jobs,permanent,full_time,London,2026-08-17 14:47:28+00,2026-08-18,2026-08-18,110000,130000,120000.000000000000
5845785169,Lead Data Engineer,Kinetech Recruitment,it-jobs,permanent,,London,2026-08-18 01:46:46+00,2026-08-18,2026-08-18,75000,75000,75000.000000000000
5845202449,Python Software Engineer – Hybrid working,interAct Consulting Limited,it-jobs,permanent,full_time,East Midlands,2026-08-17 14:46:55+00,2026-08-18,2026-08-18,40000,45000,42500.000000000000
5845128791,Senior Data Engineer (Databricks),Lawrence Harvey,it-jobs,,full_time,London,2026-08-17 12:39:50+00,2026-08-18,2026-08-18,69000,72000,70500.000000000000
5844905756,Data Scientist,INFUSED SOLUTIONS LIMITED,it-jobs,permanent,,London,2026-08-17 05:23:22+00,2026-08-17,2026-08-18,55000,55000,55000.000000000000
5844466111,Data Scientist,Infused Solutions Ltd,it-jobs,permanent,full_time,London,2026-08-16 20:46:18+00,2026-08-17,2026-08-18,46000,56000,51000.000000000000
5844414109,Principal Data Engineer - 14 Month FTC,Hackajob Ltd,it-jobs,permanent,,London,2026-08-16 17:46:50+00,2026-08-17,2026-08-18,90000,90000,90000.000000000000
5844346185,Data Engineering Manager,Prima,it-jobs,,full_time,London,2026-08-16 16:40:00+00,2026-08-17,2026-08-18,70000,100000,85000.000000000000
5844331525,Senior Manager PMO | S3 | Data & AI Domain | Unity Place - Milton Keynes | Internal Mobility,Santander UK,it-jobs,contract,full_time,,2026-08-16 16:36:48+00,2026-08-17,2026-08-18,68662,102994,85828.000000000000
5846145003,Data Insights Lead,The Opportunity Hub UK,pr-advertising-marketing-jobs,permanent,full_time,London,2026-08-18 06:58:41+00,2026-08-18,2026-08-18,35000,45000,40000.000000000000
5845504513,Pricing Manager,Harnham - Data & Analytics Recruitment,accounting-finance-jobs,permanent,full_time,East Midlands,2026-08-17 23:00:21+00,2026-08-18,2026-08-18,60000,80000,70000.000000000000
5845476088,Home Risk Pricing Manager,Harnham - Data & Analytics Recruitment,accounting-finance-jobs,permanent,full_time,East Midlands,2026-08-17 22:57:29+00,2026-08-18,2026-08-18,65000,80000,72500.000000000000
5845469684,Pricing Manager,Harnham - Data & Analytics Recruitment,accounting-finance-jobs,permanent,full_time,London,2026-08-17 22:56:45+00,2026-08-18,2026-08-18,60000,80000,70000.000000000000
5845423756,Data Architecture & Governance Lead,Morson Edge,it-jobs,,,London,2026-08-17 21:25:00+00,2026-08-18,2026-08-18,100000,100000,100000.000000000000
5845359583,Head of Computational-Aided Drug Discovery,Pure Resourcing Solutions,scientific-qa-jobs,permanent,full_time,Eastern England,2026-08-17 18:42:59+00,2026-08-18,2026-08-18,100000,100000,100000.000000000000
5845291821,Head of Computational-Aided Drug Discovery,Pure Resourcing Solutions Limited,scientific-qa-jobs,,full_time,Eastern England,2026-08-17 16:43:14+00,2026-08-18,2026-08-18,100000,100000,100000.000000000000
5845200312,Coding and Programming Trainee,ITOL Recruit,it-jobs,permanent,full_time,London,2026-08-17 14:46:06+00,2026-08-18,2026-08-18,27000,35000,31000.000000000000
5845195901,Web Developer Trainee,ITOL Recruit,it-jobs,permanent,full_time,West Midlands,2026-08-17 14:45:12+00,2026-08-18,2026-08-18,29000,35000,32000.000000000000
5845034727,Software Developer Trainee,ITOL Recruit,it-jobs,permanent,full_time,West Midlands,2026-08-17 10:53:20+00,2026-08-18,2026-08-18,28000,35000,31500.000000000000
5845033732,Trainee Software Developer,ITOL Recruit,it-jobs,permanent,full_time,North West England,2026-08-17 10:51:40+00,2026-08-18,2026-08-18,30000,45000,37500.000000000000
5845030225,Trainee Software Developer,ITOL Recruit,it-jobs,permanent,full_time,South West England,2026-08-17 10:50:01+00,2026-08-18,2026-08-18,30000,45000,37500.000000000000
5845030214,Coding and Programming Trainee,ITOL Recruit,it-jobs,permanent,full_time,South West England,2026-08-17 10:50:00+00,2026-08-18,2026-08-18,28000,35000,31500.000000000000
5845030176,Coding and Programming Trainee,ITOL Recruit,it-jobs,permanent,full_time,Yorkshire And The Humber,2026-08-17 10:49:53+00,2026-08-18,2026-08-18,27000,35000,31000.000000000000
5845030077,Coding and Programming Trainee,ITOL Recruit,it-jobs,permanent,full_time,South East England,2026-08-17 10:49:43+00,2026-08-18,2026-08-18,27000,35000,31000.000000000000
5845029971,Coding and Programming Trainee,ITOL Recruit,it-jobs,permanent,full_time,Yorkshire And The Humber,2026-08-17 10:49:34+00,2026-08-18,2026-08-18,27000,35000,31000.000000000000
5845029861,Trainee Software Developer,ITOL Recruit,it-jobs,permanent,full_time,London,2026-08-17 10:49:08+00,2026-08-18,2026-08-18,30000,45000,37500.000000000000
5844472401,"Asset Health, Risk & Resilience Lead",South West Water,engineering-jobs,permanent,,South West England,2026-08-16 21:29:24+00,2026-08-17,2026-08-18,100000,100000,100000.000000000000
5845424285,Data Engineer,DWP Digital,it-jobs,permanent,,Yorkshire And The Humber,2026-08-17 21:29:57+00,2026-08-18,2026-08-18,50000,50000,50000.000000000000
5844372613,Pricing Controller,WR Logistics,consultancy-jobs,permanent,full_time,London,2026-08-16 16:44:30+00,2026-08-17,2026-08-18,87000,96000,91500.000000000000
5844334202,"Math, Physics & Engineering Graduates",Prima,it-jobs,,full_time,London,2026-08-16 16:37:51+00,2026-08-17,2026-08-18,80000,160000,120000.000000000000
5844333053,Data Software Engineer,Prima,it-jobs,,full_time,London,2026-08-16 16:37:13+00,2026-08-17,2026-08-18,70000,105000,87500.000000000000
5845355509,Data Engineer,TXP Technology x People,it-jobs,,,London,2026-08-17 18:40:06+00,2026-08-18,2026-08-18,137800,140400,139100.000000000000
5845292002,Data Engineer,TXP,it-jobs,contract,,London,2026-08-17 16:43:20+00,2026-08-18,2026-08-18,137800,140400,139100.000000000000
5845201580,Data Engineer,VIQU IT Recruitment,it-jobs,contract,,Wales,2026-08-17 14:46:41+00,2026-08-18,2026-08-18,78000,84500,81250.000000000000
5845423758,Data Engineer,VIQU IT Recruitment,it-jobs,contract,,Wales,2026-08-17 21:25:00+00,2026-08-18,2026-08-18,78000,84500,81250.000000000000
5845423512,Data Engineer,Randstad Digital,it-jobs,contract,,,2026-08-17 21:23:51+00,2026-08-18,2026-08-18,91000,104000,97500.000000000000
5845191102,Trainee Software Developer,ITOL Recruit,it-jobs,permanent,full_time,Scotland,2026-08-17 14:42:47+00,2026-08-18,2026-08-18,30000,45000,37500.000000000000
5845036742,Coding and Programming Trainee,ITOL Recruit,it-jobs,permanent,full_time,Yorkshire And The Humber,2026-08-17 10:53:57+00,2026-08-18,2026-08-18,27000,35000,31000.000000000000
5844321114,Senior Python Engineer – ML Platform,Prima,it-jobs,,full_time,London,2026-08-16 16:34:03+00,2026-08-17,2026-08-18,40000,75000,57500.000000000000
5844306794,Senior Back-end Engineer - Customer Operations Platform,iwoca,it-jobs,,full_time,London,2026-08-16 16:28:22+00,2026-08-17,2026-08-18,80000,100000,90000.000000000000
5844303721,Business Intelligence Officer,Hoople,social-work-jobs,permanent,full_time,West Midlands,2026-08-16 16:25:22+00,2026-08-17,2026-08-18,36363,40778,38570.500000000000
5844156462,Business Intelligence Developer,Harnham,it-jobs,,full_time,West Midlands,2026-08-16 11:39:19+00,2026-08-17,2026-08-18,76000,83000,79500.000000000000
5844156403,GTM Systems Engineer,We Are Fr Group,it-jobs,,full_time,East Midlands,2026-08-16 11:39:18+00,2026-08-17,2026-08-18,55000,55000,55000.000000000000
5844101954,Marketing & Digital Analytics Recruitment Consultant,RITZ RECRUITMENT,consultancy-jobs,permanent,,London,2026-08-16 11:07:16+00,2026-08-17,2026-08-18,40000,40000,40000.000000000000
5844071811,GTM Systems Engineer,We Are Fr Group,it-jobs,permanent,,North West England,2026-08-16 09:51:24+00,2026-08-17,2026-08-18,55000,55000,55000.000000000000
5845191096,Contract Databricks Data Engineer Role - Remote - £400/pd,Tenth Revolution Group,it-jobs,permanent,full_time,London,2026-08-17 14:42:44+00,2026-08-18,2026-08-18,104000,104000,104000.000000000000
5843030549,Data Visualisation Designer,SRT Marine Systems PLC,it-jobs,,full_time,South West England,2026-08-15 11:41:21+00,2026-08-16,2026-08-18,45000,65000,55000.000000000000
5845410712,Lead Data Engineer,Pioneer Search,it-jobs,permanent,full_time,London,2026-08-17 21:01:51+00,2026-08-18,2026-08-18,95000,110000,102500.000000000000
5843030585,Innovation Lead,ABM UK,it-jobs,,full_time,London,2026-08-15 11:41:21+00,2026-08-17,2026-08-18,36000,76000,56000.000000000000
5843030314,"Head of Digital, Data & Technology",Welsh Government,it-jobs,,full_time,Wales,2026-08-15 11:41:14+00,2026-08-16,2026-08-18,75000,75000,75000.000000000000
5842846525,Business Reporting Analyst,Gattaca PBS,it-jobs,permanent,full_time,West Midlands,2026-08-15 08:59:07+00,2026-08-16,2026-08-18,55000,60000,57500.000000000000
5846169098,Head of CRM,Grace Media,pr-advertising-marketing-jobs,permanent,full_time,North West England,2026-08-18 07:36:57+00,2026-08-18,2026-08-18,50000,50000,50000.000000000000
5846169032,Inventory Controller,Macfarlane Group,logistics-warehouse-jobs,,,South East England,2026-08-18 07:36:44+00,2026-08-18,2026-08-18,20000,23000,21500.000000000000
5846162844,Senior Engineer - Delivery Management (Flooding and Drainage),Derbyshire County Council,trade-construction-jobs,,full_time,East Midlands,2026-08-18 07:20:03+00,2026-08-18,2026-08-18,40000,49999,44999.500000000000
5846145657,Public Relations Communications Account Manager,The Opportunity Hub UK,pr-advertising-marketing-jobs,permanent,,London,2026-08-18 06:58:55+00,2026-08-18,2026-08-18,50000,60000,55000.000000000000
5846145240,Senior PR Account Executive,The Opportunity Hub UK,pr-advertising-marketing-jobs,permanent,,London,2026-08-18 06:58:47+00,2026-08-18,2026-08-18,35000,45000,40000.000000000000
5846144893,German-Speaking FX & Trade Finance Broker,The Opportunity Hub UK,sales-jobs,permanent,,London,2026-08-18 06:58:39+00,2026-08-18,2026-08-18,35000,50000,42500.000000000000
5846144779,Senior PR Account Executive,The Opportunity Hub UK,sales-jobs,permanent,,London,2026-08-18 06:58:37+00,2026-08-18,2026-08-18,30000,40000,35000.000000000000
5846144751,Financial Planning Associate,The Opportunity Hub UK,accounting-finance-jobs,permanent,full_time,West Midlands,2026-08-18 06:58:37+00,2026-08-18,2026-08-18,28000,35000,31500.000000000000
5846144740,Marketing Intern – Financial Services,The Opportunity Hub UK,pr-advertising-marketing-jobs,permanent,,South East England,2026-08-18 06:58:37+00,2026-08-18,2026-08-18,24000,25000,24500.000000000000
5846144785,Business Operations Coordinator,The Opportunity Hub UK,it-jobs,permanent,,Eastern England,2026-08-18 06:58:37+00,2026-08-18,2026-08-18,25000,25000,25000.000000000000
5846144631,Product Administrator 6month -FTC,The Opportunity Hub UK,admin-jobs,contract,,South East England,2026-08-18 06:58:35+00,2026-08-18,2026-08-18,26000,30000,28000.000000000000
5846144453,Client Services Engineer,The Opportunity Hub UK,it-jobs,permanent,full_time,London,2026-08-18 06:58:32+00,2026-08-18,2026-08-18,26000,28000,27000.000000000000
5846144452,Marketing Executive,The Opportunity Hub UK,pr-advertising-marketing-jobs,permanent,,South East England,2026-08-18 06:58:32+00,2026-08-18,2026-08-18,25000,28000,26500.000000000000
5846144469,Quant Developer,The Opportunity Hub UK,it-jobs,contract,full_time,,2026-08-18 06:58:32+00,2026-08-18,2026-08-18,25000,45000,35000.000000000000
5846144473,Senior Project Manager - Construction,The Opportunity Hub UK,trade-construction-jobs,permanent,,London,2026-08-18 06:58:32+00,2026-08-18,2026-08-18,75000,90000,82500.000000000000
5846144403,Technical Business Analyst,The Opportunity Hub UK,it-jobs,permanent,,London,2026-08-18 06:58:31+00,2026-08-18,2026-08-18,60000,100000,80000.000000000000
5846144323,Junior Developer,The Opportunity Hub UK,it-jobs,permanent,full_time,London,2026-08-18 06:58:30+00,2026-08-18,2026-08-18,26000,28000,27000.000000000000
5846144303,Digital PR Specialist,The Opportunity Hub UK,pr-advertising-marketing-jobs,permanent,,London,2026-08-18 06:58:30+00,2026-08-18,2026-08-18,25000,35000,30000.000000000000
5846144069,Account Manager - PR Financial Services,The Opportunity Hub UK,accounting-finance-jobs,permanent,,London,2026-08-18 06:58:27+00,2026-08-18,2026-08-18,35000,40000,37500.000000000000
5846053615,Educational Psychologist,Outcomes First Group,teaching-jobs,permanent,part_time,North East England,2026-08-18 05:30:46+00,2026-08-18,2026-08-18,60000,60000,60000.000000000000
5846053026,Lead DevOps Engineer,DWP Digital,it-jobs,permanent,,North West England,2026-08-18 05:30:09+00,2026-08-18,2026-08-18,90000,90000,90000.000000000000
5846052892,Web & Data Analytics Executive,Edinburgh Napier University,it-jobs,permanent,,Scotland,2026-08-18 05:30:01+00,2026-08-18,2026-08-18,35000,35000,35000.000000000000
5846052696,Lead DevOps Engineer,DWP Digital,it-jobs,permanent,,North West England,2026-08-18 05:29:52+00,2026-08-18,2026-08-18,90000,90000,90000.000000000000
5846051894,Senior Systems Engineer (Network Technologies Specialist),Trusted Technology Partnership,it-jobs,permanent,,South East England,2026-08-18 05:29:12+00,2026-08-18,2026-08-18,55000,55000,55000.000000000000
5846047041,Supply Chain Specialist (Global),Baltic Recruitment Services Ltd,logistics-warehouse-jobs,contract,,West Midlands,2026-08-18 05:27:07+00,2026-08-18,2026-08-18,50000,50000,50000.000000000000
5846047045,Head Of Procurement,Corecruitment International,hospitality-catering-jobs,,,London,2026-08-18 05:27:07+00,2026-08-18,2026-08-18,85000,85000,85000.000000000000
5846046956,Ticketing Systems Lead,FBI &TMT,it-jobs,,,London,2026-08-18 05:27:03+00,2026-08-18,2026-08-18,80000,80000,80000.000000000000
5846046958,Field Sales Account Manager,CoStar Group UK Ltd,sales-jobs,,,London,2026-08-18 05:27:03+00,2026-08-18,2026-08-18,55000,55000,55000.000000000000
5846046380,Security Consultant,Anson Mccade,it-jobs,,,Northern Ireland,2026-08-18 05:26:29+00,2026-08-18,2026-08-18,80000,80000,80000.000000000000
5846046379,Exams Officer,The Bridge Academy,admin-jobs,,full_time,London,2026-08-18 05:26:28+00,2026-08-18,2026-08-18,35000,35000,35000.000000000000
5846046253,Assistant Accountant,Marks Sattin  Ltd,accounting-finance-jobs,,,Yorkshire And The Humber,2026-08-18 05:26:22+00,2026-08-18,2026-08-18,30000,30000,30000.000000000000
5846046259,Credit Controller,Interaction - Peterborough,accounting-finance-jobs,contract,,Eastern England,2026-08-18 05:26:22+00,2026-08-18,2026-08-18,40000,40000,40000.000000000000
5846046180,Mechanical Design Engineer,Hudson Shribman,engineering-jobs,permanent,full_time,London,2026-08-18 05:26:17+00,2026-08-18,2026-08-18,50000,50000,50000.000000000000
5846045817,Production Line Manager,Brioche Pasquier,manufacturing-jobs,,,South East England,2026-08-18 05:25:54+00,2026-08-18,2026-08-18,45000,45000,45000.000000000000
5846045723,Supply Chain Specialist (Global),Baltic Recruitment Services Ltd,logistics-warehouse-jobs,contract,,North East England,2026-08-18 05:25:48+00,2026-08-18,2026-08-18,50000,50000,50000.000000000000
5846045577,Field Sales Account Manager,CoStar Group UK Ltd,sales-jobs,,,Yorkshire And The Humber,2026-08-18 05:25:40+00,2026-08-18,2026-08-18,55000,55000,55000.000000000000
5846043910,Category Coordinator,Hozelock Ltd,pr-advertising-marketing-jobs,permanent,full_time,West Midlands,2026-08-18 05:24:08+00,2026-08-18,2026-08-18,40000,40000,40000.000000000000
5846042299,Salesforce CRM and Data Officer,NFP People,it-jobs,,full_time,London,2026-08-18 05:23:06+00,2026-08-18,2026-08-18,35000,35000,35000.000000000000
5846040628,Lead DevOps Engineer,DWP Digital,it-jobs,,,North West England,2026-08-18 05:22:23+00,2026-08-18,2026-08-18,90000,90000,90000.000000000000
5846046400,GOVERNANCE AND PLANNING MANAGER (PMO) - SC CLEARED,Sanderson Government and Defence,it-jobs,contract,,London,2026-08-18 05:26:32+00,2026-08-18,2026-08-18,123500,136500,130000.000000000000
5846045722,Branch Manager ( Air freight ),First Choice Staff,logistics-warehouse-jobs,,,South East England,2026-08-18 05:25:48+00,2026-08-18,2026-08-18,80000,80000,80000.000000000000
5846044499,Reporting Delivery Practice Lead Bank,Huxley Associates,accounting-finance-jobs,permanent,,London,2026-08-18 05:24:39+00,2026-08-18,2026-08-18,100000,100000,100000.000000000000
5847331161,Data Analyst,Harnham - Data & Analytics Recruitment,it-jobs,contract,,London,2026-08-18 22:57:05+00,2026-08-19,2026-08-19,91000,104000,97500.000000000000
5847271753,Data Analyst Apprentice,QA,it-jobs,permanent,full_time,West Midlands,2026-08-18 22:50:35+00,2026-08-19,2026-08-19,20000,20000,20000.000000000000
5846809395,Data Analyst Trainee,ITOL Recruit,it-jobs,permanent,full_time,South East England,2026-08-18 14:56:05+00,2026-08-19,2026-08-19,30000,50000,40000.000000000000
5846810267,Data Analyst Trainee,ITOL Recruit,it-jobs,permanent,full_time,South East England,2026-08-18 14:57:06+00,2026-08-19,2026-08-19,30000,50000,40000.000000000000
5846806230,Lead Data Analys,MASS,it-jobs,,full_time,Yorkshire And The Humber,2026-08-18 14:54:59+00,2026-08-19,2026-08-19,50000,70000,60000.000000000000
5846805480,Data Analyst Trainee,ITOL Recruit,it-jobs,permanent,full_time,South East England,2026-08-18 14:54:43+00,2026-08-19,2026-08-19,30000,50000,40000.000000000000
5846804880,Trainee Data Analyst,ITOL Recruit,it-jobs,permanent,full_time,North West England,2026-08-18 14:54:32+00,2026-08-19,2026-08-19,30000,50000,40000.000000000000
5846803057,Trainee Data Analyst,ITOL Recruit,it-jobs,permanent,full_time,North West England,2026-08-18 14:53:22+00,2026-08-19,2026-08-19,30000,50000,40000.000000000000
5847810583,Insights Analyst- NEC,Levy UK,hospitality-catering-jobs,contract,,West Midlands,2026-08-19 05:56:05+00,2026-08-19,2026-08-19,30000,30000,30000.000000000000
5847804142,SQL Report Analyst - Stockport,Circle Group,it-jobs,permanent,,North West England,2026-08-19 05:33:13+00,2026-08-19,2026-08-19,30000,30000,30000.000000000000
5846675680,Data Analyst,WeDoData,it-jobs,permanent,full_time,South West England,2026-08-18 12:49:06+00,2026-08-19,2026-08-19,36070,36070,36070.000000000000
5846668761,Data Analyst Trainee,ITOL Recruit,it-jobs,permanent,full_time,South East England,2026-08-18 12:43:28+00,2026-08-19,2026-08-19,30000,50000,40000.000000000000
5846667039,Data Analyst Trainee,ITOL Recruit,it-jobs,permanent,full_time,South East England,2026-08-18 12:42:33+00,2026-08-19,2026-08-19,30000,50000,40000.000000000000
5846666470,Data Analyst Trainee,ITOL Recruit,it-jobs,permanent,full_time,Wales,2026-08-18 12:42:12+00,2026-08-19,2026-08-19,30000,50000,40000.000000000000
5846663060,Trainee Data Analyst,ITOL Recruit,it-jobs,permanent,full_time,South West England,2026-08-18 12:40:27+00,2026-08-19,2026-08-19,30000,50000,40000.000000000000
5846302713,Data Analyst Trainee,ITOL Recruit,it-jobs,permanent,full_time,Scotland,2026-08-18 08:42:06+00,2026-08-19,2026-08-19,30000,50000,40000.000000000000
5846144121,Finance/Business Analyst Internship,The Opportunity Hub UK,it-jobs,permanent,,South East England,2026-08-18 06:58:28+00,2026-08-19,2026-08-19,25000,25000,25000.000000000000
5846053020,DATA Engineering Manager,Eutopia Solutions Limited,it-jobs,permanent,,South East England,2026-08-18 05:30:09+00,2026-08-18,2026-08-19,85000,85000,85000.000000000000
5846046382,Junior SQL Data Analyst - South Manchester,Adria Solutions,it-jobs,,,North West England,2026-08-18 05:26:30+00,2026-08-18,2026-08-19,35000,35000,35000.000000000000
5845483910,Data Analyst,Proactive Appointments,it-jobs,permanent,full_time,London,2026-08-17 22:58:19+00,2026-08-18,2026-08-19,40000,60000,50000.000000000000
5845423754,BI Developer,Hireful,it-jobs,,,South East England,2026-08-17 21:25:00+00,2026-08-18,2026-08-19,35000,35000,35000.000000000000
5845423755,Part Time Warehouse Operations & Data Executive,West Riding Recruitment,part-time-jobs,,part_time,Yorkshire And The Humber,2026-08-17 21:25:00+00,2026-08-18,2026-08-19,28392,28392,28392.000000000000
5845423757,Data Analyst (SC Cleared),Sanderson Government and Defence,it-jobs,contract,,North West England,2026-08-17 21:25:00+00,2026-08-18,2026-08-19,108940,109200,109070.000000000000
5845423515,Performance Analyst - NHS / Healthcare Data,Sanderson Government and Defence,it-jobs,contract,,London,2026-08-17 21:23:52+00,2026-08-18,2026-08-19,117000,121940,119470.000000000000
5845423431,Data Engineer / Data Analyst (Microsoft Azure) - SC Cleared,Sanderson Government and Defence,it-jobs,contract,,London,2026-08-17 21:23:31+00,2026-08-18,2026-08-19,143000,148200,145600.000000000000
5845406739,Junior SQL Data Analyst - South Manchester,Adria Solutions Ltd,it-jobs,,full_time,North West England,2026-08-17 20:42:40+00,2026-08-18,2026-08-19,25000,35000,30000.000000000000
5845356706,Data Analyst - Cyber Security,Akkodis,it-jobs,permanent,full_time,West Midlands,2026-08-17 18:41:22+00,2026-08-18,2026-08-19,45000,50000,47500.000000000000
5845326330,Shopper Marketing Assistant,ECS,retail-jobs,contract,,South East England,2026-08-17 17:43:24+00,2026-08-19,2026-08-19,37585,42099,39842.000000000000
5846665985,Data Analyst Trainee,ITOL Recruit,it-jobs,permanent,full_time,North West England,2026-08-18 12:41:48+00,2026-08-19,2026-08-19,30000,50000,40000.000000000000
5845313254,Business Analyst,Panda,it-jobs,,full_time,North West England,2026-08-17 16:54:10+00,2026-08-18,2026-08-19,35000,35000,35000.000000000000
5845292687,Research Officer (Data Analyst ),Parity Network,it-jobs,contract,,Scotland,2026-08-17 16:43:28+00,2026-08-18,2026-08-19,50440,50440,50440.000000000000
5846680046,Data Analyst,Pod Talent Ltd,it-jobs,,full_time,London,2026-08-18 12:53:04+00,2026-08-19,2026-08-19,45000,60000,52500.000000000000
5845363039,Research Officer (Data Analyst ),Parity Network,it-jobs,contract,,Scotland,2026-08-17 18:44:06+00,2026-08-18,2026-08-19,50440,50440,50440.000000000000
5845361068,Marketing Data Analyst,Morgan Hunt Recruitment,it-jobs,permanent,,London,2026-08-17 18:43:25+00,2026-08-18,2026-08-19,55120,55120,55120.000000000000
5845203266,Data Analyst,Proactive Appointments,it-jobs,contract,,London,2026-08-17 14:47:08+00,2026-08-18,2026-08-19,104000,123500,113750.000000000000
5846665600,Trainee Data Analyst,ITOL Recruit,it-jobs,permanent,full_time,North East England,2026-08-18 12:41:39+00,2026-08-19,2026-08-19,30000,50000,40000.000000000000
5845201304,Data Analyst Trainee,ITOL Recruit,it-jobs,permanent,full_time,Yorkshire And The Humber,2026-08-17 14:46:37+00,2026-08-18,2026-08-19,30000,50000,40000.000000000000
5846669573,Data Analyst Trainee,ITOL Recruit,it-jobs,permanent,full_time,West Midlands,2026-08-18 12:43:51+00,2026-08-19,2026-08-19,30000,50000,40000.000000000000
5846668775,Trainee Data Analyst,ITOL Recruit,it-jobs,permanent,full_time,North West England,2026-08-18 12:43:29+00,2026-08-19,2026-08-19,30000,50000,40000.000000000000
5845200535,Data Analyst Trainee,ITOL Recruit,it-jobs,permanent,full_time,South West England,2026-08-17 14:46:10+00,2026-08-18,2026-08-19,30000,50000,40000.000000000000
5845200532,Data Analyst- Supply Chain,Sanderson,it-jobs,contract,,South East England,2026-08-17 14:46:10+00,2026-08-18,2026-08-19,130000,143000,136500.000000000000
5845199826,BI Developer,hireful.,it-jobs,permanent,full_time,South East England,2026-08-17 14:46:00+00,2026-08-18,2026-08-19,35000,38000,36500.000000000000
5846663491,Data Analyst Trainee,ITOL Recruit,it-jobs,permanent,full_time,Scotland,2026-08-18 12:40:40+00,2026-08-19,2026-08-19,30000,50000,40000.000000000000
5845130551,Part Time Warehouse Operations & Data Executive,West Riding Recruitment,part-time-jobs,,full_time,Yorkshire And The Humber,2026-08-17 12:46:25+00,2026-08-18,2026-08-19,28392,28392,28392.000000000000
5845128804,BI Developer,hireful,it-jobs,,full_time,South East England,2026-08-17 12:40:01+00,2026-08-18,2026-08-19,35000,38000,36500.000000000000
5845034456,Data Analyst Trainee,ITOL Recruit,it-jobs,permanent,full_time,Northern Ireland,2026-08-17 10:52:29+00,2026-08-18,2026-08-19,30000,50000,40000.000000000000
5845034386,Data Analyst Trainee,ITOL Recruit,it-jobs,permanent,full_time,East Midlands,2026-08-17 10:52:21+00,2026-08-18,2026-08-19,30000,50000,40000.000000000000
5845032183,Trainee Data Analyst,ITOL Recruit,it-jobs,permanent,full_time,London,2026-08-17 10:51:11+00,2026-08-18,2026-08-19,30000,50000,40000.000000000000
5845030698,Business Systems & Data Analyst,Xist4,it-jobs,permanent,full_time,South West England,2026-08-17 10:50:43+00,2026-08-18,2026-08-19,50000,55000,52500.000000000000
5845030585,Data Analyst Trainee,ITOL Recruit,it-jobs,permanent,full_time,London,2026-08-17 10:50:23+00,2026-08-18,2026-08-19,30000,50000,40000.000000000000
5845030531,Data Analyst Trainee,ITOL Recruit,it-jobs,permanent,full_time,North West England,2026-08-17 10:50:16+00,2026-08-18,2026-08-19,30000,50000,40000.000000000000
5846668543,Data Analyst Trainee,ITOL Recruit,it-jobs,permanent,full_time,East Midlands,2026-08-18 12:43:22+00,2026-08-19,2026-08-19,30000,50000,40000.000000000000
5846668494,Data Analyst Trainee,ITOL Recruit,it-jobs,permanent,full_time,North East England,2026-08-18 12:43:21+00,2026-08-19,2026-08-19,30000,50000,40000.000000000000
5846667998,Data Analyst Trainee,ITOL Recruit,it-jobs,permanent,full_time,Yorkshire And The Humber,2026-08-18 12:43:06+00,2026-08-19,2026-08-19,30000,50000,40000.000000000000
5845029958,Data Analyst Trainee,ITOL Recruit,it-jobs,permanent,full_time,Yorkshire And The Humber,2026-08-17 10:49:30+00,2026-08-18,2026-08-19,30000,50000,40000.000000000000
5845211757,Part Time Warehouse Operations & Data Executive,West Riding Recruitment,part-time-jobs,,part_time,Yorkshire And The Humber,2026-08-17 14:53:27+00,2026-08-18,2026-08-19,28392,28392,28392.000000000000
5845211365,Research Officer (Data Analyst),Parity Network,it-jobs,contract,,Scotland,2026-08-17 14:52:43+00,2026-08-18,2026-08-19,50440,50440,50440.000000000000
5845203348,Data Analyst Trainee,ITOL Recruit,it-jobs,permanent,full_time,Wales,2026-08-17 14:47:10+00,2026-08-18,2026-08-19,30000,50000,40000.000000000000
5846667115,Data Analyst Trainee,ITOL Recruit,it-jobs,permanent,full_time,North West England,2026-08-18 12:42:36+00,2026-08-19,2026-08-19,30000,50000,40000.000000000000
5845029944,Data Analyst Trainee,ITOL Recruit,it-jobs,permanent,full_time,South West England,2026-08-17 10:49:26+00,2026-08-18,2026-08-19,30000,50000,40000.000000000000
5847803825,Data Engineer,DWP Digital,it-jobs,permanent,,Yorkshire And The Humber,2026-08-19 05:32:08+00,2026-08-19,2026-08-19,50000,50000,50000.000000000000
5847349131,Lead Solution Architect - Data Analytics,Inspire People,it-jobs,permanent,full_time,Yorkshire And The Humber,2026-08-18 22:58:56+00,2026-08-19,2026-08-19,80320,81360,80840.000000000000
5847341411,Microsoft Fabric Consultant (Outside IR35/Remote),Tenth Revolution Group,it-jobs,contract,,London,2026-08-18 22:58:02+00,2026-08-19,2026-08-19,104000,117000,110500.000000000000
5847339216,Customer Analyst,Harnham - Data & Analytics Recruitment,it-jobs,permanent,full_time,North West England,2026-08-18 22:57:52+00,2026-08-19,2026-08-19,40000,45000,42500.000000000000
5847226080,Python Developer SQL - Market Data,Client Server,it-jobs,,full_time,London,2026-08-18 21:24:25+00,2026-08-19,2026-08-19,100000,100000,100000.000000000000
5847197681,Data & Analytics Engineer,Ocho People,it-jobs,permanent,full_time,Northern Ireland,2026-08-18 21:03:44+00,2026-08-19,2026-08-19,50000,55000,52500.000000000000
5847195887,Senior AI Engineer - Perm - London,Infused Solutions,it-jobs,permanent,full_time,London,2026-08-18 21:03:14+00,2026-08-19,2026-08-19,65000,75000,70000.000000000000
5847194849,Lead Data Engineer - Start-Up / Scale-up experience required,Gattaca PBS,it-jobs,permanent,full_time,London,2026-08-18 21:03:03+00,2026-08-19,2026-08-19,100000,160000,130000.000000000000
5847192577,Principal Data Engineer,Brio Digital,it-jobs,contract,full_time,Yorkshire And The Humber,2026-08-18 21:02:25+00,2026-08-19,2026-08-19,162500,169000,165750.000000000000
5847172219,Engineering Manager,DCV Technologies,it-jobs,contract,,London,2026-08-18 20:44:19+00,2026-08-19,2026-08-19,130000,143000,136500.000000000000
5847111449,Platform Engineer,Apex Resources Ltd,it-jobs,contract,full_time,South West England,2026-08-18 18:59:07+00,2026-08-19,2026-08-19,55000,75000,65000.000000000000
5847072468,Forward Deployed Engineer,167 Solutions Ltd,it-jobs,permanent,,South West England,2026-08-18 17:38:43+00,2026-08-19,2026-08-19,70000,70000,70000.000000000000
5847009383,Senior Data Engineer,Harnham - Data & Analytics Recruitment,it-jobs,permanent,full_time,North West England,2026-08-18 16:50:08+00,2026-08-19,2026-08-19,80000,100000,90000.000000000000
5847009017,Cassandra Database Engineer,Robert Walters,it-jobs,permanent,full_time,London,2026-08-18 16:49:29+00,2026-08-19,2026-08-19,169000,183560,176280.000000000000
5845356383,SL Transformation-Senior Data Engineer,Hays Specialist Recruitment Limited,it-jobs,contract,,London,2026-08-17 18:40:55+00,2026-08-18,2026-08-19,111800,115180,113490.000000000000
5847008980,Databricks Data Architect,Tenth Revolution Group,it-jobs,permanent,full_time,London,2026-08-18 16:49:21+00,2026-08-19,2026-08-19,95000,110000,102500.000000000000
5847007199,Salesforce Marketing Cloud Solutions Engineer – London,Atrium Workforce Solutions Ltd,pr-advertising-marketing-jobs,contract,,London,2026-08-18 16:48:52+00,2026-08-19,2026-08-19,104000,119080,111540.000000000000
5847002742,Lead Data & BI Engineer,Gleeson Recruitment Group,it-jobs,permanent,full_time,West Midlands,2026-08-18 16:48:14+00,2026-08-19,2026-08-19,85000,100000,92500.000000000000
5847001975,Senior Business Intelligence Developer,Success Talent,it-jobs,permanent,full_time,London,2026-08-18 16:48:07+00,2026-08-19,2026-08-19,60000,65000,62500.000000000000
5846995508,Lead BI Analyst - Tableau,Harnham - Data & Analytics Recruitment,it-jobs,permanent,full_time,London,2026-08-18 16:47:08+00,2026-08-19,2026-08-19,56000,56000,56000.000000000000
5846993213,Senior AI Engineer - Perm - London,Infused Solutions Ltd,it-jobs,permanent,full_time,London,2026-08-18 16:46:44+00,2026-08-19,2026-08-19,65000,75000,70000.000000000000
5846991732,Junior Data Engineer,Harnham - Data & Analytics Recruitment,it-jobs,permanent,full_time,London,2026-08-18 16:46:29+00,2026-08-19,2026-08-19,35000,45000,40000.000000000000
5846989004,Data Engineer,Picture More,it-jobs,permanent,full_time,London,2026-08-18 16:46:02+00,2026-08-19,2026-08-19,70000,88000,79000.000000000000
5847324427,Fabric Consultant (SC Cleared) - Contract,Tenth Revolution Group,it-jobs,contract,,London,2026-08-18 22:55:53+00,2026-08-19,2026-08-19,117000,117000,117000.000000000000
5846987365,Senior Data Engineer,Harnham - Data & Analytics Recruitment,it-jobs,permanent,full_time,London,2026-08-18 16:45:44+00,2026-08-19,2026-08-19,80000,100000,90000.000000000000
5846809401,Data Science Lead,Searchability NS&D,it-jobs,permanent,full_time,South West England,2026-08-18 14:56:07+00,2026-08-19,2026-08-19,75000,95000,85000.000000000000
5846805947,Data Engineer - Lead / Senior / Mid,SR2,it-jobs,contract,,London,2026-08-18 14:54:52+00,2026-08-19,2026-08-19,117000,136500,126750.000000000000
5846787913,Data & Analytics Engineer,Ocho,it-jobs,,,Northern Ireland,2026-08-18 14:44:23+00,2026-08-19,2026-08-19,55000,55000,55000.000000000000
5846787947,Senior Data Engineer (ERP),MCS Group,it-jobs,,,Northern Ireland,2026-08-18 14:44:23+00,2026-08-19,2026-08-19,60000,60000,60000.000000000000
5846713911,Fullstack Engineer (Heavy Frontend),Randstad Digital,it-jobs,contract,,,2026-08-18 13:25:23+00,2026-08-19,2026-08-19,156000,169000,162500.000000000000
5846669004,Microsoft Fabric BI Developer,Tenth Revolution Group,it-jobs,permanent,full_time,London,2026-08-18 12:43:36+00,2026-08-19,2026-08-19,40000,55000,47500.000000000000
5846669020,Microsoft Fabric BI Developer,Tenth Revolution Group,it-jobs,permanent,full_time,London,2026-08-18 12:43:36+00,2026-08-19,2026-08-19,40000,55000,47500.000000000000
5846666610,Lead Data Engineer - Start-Up / Scale-up experience required,Matchtech,it-jobs,permanent,full_time,London,2026-08-18 12:42:17+00,2026-08-19,2026-08-19,100000,160000,130000.000000000000
5846662895,Contract Databricks Data Engineer,Tenth Revolution Group,it-jobs,contract,,London,2026-08-18 12:40:22+00,2026-08-19,2026-08-19,104000,104000,104000.000000000000
5846587492,AI / ML Engineer,Forge Holiday Group Ltd,it-jobs,permanent,full_time,North West England,2026-08-18 11:41:22+00,2026-08-19,2026-08-19,80000,80000,80000.000000000000
5846054235,Data Engineer,DWP Digital,it-jobs,permanent,,Yorkshire And The Humber,2026-08-18 05:31:21+00,2026-08-19,2026-08-19,50000,50000,50000.000000000000
5846054236,Data Platform Lead,Client Server,it-jobs,permanent,,London,2026-08-18 05:31:21+00,2026-08-19,2026-08-19,100000,100000,100000.000000000000
5846053347,Data Engineer,DWP Digital,it-jobs,permanent,,North West England,2026-08-18 05:30:28+00,2026-08-18,2026-08-19,50000,50000,50000.000000000000
5846052893,Data Engineer,DWP Digital,it-jobs,permanent,,North East England,2026-08-18 05:30:01+00,2026-08-18,2026-08-19,50000,50000,50000.000000000000
5846994865,Lead Data & BI Engineer,Gleeson Recruitment Group,it-jobs,,full_time,West Midlands,2026-08-18 16:47:00+00,2026-08-19,2026-08-19,85000,100000,92500.000000000000
5847641917,Account Manager,The Opportunity Hub UK,pr-advertising-marketing-jobs,permanent,full_time,London,2026-08-19 02:41:22+00,2026-08-19,2026-08-19,28000,28000,28000.000000000000
5847556821,Data Project Manager,Cathcart Technology,it-jobs,contract,,London,2026-08-19 01:35:08+00,2026-08-19,2026-08-19,110500,117000,113750.000000000000
5847345658,Project Manager,Randstad Technologies,it-jobs,,,London,2026-08-18 22:58:32+00,2026-08-19,2026-08-19,91000,114400,102700.000000000000
5847342132,Senior Decision Scientist,Gleeson Recruitment Group,it-jobs,permanent,full_time,West Midlands,2026-08-18 22:58:06+00,2026-08-19,2026-08-19,70000,75000,72500.000000000000
5847148901,Power Platform Developer,MCS Group,it-jobs,,,Northern Ireland,2026-08-18 20:26:45+00,2026-08-19,2026-08-19,70000,70000,70000.000000000000
5847001672,Trainee Software Developer,ITOL Recruit,it-jobs,permanent,full_time,London,2026-08-18 16:48:02+00,2026-08-19,2026-08-19,26000,35000,30500.000000000000
5847109700,Senior Decision Scientist,Gleeson Recruitment Group,it-jobs,,full_time,West Midlands,2026-08-18 18:54:55+00,2026-08-19,2026-08-19,70000,75000,72500.000000000000
5846994095,Data Project Manager,Cathcart Technology,it-jobs,contract,,London,2026-08-18 16:46:52+00,2026-08-19,2026-08-19,110500,117000,113750.000000000000
5846984721,Pricing Development Analyst,Sellick Partnership,it-jobs,permanent,full_time,West Midlands,2026-08-18 16:45:18+00,2026-08-19,2026-08-19,55000,55000,55000.000000000000
5846917098,Metro Procurement Leader,Microsoft,it-jobs,contract,full_time,London,2026-08-18 16:27:40+00,2026-08-19,2026-08-19,70300,133900,102100.000000000000
5846816789,Coding and Programming Trainee,ITOL Recruit,it-jobs,permanent,full_time,North West England,2026-08-18 14:59:16+00,2026-08-19,2026-08-19,27000,35000,31000.000000000000
5846811067,Coding and Programming Trainee,ITOL Recruit,it-jobs,permanent,full_time,Scotland,2026-08-18 14:57:16+00,2026-08-19,2026-08-19,27000,35000,31000.000000000000
5846809898,eDV Data Scientist,Searchability NS&D,it-jobs,permanent,full_time,North West England,2026-08-18 14:56:33+00,2026-08-19,2026-08-19,45000,95000,70000.000000000000
5846809425,eDV Data Scientist,Searchability NS&D,it-jobs,permanent,full_time,South West England,2026-08-18 14:56:15+00,2026-08-19,2026-08-19,45000,95000,70000.000000000000
5846809382,Web Developer Trainee,ITOL Recruit,it-jobs,permanent,full_time,West Midlands,2026-08-18 14:56:04+00,2026-08-19,2026-08-19,29000,35000,32000.000000000000
5846809146,Data Scientist,Searchability NS&D,it-jobs,permanent,full_time,South West England,2026-08-18 14:55:51+00,2026-08-19,2026-08-19,45000,75000,60000.000000000000
5846806237,Sports Trading Quantitative Analyst,Spectrum IT Recruitment,it-jobs,,full_time,London,2026-08-18 14:54:59+00,2026-08-19,2026-08-19,90000,100000,95000.000000000000
5846804402,Trainee Software Developer,ITOL Recruit,it-jobs,permanent,full_time,Eastern England,2026-08-18 14:54:20+00,2026-08-19,2026-08-19,30000,35000,32500.000000000000
5846803166,Data Science Trainee,IT Career Switch,it-jobs,permanent,full_time,,2026-08-18 14:53:32+00,2026-08-19,2026-08-19,25000,45000,35000.000000000000
5847641619,Junior English Linguistics Analyst,The Opportunity Hub UK,it-jobs,permanent,full_time,London,2026-08-19 02:41:19+00,2026-08-19,2026-08-19,25000,28000,26500.000000000000
5845008735,Trainee Data Analyst,ITOL Recruit,it-jobs,,full_time,,2026-08-17 09:51:27+00,2026-08-19,2026-08-19,30000,50000,40000.000000000000
5847198855,Data Engineer (Snowflake) - Outside IR35,Transparency Technology,it-jobs,contract,full_time,London,2026-08-18 21:04:50+00,2026-08-19,2026-08-19,104000,110500,107250.000000000000
5849681813,Lead Data Engineer,Lloyds Bank,it-jobs,,full_time,,2026-08-20 16:19:40+00,2026-08-21,2026-08-21,92701,109060,100880.500000000000
5847313577,Data Modeller,Harnham - Data & Analytics Recruitment,it-jobs,permanent,full_time,London,2026-08-18 22:54:52+00,2026-08-19,2026-08-19,65000,65000,65000.000000000000
5846668766,Trainee Software Developer,ITOL Recruit,it-jobs,permanent,full_time,Eastern England,2026-08-18 12:43:29+00,2026-08-19,2026-08-19,30000,35000,32500.000000000000
5846042303,Data Engineer,DWP Digital,it-jobs,,,Yorkshire And The Humber,2026-08-18 05:23:06+00,2026-08-18,2026-08-19,50000,50000,50000.000000000000
5847112301,Business Development Manager,Pearson Whiffin Recruitment Ltd,sales-jobs,,full_time,,2026-08-18 19:00:31+00,2026-08-19,2026-08-19,50000,60000,55000.000000000000
5847071460,Data Insights & Business Intelligence Analyst,Alexander Mae  Ltd,it-jobs,,part_time,South West England,2026-08-18 17:36:29+00,2026-08-19,2026-08-19,28000,28000,28000.000000000000
5847007230,2 x Senior Intelligence Officer – Public Health & Children’s Social Care,Reed,it-jobs,permanent,full_time,North West England,2026-08-18 16:48:52+00,2026-08-19,2026-08-19,42893,47181,45037.000000000000
5846987336,Operations & Business Services Manager,TPP Recruitment,accounting-finance-jobs,permanent,full_time,London,2026-08-18 16:45:44+00,2026-08-19,2026-08-19,45000,50000,47500.000000000000
5846801596,Strategic Lead - Business Intelligence & Insight (Team Manager),Opus People Solutions,it-jobs,permanent,full_time,West Midlands,2026-08-18 14:52:08+00,2026-08-19,2026-08-19,61000,65000,63000.000000000000
5846736770,"Content Solutions Lead, Large Customer Sales",Hackajob Ltd,sales-jobs,permanent,,London,2026-08-18 13:49:21+00,2026-08-19,2026-08-19,100000,100000,100000.000000000000
5846432652,Data & Business Intelligence Analyst,Life Leisure,it-jobs,,,North West England,2026-08-18 10:37:55+00,2026-08-19,2026-08-19,33239,33239,33239.000000000000
5846046384,BI & Insights Analyst,Pave Talent Partners Limited,it-jobs,permanent,,North West England,2026-08-18 05:26:30+00,2026-08-18,2026-08-19,50000,50000,50000.000000000000
5846044948,Senior Finance Analyst,Hays,accounting-finance-jobs,permanent,,West Midlands,2026-08-18 05:25:05+00,2026-08-19,2026-08-19,65000,65000,65000.000000000000
5846035972,Data Engineer,DWP Digital,it-jobs,,,North East England,2026-08-18 05:18:46+00,2026-08-18,2026-08-19,50000,50000,50000.000000000000
5845424672,Data Engineer,DWP Digital,it-jobs,permanent,,West Midlands,2026-08-17 21:31:09+00,2026-08-18,2026-08-19,50000,50000,50000.000000000000
5845423246,Data Engineer,DWP Digital,it-jobs,,,North West England,2026-08-17 21:22:15+00,2026-08-18,2026-08-19,50000,50000,50000.000000000000
5845423017,Data Engineer,DWP Digital,it-jobs,,,Yorkshire And The Humber,2026-08-17 21:20:45+00,2026-08-18,2026-08-19,50000,50000,50000.000000000000
5846669160,Trainee Software Developer,ITOL Recruit,it-jobs,permanent,full_time,West Midlands,2026-08-18 12:43:40+00,2026-08-19,2026-08-19,29000,35000,32000.000000000000
5846804385,Data Scientist / AI Engineer,Searchability NS&D,it-jobs,permanent,full_time,South West England,2026-08-18 14:54:19+00,2026-08-19,2026-08-19,45000,95000,70000.000000000000
5845370739,Senior Finance Analyst,Hays Technology,accounting-finance-jobs,permanent,full_time,West Midlands,2026-08-17 18:46:57+00,2026-08-18,2026-08-19,65000,65000,65000.000000000000
5845294664,Performance Manager,Total Facilities Recruitment Limited,it-jobs,contract,full_time,Yorkshire And The Humber,2026-08-17 16:44:08+00,2026-08-18,2026-08-19,58240,62400,60320.000000000000
5845204047,HR Administrator,Reed,admin-jobs,permanent,full_time,South East England,2026-08-17 14:47:28+00,2026-08-18,2026-08-19,24000,27000,25500.000000000000
5845203744,Chief Financial Officer,Cedar,accounting-finance-jobs,permanent,full_time,London,2026-08-17 14:47:22+00,2026-08-18,2026-08-19,140000,160000,150000.000000000000
5845200528,Data Architect,Arc IT Recruitment,it-jobs,permanent,full_time,London,2026-08-17 14:46:10+00,2026-08-18,2026-08-19,100000,110000,105000.000000000000
5845191120,BI Analyst - Asset Strategy,Riverside Group,it-jobs,permanent,full_time,North West England,2026-08-17 14:42:49+00,2026-08-18,2026-08-19,39636,43864,41750.000000000000
5845126045,Data Visualisation Designer,SRT Marine Systems,it-jobs,,,South West England,2026-08-17 12:31:52+00,2026-08-18,2026-08-19,45000,65000,55000.000000000000
5846824650,Senior Media/Partnerships Sales Manager,Zero Surplus,sales-jobs,,full_time,London,2026-08-18 15:05:59+00,2026-08-19,2026-08-19,60000,65000,62500.000000000000
5844314515,Senior Enterprise Customer Success Manager,Pleo,sales-jobs,,full_time,London,2026-08-16 16:32:15+00,2026-08-18,2026-08-19,53500,73500,63500.000000000000
5847872792,Technical Helpdesk,GXO Logistics,it-jobs,permanent,full_time,South East England,2026-08-19 06:58:33+00,2026-08-19,2026-08-19,32000,32000,32000.000000000000
5847864029,Operations Implementation Manager,GXO Logistics,logistics-warehouse-jobs,permanent,full_time,Eastern England,2026-08-19 06:50:19+00,2026-08-19,2026-08-19,39140,39140,39140.000000000000
5847846761,Product Designer,drivvn,creative-design-jobs,permanent,full_time,West Midlands,2026-08-19 06:38:44+00,2026-08-19,2026-08-19,40000,50000,45000.000000000000
5847819104,Junior Project / Commissioning Engineer,Rise Technical Recruitment,engineering-jobs,permanent,full_time,,2026-08-19 06:25:47+00,2026-08-19,2026-08-19,30000,35000,32500.000000000000
5847819103,Junior PLC Engineer (Training Provided),Rise Technical Recruitment,engineering-jobs,permanent,full_time,,2026-08-19 06:25:47+00,2026-08-19,2026-08-19,30000,35000,32500.000000000000
5847804499,"Seasonal Stock Controller, Fixed Term Contract",Oliver Bonas,logistics-warehouse-jobs,contract,,South East England,2026-08-19 05:34:48+00,2026-08-19,2026-08-19,28912,28912,28912.000000000000
5847804219,Campaign Executive,Leeds Building Society,pr-advertising-marketing-jobs,permanent,,Yorkshire And The Humber,2026-08-19 05:33:22+00,2026-08-19,2026-08-19,35000,35000,35000.000000000000
5847804215,Marketing Officer,AWD Online,pr-advertising-marketing-jobs,contract,full_time,South East England,2026-08-19 05:33:21+00,2026-08-19,2026-08-19,30000,30000,30000.000000000000
5847804075,Business Development Manager - Education,Alf Recruit Limited,sales-jobs,permanent,,Yorkshire And The Humber,2026-08-19 05:33:04+00,2026-08-19,2026-08-19,55000,55000,55000.000000000000
5847804000,Fashion Merchandising Admin Assistant,Yours Clothing,admin-jobs,permanent,,Eastern England,2026-08-19 05:32:49+00,2026-08-19,2026-08-19,24000,24000,24000.000000000000
5847803979,SHEQ Manager,Bennett and Game Recruitment LTD,trade-construction-jobs,permanent,full_time,,2026-08-19 05:32:45+00,2026-08-19,2026-08-19,65000,65000,65000.000000000000
5847803971,Corporate Health & Safety Manager,The Hyde Group,hr-jobs,permanent,,London,2026-08-19 05:32:43+00,2026-08-19,2026-08-19,65000,65000,65000.000000000000
5847803870,Electrical Maintenance Engineer,Wienerberger,engineering-jobs,permanent,,West Midlands,2026-08-19 05:32:19+00,2026-08-19,2026-08-19,55000,55000,55000.000000000000
5847803852,Commercial Finance Analyst,Ask4.com,accounting-finance-jobs,contract,,Yorkshire And The Humber,2026-08-19 05:32:13+00,2026-08-19,2026-08-19,30000,30000,30000.000000000000
5847803850,Cross Assett Quant Modeller,Huxley Associates,accounting-finance-jobs,permanent,,London,2026-08-19 05:32:13+00,2026-08-19,2026-08-19,100000,100000,100000.000000000000
5847803775,Quantity Surveyor,Certain Advantage,accounting-finance-jobs,contract,,South West England,2026-08-19 05:31:57+00,2026-08-19,2026-08-19,145600,156000,150800.000000000000
5847803732,"Compensation, Reward & Benefits Manager",Robert Walters,hr-jobs,permanent,,North West England,2026-08-19 05:31:50+00,2026-08-19,2026-08-19,60000,60000,60000.000000000000
5847803688,SaaS Application Engineer - Avaloq Developer,Matchtech Mobility,it-jobs,contract,,London,2026-08-19 05:31:43+00,2026-08-19,2026-08-19,169000,178100,173550.000000000000
5847803671,Senior Software Back End Developer - FTC [UK],Spyrosoft Ltd,it-jobs,contract,full_time,,2026-08-19 05:31:37+00,2026-08-19,2026-08-19,70000,70000,70000.000000000000
5847803587,SOC Engineer,Spectrum It Recruitment Limited,it-jobs,permanent,,South East England,2026-08-19 05:31:22+00,2026-08-19,2026-08-19,45000,45000,45000.000000000000
5847802476,Laboratory Specialist,Morson Edge,scientific-qa-jobs,contract,full_time,North West England,2026-08-19 05:26:29+00,2026-08-19,2026-08-19,61339,82056,71697.500000000000
5847802280,Regional Sales Manager,Agricultural and Farming Jobs,sales-jobs,,full_time,West Midlands,2026-08-19 05:25:46+00,2026-08-19,2026-08-19,50000,50000,50000.000000000000
5847802277,Problem Manager,Microlise,it-jobs,permanent,,East Midlands,2026-08-19 05:25:46+00,2026-08-19,2026-08-19,40000,40000,40000.000000000000
5847802022,Public Law Paralegal,Gemini Recruitment,legal-jobs,permanent,,North West England,2026-08-19 05:25:13+00,2026-08-19,2026-08-19,22000,22000,22000.000000000000
5847801979,Service Charge Accountant,Jackson Sims Recruitment,accounting-finance-jobs,,,London,2026-08-19 05:25:05+00,2026-08-19,2026-08-19,50000,50000,50000.000000000000
5847801948,QHSE Manager,Interaction - Liverpool,manufacturing-jobs,,,North West England,2026-08-19 05:25:02+00,2026-08-19,2026-08-19,60000,60000,60000.000000000000
5847803563,Lead DevOps Engineer,DWP Digital,it-jobs,permanent,,North West England,2026-08-19 05:31:16+00,2026-08-19,2026-08-19,90000,90000,90000.000000000000
5847800739,People Business Partner,Barnardos,hr-jobs,,full_time,London,2026-08-19 05:23:08+00,2026-08-19,2026-08-19,60000,60000,60000.000000000000
5847800693,Corporate Health & Safety Manager,The Hyde Group,hr-jobs,,,London,2026-08-19 05:23:00+00,2026-08-19,2026-08-19,65000,65000,65000.000000000000
5847802342,Seasonal Stock Controller,Oliver Bonas,logistics-warehouse-jobs,contract,,London,2026-08-19 05:25:52+00,2026-08-19,2026-08-19,29744,29744,29744.000000000000
5847802044,Specialist Advisor Environmental Reporting,Natural Resources Wales,scientific-qa-jobs,,,Wales,2026-08-19 05:25:14+00,2026-08-19,2026-08-19,45000,45000,45000.000000000000
5847803692,LGPS Experienced Pensions Administrator Transfers & Aggregations Tea,Local Pensions Partnership,accounting-finance-jobs,permanent,full_time,North West England,2026-08-19 05:31:43+00,2026-08-19,2026-08-19,28000,28000,28000.000000000000
5847801971,Payroll & Benefits Administrator,Frazer Jones,accounting-finance-jobs,,,Eastern England,2026-08-19 05:25:05+00,2026-08-19,2026-08-19,40000,40000,40000.000000000000
5847802019,Pricing & Contracts Administrator,Anderson Recruitment,accounting-finance-jobs,contract,,South West England,2026-08-19 05:25:13+00,2026-08-19,2026-08-19,26000,26000,26000.000000000000
5847801271,"Seasonal Stock Controller, Fixed Term Contract",Oliver Bonas,logistics-warehouse-jobs,contract,,London,2026-08-19 05:24:20+00,2026-08-19,2026-08-19,28912,28912,28912.000000000000
5847801181,Business Development Manager,ZENOVO LTD,sales-jobs,permanent,,South West England,2026-08-19 05:24:05+00,2026-08-19,2026-08-19,100000,100000,100000.000000000000
5847800818,Data Architect - Azure,Fruition Group,it-jobs,,,Yorkshire And The Humber,2026-08-19 05:23:21+00,2026-08-19,2026-08-19,85000,85000,85000.000000000000
5848528293,Data Science Trainee,ITOL Recruit,it-jobs,permanent,full_time,Eastern England,2026-08-19 17:02:43+00,2026-08-20,2026-08-20,30000,50000,40000.000000000000
5848193573,Data Analyst Trainee,ITOL Recruit,it-jobs,permanent,full_time,South East England,2026-08-19 15:01:55+00,2026-08-20,2026-08-20,30000,50000,40000.000000000000
5848192570,Trainee Data Analyst,ITOL Recruit,it-jobs,permanent,full_time,London,2026-08-19 14:59:15+00,2026-08-20,2026-08-20,30000,50000,40000.000000000000
5848161942,Contract Management Analyst - Financial Data & Technology,DonePlus,it-jobs,,full_time,London,2026-08-19 14:47:59+00,2026-08-20,2026-08-20,51000,63000,57000.000000000000
5848125734,Senior Data Analyst,SF Partners,it-jobs,,full_time,London,2026-08-19 12:55:09+00,2026-08-20,2026-08-20,70000,75000,72500.000000000000
5848124650,Data Analyst Trainee,ITOL Recruit,it-jobs,permanent,full_time,North West England,2026-08-19 12:53:12+00,2026-08-20,2026-08-20,30000,50000,40000.000000000000
5848124567,Trainee Data Analyst,ITOL Recruit,it-jobs,permanent,full_time,West Midlands,2026-08-19 12:52:58+00,2026-08-20,2026-08-20,30000,50000,40000.000000000000
5848124437,Data Analyst Trainee,ITOL Recruit,it-jobs,permanent,full_time,Eastern England,2026-08-19 12:52:42+00,2026-08-20,2026-08-20,30000,50000,40000.000000000000
5848122036,Data Analyst,Applause IT Recruitment Ltd,it-jobs,permanent,full_time,,2026-08-19 12:46:31+00,2026-08-20,2026-08-20,45000,50000,47500.000000000000
5848067875,Data Engineering Lead,Eutopia Solutions Limited,it-jobs,,full_time,East Midlands,2026-08-19 11:37:52+00,2026-08-20,2026-08-20,85000,85000,85000.000000000000
5847800896,Electrical Maintenance Engineer,Wienerberger,engineering-jobs,,,Yorkshire And The Humber,2026-08-19 05:23:29+00,2026-08-19,2026-08-19,50000,50000,50000.000000000000
5847800870,Campaign Executive,Leeds Building Society,pr-advertising-marketing-jobs,,,Yorkshire And The Humber,2026-08-19 05:23:27+00,2026-08-19,2026-08-19,35000,35000,35000.000000000000
5848067805,Junior SQL Data Analyst,Adria Solutions Ltd,it-jobs,,full_time,North West England,2026-08-19 11:37:51+00,2026-08-20,2026-08-20,25000,35000,30000.000000000000
5848067655,Senior Data Analyst,MandM,it-jobs,permanent,full_time,West Midlands,2026-08-19 11:37:48+00,2026-08-20,2026-08-20,32000,55000,43500.000000000000
5848067234,BI Developer,hireful.,it-jobs,,full_time,West Midlands,2026-08-19 11:37:26+00,2026-08-20,2026-08-20,35000,45000,40000.000000000000
5847800589,DevOps Engineer,Microlise,it-jobs,contract,,East Midlands,2026-08-19 05:22:40+00,2026-08-19,2026-08-19,45000,45000,45000.000000000000
5847800304,Electrical Maintenance Engineer,Wienerberger,engineering-jobs,,,West Midlands,2026-08-19 05:21:40+00,2026-08-19,2026-08-19,55000,55000,55000.000000000000
5847800260,Cross Assett Quant Modeller,Huxley Associates,accounting-finance-jobs,,,London,2026-08-19 05:21:34+00,2026-08-19,2026-08-19,100000,100000,100000.000000000000
5847800049,Asset Risk Manager,Hamilton Rowe Recruitment Ltd,engineering-jobs,,,London,2026-08-19 05:21:09+00,2026-08-19,2026-08-19,55000,55000,55000.000000000000
5847800054,LGPS Experienced Pensions Administrator Transfers & Aggregations Tea,Local Pensions Partnership,accounting-finance-jobs,permanent,full_time,North West England,2026-08-19 05:21:09+00,2026-08-19,2026-08-19,28000,28000,28000.000000000000
5848032617,Data Analyst Trainee,ITOL Recruit,it-jobs,permanent,full_time,West Midlands,2026-08-19 11:02:32+00,2026-08-20,2026-08-20,30000,50000,40000.000000000000
5848032589,Data Analyst Trainee,ITOL Recruit,it-jobs,permanent,full_time,South East England,2026-08-19 11:02:28+00,2026-08-20,2026-08-20,30000,50000,40000.000000000000
5848032570,Data Analyst Trainee,ITOL Recruit,it-jobs,permanent,full_time,West Midlands,2026-08-19 11:02:24+00,2026-08-20,2026-08-20,30000,50000,40000.000000000000
5848032575,Data Analyst Trainee,ITOL Recruit,it-jobs,permanent,full_time,South East England,2026-08-19 11:02:24+00,2026-08-20,2026-08-20,30000,50000,40000.000000000000
5848032254,Trainee Data Analyst,ITOL Recruit,it-jobs,permanent,full_time,Eastern England,2026-08-19 11:02:20+00,2026-08-20,2026-08-20,30000,50000,40000.000000000000
5848031900,Data Analyst Trainee,ITOL Recruit,it-jobs,permanent,full_time,East Midlands,2026-08-19 11:02:17+00,2026-08-20,2026-08-20,30000,50000,40000.000000000000
5848031722,Data Analyst Trainee,ITOL Recruit,it-jobs,permanent,full_time,Yorkshire And The Humber,2026-08-19 11:02:10+00,2026-08-20,2026-08-20,30000,50000,40000.000000000000
5848031565,Data Analyst Trainee,ITOL Recruit,it-jobs,permanent,full_time,Scotland,2026-08-19 11:01:56+00,2026-08-20,2026-08-20,30000,50000,40000.000000000000
5848030554,Data Analyst Trainee,ITOL Recruit,it-jobs,permanent,full_time,South East England,2026-08-19 11:00:44+00,2026-08-20,2026-08-20,30000,50000,40000.000000000000
5848030408,Data Analyst Trainee,ITOL Recruit,it-jobs,permanent,full_time,London,2026-08-19 11:00:28+00,2026-08-20,2026-08-20,30000,50000,40000.000000000000
5848030165,Data Analyst Trainee,ITOL Recruit,it-jobs,permanent,full_time,North West England,2026-08-19 11:00:03+00,2026-08-20,2026-08-20,30000,50000,40000.000000000000
5847960293,Data Engineering Lead,Eutopia Solutions Limited,it-jobs,permanent,,South East England,2026-08-19 09:35:49+00,2026-08-20,2026-08-20,85000,85000,85000.000000000000
5847339346,Data Analyst,Harnham - Data & Analytics Recruitment,it-jobs,contract,,London,2026-08-18 22:57:53+00,2026-08-19,2026-08-20,91000,104000,97500.000000000000
5847333934,Business Analysis and Onboarding specialist,Randstad Technologies,it-jobs,contract,,North West England,2026-08-18 22:57:25+00,2026-08-19,2026-08-20,104000,121420,112710.000000000000
5847311932,Junior Data Analyst Apprentice,QA,it-jobs,permanent,full_time,Yorkshire And The Humber,2026-08-18 22:54:46+00,2026-08-19,2026-08-20,18000,18000,18000.000000000000
5847308961,Commercial Finance Data Analyst / Commercial Finance Business Partner,Integris,accounting-finance-jobs,permanent,,London,2026-08-18 22:54:34+00,2026-08-19,2026-08-20,143000,162500,152750.000000000000
5847302659,Data Finanace Analyst,Macildowie Recruitment and Retention,accounting-finance-jobs,permanent,full_time,East Midlands,2026-08-18 22:54:10+00,2026-08-19,2026-08-20,26000,28000,27000.000000000000
5847258420,Data Analyst Apprentice,QA,it-jobs,permanent,full_time,South East England,2026-08-18 22:49:09+00,2026-08-19,2026-08-20,21000,21000,21000.000000000000
5847110339,Finance Data Analyst,Veolia,accounting-finance-jobs,,full_time,North West England,2026-08-18 18:56:05+00,2026-08-19,2026-08-20,35000,35000,35000.000000000000
5847109811,Data Analyst & Field Team Leader,Ardour Associates Ltd,it-jobs,permanent,full_time,South East England,2026-08-18 18:55:15+00,2026-08-19,2026-08-20,34000,35000,34500.000000000000
5846816710,Trainee Data Analyst,ITOL Recruit,it-jobs,permanent,full_time,South East England,2026-08-18 14:59:13+00,2026-08-19,2026-08-20,30000,50000,40000.000000000000
5846809924,IT Data Analyst Intern / Student Placement Year,Eligo Recruitment,it-jobs,permanent,full_time,East Midlands,2026-08-18 14:56:41+00,2026-08-19,2026-08-20,25000,25000,25000.000000000000
5846809542,Data Analyst Trainee,ITOL Recruit,it-jobs,permanent,full_time,North West England,2026-08-18 14:56:18+00,2026-08-19,2026-08-20,30000,50000,40000.000000000000
5849296876,Lead Software Engineer - Hybrid,Hackajob Ltd,engineering-jobs,permanent,,London,2026-08-20 05:34:14+00,2026-08-20,2026-08-20,95000,95000,95000.000000000000
5849296837,Software Developer,Network Mapping Limited,it-jobs,permanent,,Yorkshire And The Humber,2026-08-20 05:34:08+00,2026-08-20,2026-08-20,45000,45000,45000.000000000000
5849296266,QA Tester - Must have Active SC Clearance,VIQU IT Recruitment,it-jobs,,,London,2026-08-20 05:27:24+00,2026-08-20,2026-08-20,104000,130000,117000.000000000000
5849076800,Cloud Engineer,IO Associates,it-jobs,contract,,North West England,2026-08-20 01:34:04+00,2026-08-20,2026-08-20,130000,136500,133250.000000000000
5848872672,"Senior Analytics Engineer (Snowflake, SQL, Looker) Contract",Tenth Revolution Group,it-jobs,contract,,London,2026-08-19 23:01:16+00,2026-08-20,2026-08-20,169000,169000,169000.000000000000
5848642120,Data Analyst,Reed,it-jobs,permanent,full_time,South West England,2026-08-19 18:49:00+00,2026-08-20,2026-08-20,26500,26500,26500.000000000000
5848528698,Data Analyst Trainee,ITOL Recruit,it-jobs,permanent,full_time,South East England,2026-08-19 17:03:39+00,2026-08-20,2026-08-20,30000,50000,40000.000000000000
5848528627,Data Analyst Trainee,ITOL Recruit,it-jobs,permanent,full_time,Eastern England,2026-08-19 17:03:27+00,2026-08-20,2026-08-20,30000,50000,40000.000000000000
5849296853,Entry Level Data Consultant No Experience Required,NEWTO TRAINING LIMITED,it-jobs,permanent,,West Midlands,2026-08-20 05:34:10+00,2026-08-20,2026-08-20,65000,65000,65000.000000000000
5849116869,Data Analyst Intern - Financial Markets,The Opportunity Hub UK,consultancy-jobs,permanent,full_time,London,2026-08-20 02:40:51+00,2026-08-20,2026-08-20,24000,25000,24500.000000000000
5848192539,Data Analyst Trainee,ITOL Recruit,it-jobs,permanent,full_time,Eastern England,2026-08-19 14:59:06+00,2026-08-20,2026-08-20,30000,50000,40000.000000000000
5848192535,Senior Data Analyst,SF Partners,it-jobs,permanent,full_time,London,2026-08-19 14:59:05+00,2026-08-20,2026-08-20,70000,75000,72500.000000000000
5848188533,Trainee Data Analyst,Finlay Jude Associates Limited,it-jobs,permanent,full_time,South East England,2026-08-19 14:55:47+00,2026-08-20,2026-08-20,26436,26436,26436.000000000000
5848870491,Data Analyst,Harnham - Data & Analytics Recruitment,it-jobs,contract,,London,2026-08-19 23:01:03+00,2026-08-20,2026-08-20,91000,104000,97500.000000000000
5848852209,Remediation Data Analyst,LANCESOFT LTD,it-jobs,contract,,London,2026-08-19 22:58:48+00,2026-08-20,2026-08-20,75400,104000,89700.000000000000
5848830314,Data Analyst - SAP Success Factors,Pertemps Thames Water,it-jobs,contract,,South East England,2026-08-19 22:56:18+00,2026-08-20,2026-08-20,104000,104000,104000.000000000000
5848812120,Senior Data Analyst - Marketing Science,Harnham - Data & Analytics Recruitment,pr-advertising-marketing-jobs,permanent,full_time,London,2026-08-19 22:54:07+00,2026-08-20,2026-08-20,60000,75000,67500.000000000000
5848067578,Staff Software Engineer,BP,it-jobs,,full_time,London,2026-08-19 11:37:46+00,2026-08-20,2026-08-20,59000,99000,79000.000000000000
5848734876,Analytics Engineer,VIVID Housing,it-jobs,permanent,full_time,South East England,2026-08-19 22:45:53+00,2026-08-20,2026-08-20,55000,55000,55000.000000000000
5848714424,Palantir Developer,Experis,it-jobs,permanent,,,2026-08-19 21:33:18+00,2026-08-20,2026-08-20,60000,60000,60000.000000000000
5848714230,Data Engineer,Sanderson Recruitment,it-jobs,,,London,2026-08-19 21:28:17+00,2026-08-20,2026-08-20,90000,90000,90000.000000000000
5848704468,Data and Compliance Administrator (Apprentice),Aspens Services,admin-jobs,permanent,full_time,West Midlands,2026-08-19 21:06:03+00,2026-08-20,2026-08-20,20000,26300,23150.000000000000
5848647335,Senior Data Analytics Consultant,Maxwell Bond,it-jobs,,full_time,London,2026-08-19 18:59:54+00,2026-08-20,2026-08-20,30000,55000,42500.000000000000
5848527497,Data Analyst Trainee,ITOL Recruit,it-jobs,permanent,full_time,,2026-08-19 17:01:20+00,2026-08-20,2026-08-20,30000,50000,40000.000000000000
5848445820,Product Designer UX/UI– 12 Month FTC,Lloyds Bank,it-jobs,contract,full_time,,2026-08-19 16:42:57+00,2026-08-20,2026-08-20,40824,45360,43092.000000000000
5848594052,Data Engineer Level I,DWP Digital,it-jobs,permanent,,North West England,2026-08-19 17:34:25+00,2026-08-20,2026-08-20,35000,35000,35000.000000000000
5848193411,Data Analyst Trainee,ITOL Recruit,it-jobs,permanent,full_time,South East England,2026-08-19 15:01:23+00,2026-08-20,2026-08-20,30000,50000,40000.000000000000
5848193012,Trainee Data Analyst,ITOL Recruit,it-jobs,permanent,full_time,North West England,2026-08-19 15:00:09+00,2026-08-20,2026-08-20,30000,50000,40000.000000000000
5848192463,Trainee Data Analyst,ITOL Recruit,it-jobs,permanent,full_time,Scotland,2026-08-19 14:58:57+00,2026-08-20,2026-08-20,30000,50000,40000.000000000000
5848192339,Data Analyst Trainee,ITOL Recruit,it-jobs,permanent,full_time,South East England,2026-08-19 14:58:32+00,2026-08-20,2026-08-20,30000,50000,40000.000000000000
5848593414,Carbon Analysis Engineer,Neutreeno,engineering-jobs,,full_time,Eastern England,2026-08-19 17:33:05+00,2026-08-20,2026-08-20,35000,45000,40000.000000000000
5848434194,"Senior Product Manager, Reporting & Insights",Remote.com,it-jobs,contract,full_time,,2026-08-19 16:37:23+00,2026-08-20,2026-08-20,60000,135000,97500.000000000000
5848392063,Senior Data Engineer,Ravio,engineering-jobs,,full_time,London,2026-08-19 16:26:38+00,2026-08-20,2026-08-20,80000,110000,95000.000000000000
5848376918,Data Analytics Engineer | S3 | Customer Team | Milton Keynes | Internal Mobility,Santander UK,it-jobs,,full_time,,2026-08-19 16:22:51+00,2026-08-20,2026-08-20,52459,78689,65574.000000000000
5848227132,Senior Data Scientist,Ocho,engineering-jobs,,,Northern Ireland,2026-08-19 15:31:51+00,2026-08-20,2026-08-20,100000,100000,100000.000000000000
5848193598,BI & Data Engineer,Ashdown Group,it-jobs,permanent,full_time,South East England,2026-08-19 15:02:03+00,2026-08-20,2026-08-20,45000,50000,47500.000000000000
5848193520,Data Engineer,Sanderson,it-jobs,permanent,full_time,London,2026-08-19 15:01:38+00,2026-08-20,2026-08-20,80000,90000,85000.000000000000
5848193315,Data Engineer,TXP Technology x People,it-jobs,,,London,2026-08-19 15:00:46+00,2026-08-20,2026-08-20,130000,130260,130130.000000000000
5848188837,Data Engineer,Fyre Global Ltd,it-jobs,contract,,North West England,2026-08-19 14:56:25+00,2026-08-20,2026-08-20,143000,156000,149500.000000000000
5849330892,Associate Transport Planning Lead,City Science,consultancy-jobs,permanent,full_time,,2026-08-20 06:52:19+00,2026-08-20,2026-08-20,65000,80000,72500.000000000000
5849297072,Head of R&D - Sensing Science,KO2 Embedded Recruitment Solutions LTD,scientific-qa-jobs,permanent,,Eastern England,2026-08-20 05:34:47+00,2026-08-20,2026-08-20,90000,90000,90000.000000000000
5849116827,Digital Marketing Assistant,The Opportunity Hub UK,pr-advertising-marketing-jobs,permanent,full_time,London,2026-08-20 02:40:51+00,2026-08-20,2026-08-20,27000,32000,29500.000000000000
5849116724,Data Insights Lead,The Opportunity Hub UK,pr-advertising-marketing-jobs,permanent,full_time,London,2026-08-20 02:40:49+00,2026-08-20,2026-08-20,35000,45000,40000.000000000000
5849116753,Digital Marketing Assistant,The Opportunity Hub UK,pr-advertising-marketing-jobs,permanent,full_time,London,2026-08-20 02:40:49+00,2026-08-20,2026-08-20,28000,32000,30000.000000000000
5849077911,Electronics Assembler,Future Talent Group Ltd,engineering-jobs,permanent,,South West England,2026-08-20 01:35:06+00,2026-08-20,2026-08-20,40000,40000,40000.000000000000
5848911921,Graduate Process Improvement Engineer,Major Recruitment North West Perms,graduate-jobs,permanent,full_time,East Midlands,2026-08-19 23:04:44+00,2026-08-20,2026-08-20,27000,33000,30000.000000000000
5848714431,Senior Software Engineer - Fraud Squad - Account Integrity - Java,Hackajob Ltd,engineering-jobs,permanent,,London,2026-08-19 21:33:19+00,2026-08-20,2026-08-20,100000,100000,100000.000000000000
5848702302,Environmental Engineer,Gold Group,engineering-jobs,contract,full_time,South West England,2026-08-19 21:04:10+00,2026-08-20,2026-08-20,104000,145600,124800.000000000000
5848697952,Python & AWS Software Engineer - Data Science Focus,Adecco,it-jobs,,full_time,West Midlands,2026-08-19 20:50:10+00,2026-08-20,2026-08-20,60000,75000,67500.000000000000
5848650786,Technical Controller (Control Room Technical Operator/Maintenance Controller),Strathclyde Partnership for Transport,engineering-jobs,,full_time,Scotland,2026-08-19 19:34:10+00,2026-08-20,2026-08-20,41892,45848,43870.000000000000
5848648744,Environmental Engineer,Indotronix UK,engineering-jobs,contract,,South West England,2026-08-19 19:05:21+00,2026-08-20,2026-08-20,15600,18200,16900.000000000000
5848648747,Data Scientist / Senior Data Scientist/Solution Engineer,Infinity Quest UK,it-jobs,,,,2026-08-19 19:05:21+00,2026-08-20,2026-08-20,161200,161200,161200.000000000000
5848646080,Python & AWS Software Engineer - Data Science Focus,Adecco,it-jobs,permanent,full_time,East Midlands,2026-08-19 18:56:24+00,2026-08-20,2026-08-20,60000,75000,67500.000000000000
5848528900,Coding and Programming Trainee,ITOL Recruit,it-jobs,permanent,full_time,West Midlands,2026-08-19 17:03:58+00,2026-08-20,2026-08-20,26000,35000,30500.000000000000
5848527457,Trainee Software Developer,ITOL Recruit,it-jobs,permanent,full_time,East Midlands,2026-08-19 17:01:15+00,2026-08-20,2026-08-20,29000,35000,32000.000000000000
5848475848,Technical Controller (Control Room Technical Operator/Maintenance Controller),Strathclyde Partnership for Transport,engineering-jobs,,full_time,,2026-08-19 16:47:25+00,2026-08-20,2026-08-20,41892,45848,43870.000000000000
5847800819,SQL Report Analyst - Stockport,Circle Group,it-jobs,,,North West England,2026-08-19 05:23:21+00,2026-08-20,2026-08-20,30000,30000,30000.000000000000
5846809402,Trainee Data Analyst,ITOL Recruit,it-jobs,permanent,full_time,South East England,2026-08-18 14:56:07+00,2026-08-19,2026-08-20,30000,50000,40000.000000000000
5848030481,Data Analyst Trainee,ITOL Recruit,it-jobs,permanent,full_time,South East England,2026-08-19 11:00:36+00,2026-08-20,2026-08-20,30000,50000,40000.000000000000
5849076920,AI Deployment Engineer,Emponics,it-jobs,permanent,,London,2026-08-20 01:34:14+00,2026-08-20,2026-08-20,100000,100000,100000.000000000000
5849076885,Technical Lead London,EVOLVE IN RECRUITMENT LTD,it-jobs,permanent,full_time,London,2026-08-20 01:34:12+00,2026-08-20,2026-08-20,100000,100000,100000.000000000000
5848868207,Lead Data Engineer,Harnham - Data & Analytics Recruitment,it-jobs,permanent,full_time,London,2026-08-19 23:00:47+00,2026-08-20,2026-08-20,70000,85000,77500.000000000000
5848429438,Research Analyst - Strategic Communications,iwoca,pr-advertising-marketing-jobs,,full_time,London,2026-08-19 16:36:12+00,2026-08-20,2026-08-20,32000,55000,43500.000000000000
5847803865,Senior AI Engineer,CarFinance 247,it-jobs,permanent,,North West England,2026-08-19 05:32:17+00,2026-08-19,2026-08-20,80000,80000,80000.000000000000
5848864540,Investment Data Engineer,Sanderson,it-jobs,contract,,London,2026-08-19 23:00:25+00,2026-08-20,2026-08-20,169000,195000,182000.000000000000
5848389589,Staff Software Engineer | Applied AI / Voice AI,talentcentric.com,it-jobs,,full_time,London,2026-08-19 16:26:04+00,2026-08-20,2026-08-20,150000,250000,200000.000000000000
5848594888,Data Engineer Level I,DWP Digital,it-jobs,permanent,,West Midlands,2026-08-19 17:36:08+00,2026-08-20,2026-08-20,35000,35000,35000.000000000000
5848409448,Senior Design Researcher (12 month FTC),Lloyds Bank,it-jobs,contract,full_time,London,2026-08-19 16:31:01+00,2026-08-20,2026-08-20,72702,80780,76741.000000000000
5848189162,Finance Analyst,Hays Specialist Recruitment Limited,accounting-finance-jobs,permanent,full_time,East Midlands,2026-08-19 14:57:05+00,2026-08-20,2026-08-20,30000,36000,33000.000000000000
5848189070,Service Operations Manager,LG Engineering Solutions,maintenance-jobs,,full_time,,2026-08-19 14:56:53+00,2026-08-20,2026-08-20,50000,60000,55000.000000000000
5848188679,Marketing Manager,CFR- Consultancy for Recruitment,pr-advertising-marketing-jobs,permanent,full_time,South West England,2026-08-19 14:56:10+00,2026-08-20,2026-08-20,45000,55000,50000.000000000000
5848140055,"Director Of Funding, Data & Information",Pertemps Specialist Division,it-jobs,permanent,,Yorkshire And The Humber,2026-08-19 14:07:37+00,2026-08-20,2026-08-20,71843,77720,74781.500000000000
5848125469,Finance Analyst,Hays Accounts and Finance,accounting-finance-jobs,permanent,full_time,East Midlands,2026-08-19 12:54:36+00,2026-08-20,2026-08-20,30000,36000,33000.000000000000
5848122042,Senior Data Engineer,Tech4 Ltd,it-jobs,,full_time,South East England,2026-08-19 12:46:31+00,2026-08-20,2026-08-20,60000,65000,62500.000000000000
5848067833,Data Insights & Business Intelligence Analyst,Alexander Mae Ltd,it-jobs,,full_time,South West England,2026-08-19 11:37:51+00,2026-08-20,2026-08-20,28000,28000,28000.000000000000
5848067673,Data Engineer,DWP Digital,it-jobs,,full_time,Yorkshire And The Humber,2026-08-19 11:37:49+00,2026-08-20,2026-08-20,50000,50000,50000.000000000000
5848067478,Senior Analytics Engineer,Tech 4,it-jobs,,full_time,Eastern England,2026-08-19 11:37:37+00,2026-08-20,2026-08-20,65000,65000,65000.000000000000
5848067208,Data Engineer,Robert Half,it-jobs,contract,full_time,London,2026-08-19 11:37:25+00,2026-08-20,2026-08-20,61000,101000,81000.000000000000
5847803828,Data Engineer,DWP Digital,it-jobs,permanent,,North West England,2026-08-19 05:32:09+00,2026-08-19,2026-08-20,50000,50000,50000.000000000000
5847680062,Senior BI Developer,National Highways,it-jobs,permanent,full_time,West Midlands,2026-08-19 03:11:56+00,2026-08-19,2026-08-20,47410,54210,50810.000000000000
5847680074,Senior BI Developer,National Highways,it-jobs,permanent,full_time,South West England,2026-08-19 03:11:56+00,2026-08-19,2026-08-20,47410,54210,50810.000000000000
5847680068,Senior BI Developer,National Highways,it-jobs,permanent,full_time,Eastern England,2026-08-19 03:11:56+00,2026-08-19,2026-08-20,47410,54210,50810.000000000000
5847680066,Senior BI Developer,National Highways,it-jobs,permanent,full_time,South East England,2026-08-19 03:11:56+00,2026-08-19,2026-08-20,47410,54210,50810.000000000000
5847680055,Senior BI Developer,National Highways,it-jobs,permanent,full_time,North West England,2026-08-19 03:11:56+00,2026-08-19,2026-08-20,47410,54210,50810.000000000000
5847641949,FP&A Director - PE-Backed RegTech Pioneer,The Opportunity Hub UK,it-jobs,permanent,full_time,London,2026-08-19 02:41:22+00,2026-08-19,2026-08-20,75000,75000,75000.000000000000
5847288496,Sales Administrator,Reed,admin-jobs,permanent,full_time,London,2026-08-18 22:53:03+00,2026-08-19,2026-08-20,24000,27000,25500.000000000000
5847276375,AML Manager - Investigations,Robert Walters,accounting-finance-jobs,contract,,London,2026-08-18 22:51:17+00,2026-08-19,2026-08-20,91000,91000,91000.000000000000
5847271150,Buainess Development Representative,ABR Associates Ltd,sales-jobs,permanent,full_time,London,2026-08-18 22:50:32+00,2026-08-19,2026-08-20,35000,45000,40000.000000000000
5847270369,Digital Customer Engagement Apprentice,QA,it-jobs,permanent,full_time,Scotland,2026-08-18 22:50:25+00,2026-08-19,2026-08-20,20000,20000,20000.000000000000
5847227163,Senior Business Intelligence Developer,Success Talent,it-jobs,,,London,2026-08-18 21:27:16+00,2026-08-19,2026-08-20,65000,65000,65000.000000000000
5849337065,Senior Quantity Surveyor,Hays Specialist Recruitment Limited,trade-construction-jobs,permanent,full_time,Scotland,2026-08-20 07:04:00+00,2026-08-20,2026-08-20,60000,70000,65000.000000000000
5848973519,Commercial Coordinator,Rick Stein Head Office,it-jobs,,full_time,,2026-08-20 00:30:39+00,2026-08-20,2026-08-20,36000,36000,36000.000000000000
5849144419,Senior Snowflake Data Engineer,Square One Resources,it-jobs,contract,full_time,London,2026-08-20 03:05:37+00,2026-08-20,2026-08-20,104000,117000,110500.000000000000
5848714698,Principal Product Manager,Anson Mccade,it-jobs,permanent,,West Midlands,2026-08-19 21:34:20+00,2026-08-20,2026-08-20,90000,90000,90000.000000000000
5848858173,Graduate Data Engineer,Harnham - Data & Analytics Recruitment,graduate-jobs,permanent,full_time,London,2026-08-19 22:59:37+00,2026-08-20,2026-08-20,35000,44000,39500.000000000000
5848857713,Principal Data Engineer,LMA Recruitment,it-jobs,contract,,London,2026-08-19 22:59:33+00,2026-08-20,2026-08-20,156000,169000,162500.000000000000
5848714503,Data Engineer Level I,DWP Digital,it-jobs,permanent,,Yorkshire And The Humber,2026-08-19 21:33:37+00,2026-08-20,2026-08-20,35000,35000,35000.000000000000
5849297564,Procurement Manager,Cando Personnel Ltd,hospitality-catering-jobs,permanent,,South East England,2026-08-20 05:36:01+00,2026-08-20,2026-08-20,50000,50000,50000.000000000000
5849297503,Sales Manager,Great Places Housing Association,sales-jobs,permanent,full_time,North West England,2026-08-20 05:35:46+00,2026-08-20,2026-08-20,50000,50000,50000.000000000000
5849297450,Automation Controls Engineer,Global Logistics Staff Ltd,engineering-jobs,permanent,,Scotland,2026-08-20 05:35:41+00,2026-08-20,2026-08-20,65000,65000,65000.000000000000
5848713771,Data Engineer,Hays,it-jobs,contract,,South East England,2026-08-19 21:26:00+00,2026-08-20,2026-08-20,104000,104000,104000.000000000000
5849297407,Paid Media Manager,We Are Fr Group,pr-advertising-marketing-jobs,permanent,,North West England,2026-08-20 05:35:32+00,2026-08-20,2026-08-20,40000,40000,40000.000000000000
5849297403,Digital Content Officer,Career Connect,pr-advertising-marketing-jobs,permanent,full_time,North West England,2026-08-20 05:35:30+00,2026-08-20,2026-08-20,30000,30000,30000.000000000000
5848713711,Data Architect Lead/Enterprise Architect,Morson Edge,it-jobs,,,London,2026-08-19 21:25:51+00,2026-08-20,2026-08-20,100000,100000,100000.000000000000
5849297398,Technical Report Writer (Working at Height) / Training Provided,AWD Online,engineering-jobs,permanent,full_time,East Midlands,2026-08-20 05:35:29+00,2026-08-20,2026-08-20,35000,35000,35000.000000000000
5849297389,Service Charge Analyst,Hireful,accounting-finance-jobs,permanent,,North East England,2026-08-20 05:35:29+00,2026-08-20,2026-08-20,35000,35000,35000.000000000000
5849297376,Business Development/Sales Manager (Data Centres),Ernest Gordon Recruitment,sales-jobs,permanent,,Eastern England,2026-08-20 05:35:27+00,2026-08-20,2026-08-20,80000,80000,80000.000000000000
5848848634,"Senior Analytics Engineer (Snowflake, AWS, Looker) Contract",Tenth Revolution Group,it-jobs,contract,,London,2026-08-19 22:58:24+00,2026-08-20,2026-08-20,169000,169000,169000.000000000000
5848697959,AI Engineer - DV Cleared,CBSbutler Holdings Limited trading as CBSbutler,it-jobs,,full_time,London,2026-08-19 20:50:18+00,2026-08-20,2026-08-20,80000,100000,90000.000000000000
5848644947,Data Engineer,Tenth Revolution Group,it-jobs,permanent,full_time,North West England,2026-08-19 18:53:34+00,2026-08-20,2026-08-20,40000,55000,47500.000000000000
5849116871,Company Intelligence Analyst,The Opportunity Hub UK,it-jobs,permanent,full_time,London,2026-08-20 02:40:51+00,2026-08-20,2026-08-20,30000,35000,32500.000000000000
5848714229,Data Engineer,Morson Edge,it-jobs,contract,,,2026-08-19 21:28:17+00,2026-08-20,2026-08-20,156000,169000,162500.000000000000
5848713770,Data Engineer - Snowflake,Ananya IT Services Ltd,it-jobs,,,Eastern England,2026-08-19 21:26:00+00,2026-08-20,2026-08-20,85000,85000,85000.000000000000
5848702070,Data Engineer,Concept Resourcing,it-jobs,,full_time,London,2026-08-19 21:03:35+00,2026-08-20,2026-08-20,130000,130260,130130.000000000000
5848646344,Data Engineer,Advanced Resource Managers Limited,it-jobs,contract,,London,2026-08-19 18:56:41+00,2026-08-20,2026-08-20,117000,127400,122200.000000000000
5848857074,Software Developer,Network Mapping Limited,it-jobs,permanent,full_time,Yorkshire And The Humber,2026-08-19 22:59:25+00,2026-08-20,2026-08-20,35000,45000,40000.000000000000
5848713783,Data Engineer,Fyre Global Limited,it-jobs,contract,,North West England,2026-08-19 21:26:03+00,2026-08-20,2026-08-20,143000,156000,149500.000000000000
5848712372,Data Engineer Level I,DWP Digital,it-jobs,,,North West England,2026-08-19 21:24:18+00,2026-08-20,2026-08-20,35000,35000,35000.000000000000
5849297271,Chemist,Hudson Shribman,scientific-qa-jobs,contract,,London,2026-08-20 05:35:14+00,2026-08-20,2026-08-20,24000,24000,24000.000000000000
5848712010,Cloud Engineer,IO Associates,it-jobs,contract,,North West England,2026-08-19 21:22:22+00,2026-08-20,2026-08-20,130000,136500,133250.000000000000
5848697975,Software Developer,Network Mapping Limited,it-jobs,,full_time,Yorkshire And The Humber,2026-08-19 20:50:26+00,2026-08-20,2026-08-20,35000,45000,40000.000000000000
5848193203,Digital Analyst / Senior Digital Analyst,Harnham - Data & Analytics Recruitment,it-jobs,permanent,full_time,North West England,2026-08-19 15:00:37+00,2026-08-20,2026-08-20,30000,45000,37500.000000000000
5849297278,Final Mile Territory Manager,Evri,logistics-warehouse-jobs,permanent,,South East England,2026-08-20 05:35:14+00,2026-08-20,2026-08-20,35000,35000,35000.000000000000
5849297275,Final Mile Territory Manager,Evri,logistics-warehouse-jobs,permanent,,Eastern England,2026-08-20 05:35:14+00,2026-08-20,2026-08-20,35000,35000,35000.000000000000
5849297253,Senior Management Accountant,AWD Online,accounting-finance-jobs,permanent,full_time,South East England,2026-08-20 05:35:11+00,2026-08-20,2026-08-20,55000,55000,55000.000000000000
5849297250,Merchandiser,Newlife The Charity for Disabled Children,retail-jobs,permanent,,West Midlands,2026-08-20 05:35:09+00,2026-08-20,2026-08-20,40000,40000,40000.000000000000
5849297234,Senior RTR Manager,Robert Walters,accounting-finance-jobs,permanent,,North West England,2026-08-20 05:35:06+00,2026-08-20,2026-08-20,90000,90000,90000.000000000000
5849297207,Technical SEO Manager,We Are Fr Group,pr-advertising-marketing-jobs,permanent,,North West England,2026-08-20 05:35:03+00,2026-08-20,2026-08-20,45000,45000,45000.000000000000
5849297206,Campaign Executive,Leeds Building Society,pr-advertising-marketing-jobs,permanent,,Yorkshire And The Humber,2026-08-20 05:35:02+00,2026-08-20,2026-08-20,35000,35000,35000.000000000000
5849297202,Head of Finance,Hamilton Woods,accounting-finance-jobs,permanent,,East Midlands,2026-08-20 05:35:02+00,2026-08-20,2026-08-20,100000,100000,100000.000000000000
5849297203,Digital Marketing Manager,We Are Fr Group,pr-advertising-marketing-jobs,permanent,,North West England,2026-08-20 05:35:02+00,2026-08-20,2026-08-20,60000,60000,60000.000000000000
5849297196,Risk Analyst,Solus Accident Repair Centres,accounting-finance-jobs,permanent,,South East England,2026-08-20 05:35:01+00,2026-08-20,2026-08-20,40000,40000,40000.000000000000
5849297188,Paid Media Consultant,Trinity Resource Solutions Ltd,it-jobs,permanent,,South East England,2026-08-20 05:35:00+00,2026-08-20,2026-08-20,45000,45000,45000.000000000000
5849297028,Newly Qualified Management Accountant,Accountable Recruitment,accounting-finance-jobs,permanent,,North West England,2026-08-20 05:34:43+00,2026-08-20,2026-08-20,50000,50000,50000.000000000000
5849296896,Linux System Admin - Onsite Manchester,Hackajob Ltd,it-jobs,permanent,,North West England,2026-08-20 05:34:15+00,2026-08-20,2026-08-20,65000,65000,65000.000000000000
5849296901,Electrical Maintenance Engineer,Redmore Recruitment Limited,engineering-jobs,permanent,full_time,,2026-08-20 05:34:15+00,2026-08-20,2026-08-20,50000,50000,50000.000000000000
5849296895,Marketing Manager,Sigma,pr-advertising-marketing-jobs,permanent,,Wales,2026-08-20 05:34:15+00,2026-08-20,2026-08-20,50000,50000,50000.000000000000
5849296891,Skilled Electrical Operatives - Multiple Shifts Available,Pertemps Bristol Industrial,manufacturing-jobs,contract,,South West England,2026-08-20 05:34:15+00,2026-08-20,2026-08-20,81161,81161,81161.000000000000
5849296892,ServiceNow Administrator,DGH Recruitment,it-jobs,permanent,,North West England,2026-08-20 05:34:15+00,2026-08-20,2026-08-20,50000,50000,50000.000000000000
5849296875,Skilled Electrical Operatives - Clevedon,Pertemps Bridgwater,manufacturing-jobs,contract,,South West England,2026-08-20 05:34:14+00,2026-08-20,2026-08-20,41475,81161,61318.000000000000
5849296869,Skilled Electrical Operatives - Multiple Shifts Available,Pertemps Bristol Industrial,manufacturing-jobs,contract,,South West England,2026-08-20 05:34:13+00,2026-08-20,2026-08-20,81161,81161,81161.000000000000
5849296859,Analytical Chemistry Development Manager,Broughton Group,scientific-qa-jobs,permanent,full_time,North West England,2026-08-20 05:34:12+00,2026-08-20,2026-08-20,70000,70000,70000.000000000000
5849296856,Commercial Finance Analyst,Ask4.com,accounting-finance-jobs,contract,,Yorkshire And The Humber,2026-08-20 05:34:11+00,2026-08-20,2026-08-20,30000,30000,30000.000000000000
5849296827,Facilities & Reliability Engineer,Interaction - Northampton,engineering-jobs,permanent,full_time,East Midlands,2026-08-20 05:34:07+00,2026-08-20,2026-08-20,50000,50000,50000.000000000000
5849296787,Vulnerability Researcher,Anson Mccade,engineering-jobs,permanent,part_time,London,2026-08-20 05:34:05+00,2026-08-20,2026-08-20,75000,75000,75000.000000000000
5849296747,Accounts Payable Team Leader,Morson Edge,accounting-finance-jobs,contract,,North West England,2026-08-20 05:33:56+00,2026-08-20,2026-08-20,91000,117000,104000.000000000000
5849296745,Internal Audit Lead,Eurocell Group PLC,accounting-finance-jobs,permanent,,East Midlands,2026-08-20 05:33:52+00,2026-08-20,2026-08-20,45000,45000,45000.000000000000
5849296666,Product Support Engineer,Spectrum It Recruitment Limited,it-jobs,permanent,,South East England,2026-08-20 05:33:25+00,2026-08-20,2026-08-20,35000,35000,35000.000000000000
5849296665,Lead Oracle Applications Engineer,SSCL,it-jobs,permanent,,South East England,2026-08-20 05:33:25+00,2026-08-20,2026-08-20,65000,65000,65000.000000000000
5849296654,Senior Database Architect,Siamo Group Ltd,it-jobs,permanent,,South West England,2026-08-20 05:33:23+00,2026-08-20,2026-08-20,35000,35000,35000.000000000000
5849296348,Logistics Manager,PREMIER PAPER GROUP LTD,logistics-warehouse-jobs,permanent,full_time,West Midlands,2026-08-20 05:28:17+00,2026-08-20,2026-08-20,50000,50000,50000.000000000000
5849296253,Customer Fulfilment Manager,Ten2Two Ltd,logistics-warehouse-jobs,,part_time,London,2026-08-20 05:27:11+00,2026-08-20,2026-08-20,40000,40000,40000.000000000000
5849296211,Risk and Control Lead,Morson Edge,accounting-finance-jobs,contract,,London,2026-08-20 05:27:00+00,2026-08-20,2026-08-20,182000,208000,195000.000000000000
5849296175,Hire Planner/Coordinator,Empower Digital Limited,logistics-warehouse-jobs,,full_time,London,2026-08-20 05:26:47+00,2026-08-20,2026-08-20,40000,40000,40000.000000000000
5849296131,ServiceNow ITOM Consultant - Event Management - Contract,VIQU IT Recruitment,it-jobs,contract,,London,2026-08-20 05:26:31+00,2026-08-20,2026-08-20,117000,130000,123500.000000000000
5848227112,Data Science Analyst (Contract),VANRATH,it-jobs,contract,,Northern Ireland,2026-08-19 15:31:50+00,2026-08-20,2026-08-20,60000,60000,60000.000000000000
5848193586,MLOps Engineering Manager,Uniting Ambition,it-jobs,permanent,full_time,London,2026-08-19 15:01:57+00,2026-08-20,2026-08-20,100000,120000,110000.000000000000
5849296134,Group Digital Marketing Manager,Zachary Daniels,pr-advertising-marketing-jobs,,,London,2026-08-20 05:26:31+00,2026-08-20,2026-08-20,60000,60000,60000.000000000000
5849296121,Project Controls Lead,ALDWYCH CONSULTING LTD,trade-construction-jobs,permanent,,South East England,2026-08-20 05:26:29+00,2026-08-20,2026-08-20,100000,100000,100000.000000000000
5849296116,Newly Qualified Solicitor,Charalle Group,legal-jobs,,,London,2026-08-20 05:26:27+00,2026-08-20,2026-08-20,100000,100000,100000.000000000000
5849296081,Solution Architect,Anson Mccade,it-jobs,,,London,2026-08-20 05:26:05+00,2026-08-20,2026-08-20,100000,100000,100000.000000000000
5848189420,Environmental Engineer,Gold Group,engineering-jobs,contract,,South West England,2026-08-19 14:57:12+00,2026-08-20,2026-08-20,104000,145600,124800.000000000000
5848643607,Data & Insights Apprentice,QA,consultancy-jobs,permanent,full_time,Yorkshire And The Humber,2026-08-19 18:51:19+00,2026-08-20,2026-08-20,24500,25000,24750.000000000000
5849296641,SC ServiceNow Developer,Experis,it-jobs,contract,,West Midlands,2026-08-20 05:33:20+00,2026-08-20,2026-08-20,169000,189800,179400.000000000000
5849296200,Executive Search Consultant - Immediate Start!,Rule Recruitment,sales-jobs,,,London,2026-08-20 05:26:58+00,2026-08-20,2026-08-20,45000,45000,45000.000000000000
5849296737,Land Surveyor,PWS Technical Services  Ltd,trade-construction-jobs,permanent,,South East England,2026-08-20 05:33:46+00,2026-08-20,2026-08-20,40000,40000,40000.000000000000
5849295735,Group Digital Content Manager,Zachary Daniels,pr-advertising-marketing-jobs,,,London,2026-08-20 05:24:45+00,2026-08-20,2026-08-20,60000,60000,60000.000000000000
5849296243,Senior Process Engineer,Morson Edge,engineering-jobs,,,East Midlands,2026-08-20 05:27:11+00,2026-08-20,2026-08-20,65000,65000,65000.000000000000
5849295726,Content Writer (Maternity Cover),Polaris,pr-advertising-marketing-jobs,contract,,West Midlands,2026-08-20 05:24:43+00,2026-08-20,2026-08-20,24000,24000,24000.000000000000
5849296225,Transport Manager,Strive Supply Chain Services Ltd,logistics-warehouse-jobs,permanent,,South East England,2026-08-20 05:27:07+00,2026-08-20,2026-08-20,55000,55000,55000.000000000000
5849578344,Data & Insights Manager,Trade Recruit,it-jobs,,full_time,Eastern England,2026-08-20 13:27:58+00,2026-08-21,2026-08-21,50000,60000,55000.000000000000
5849541766,"SFDC Data Modeller, Data Analyst, SFDC Dev",TATA Consultancy Services,it-jobs,permanent,full_time,London,2026-08-20 11:38:50+00,2026-08-21,2026-08-21,45000,75000,60000.000000000000
5849541644,Data Analyst,Rise Technical Recruitment,it-jobs,permanent,full_time,South West England,2026-08-20 11:38:48+00,2026-08-21,2026-08-21,36000,36000,36000.000000000000
5849541571,Data Analyst - Marston Green,VIQU IT,it-jobs,,full_time,West Midlands,2026-08-20 11:38:47+00,2026-08-21,2026-08-21,30000,35000,32500.000000000000
5849540706,IT Data Analyst Intern,Eligo Recruitment Ltd,it-jobs,contract,,London,2026-08-20 11:38:39+00,2026-08-21,2026-08-21,25000,25000,25000.000000000000
5849540246,Data Analyst,VIQU IT,it-jobs,,full_time,Northern Ireland,2026-08-20 11:38:34+00,2026-08-21,2026-08-21,40000,50000,45000.000000000000
5849297200,Entry Level Data Consultant No Experience Required,NEWTO TRAINING LIMITED,it-jobs,permanent,,London,2026-08-20 05:35:02+00,2026-08-20,2026-08-21,65000,65000,65000.000000000000
5849296305,Data Analyst - Social Housing,TSA Surveying Ltd,it-jobs,,,North West England,2026-08-20 05:27:44+00,2026-08-21,2026-08-21,30000,30000,30000.000000000000
5849296269,Data Engineer (SC),Sanderson Recruitment,it-jobs,contract,,London,2026-08-20 05:27:24+00,2026-08-20,2026-08-21,110500,110500,110500.000000000000
5850509152,Data Engineer,Data Careers,it-jobs,contract,,West Midlands,2026-08-21 05:26:58+00,2026-08-21,2026-08-21,156000,182000,169000.000000000000
5850509149,SC/DV Data Engineer,IO Associates,it-jobs,contract,,London,2026-08-21 05:26:58+00,2026-08-21,2026-08-21,143000,182000,162500.000000000000
5849548315,Learning Data Analyst,University of Suffolk,admin-jobs,permanent,full_time,Eastern England,2026-08-20 11:42:24+00,2026-08-21,2026-08-21,33002,36636,34819.000000000000
5849542305,Data Analyst,Henderson Scott,it-jobs,,full_time,Scotland,2026-08-20 11:38:55+00,2026-08-21,2026-08-21,91000,100360,95680.000000000000
5850294409,Data Engineer,Data Careers,it-jobs,contract,,West Midlands,2026-08-21 01:37:18+00,2026-08-21,2026-08-21,156000,182000,169000.000000000000
5849541490,Entry Level Data Consultant,NEWTO TRAINING LIMITED,it-jobs,,full_time,London,2026-08-20 11:38:47+00,2026-08-21,2026-08-21,65000,65000,65000.000000000000
5849541088,Senior Data Analyst,Hunter Selection,it-jobs,contract,full_time,London,2026-08-20 11:38:43+00,2026-08-21,2026-08-21,65000,75000,70000.000000000000
5849540821,Senior AI Engineer,CarFinance 247,it-jobs,,full_time,North West England,2026-08-20 11:38:41+00,2026-08-21,2026-08-21,80000,80000,80000.000000000000
5849540108,Trainee Data Engineer,NEWTO TRAINING LIMITED,it-jobs,contract,,London,2026-08-20 11:38:33+00,2026-08-21,2026-08-21,40000,40000,40000.000000000000
5849539986,Data Analyst,Hypercreate Ltd,it-jobs,,full_time,,2026-08-20 11:38:32+00,2026-08-21,2026-08-21,26000,30000,28000.000000000000
5849504532,Business Systems Analyst,Xist4,it-jobs,permanent,full_time,South West England,2026-08-20 10:56:07+00,2026-08-21,2026-08-21,50000,55000,52500.000000000000
5849944945,Engineering Manager,Randstad Digital,it-jobs,contract,,North West England,2026-08-20 21:34:43+00,2026-08-21,2026-08-21,166400,187200,176800.000000000000
5849943247,Senior Data Engineer,Harvey Nash,it-jobs,contract,,London,2026-08-20 21:28:57+00,2026-08-21,2026-08-21,143000,182000,162500.000000000000
5849895302,Lead Data Engineer (Databricks),Tenth Revolution Group,it-jobs,permanent,full_time,London,2026-08-20 19:10:47+00,2026-08-21,2026-08-21,85000,110000,97500.000000000000
5849895080,Senior Data Engineer (Databricks),Tenth Revolution Group,it-jobs,permanent,full_time,London,2026-08-20 19:09:49+00,2026-08-21,2026-08-21,55000,85000,70000.000000000000
5849887667,Product Delivery Manager (Digital),Warner Hotels,it-jobs,,,Eastern England,2026-08-20 18:49:49+00,2026-08-21,2026-08-21,60000,60000,60000.000000000000
5849540255,Data Analyst,Sellick Partnership,it-jobs,,full_time,North East England,2026-08-20 11:38:34+00,2026-08-21,2026-08-21,46500,46500,46500.000000000000
5849864164,Data Engineer,Anson Mccade,it-jobs,permanent,,North East England,2026-08-20 17:36:37+00,2026-08-21,2026-08-21,60000,60000,60000.000000000000
5849814911,Lead Python Developer,Infosec,it-jobs,,full_time,London,2026-08-20 17:00:18+00,2026-08-21,2026-08-21,100000,120000,110000.000000000000
5849812986,Engineering Manager,Randstad Technologies Recruitment,it-jobs,contract,,North West England,2026-08-20 16:58:39+00,2026-08-21,2026-08-21,166400,187200,176800.000000000000
5849810817,CoE / Operating Model Lead,TXP,it-jobs,contract,,London,2026-08-20 16:55:16+00,2026-08-21,2026-08-21,110500,110760,110630.000000000000
5849929336,Senior Data Engineer,Brio Digital,it-jobs,contract,full_time,Yorkshire And The Humber,2026-08-20 21:04:32+00,2026-08-21,2026-08-21,143000,156000,149500.000000000000
5849926805,Database / Data Engineer,Avanti Recruitment,it-jobs,permanent,full_time,,2026-08-20 20:53:55+00,2026-08-21,2026-08-21,45000,55000,50000.000000000000
5849542248,Data Engineering Lead,Eutopia Solutions Limited,it-jobs,,full_time,East Midlands,2026-08-20 11:38:54+00,2026-08-21,2026-08-21,85000,85000,85000.000000000000
5849623109,Snowflake Data Architect - Wembley (5 days a week on-site),Adecco,it-jobs,contract,,London,2026-08-20 15:11:58+00,2026-08-21,2026-08-21,156000,182000,169000.000000000000
5849622997,CoE / Operating Model Lead,TXP Technology x People,it-jobs,contract,,London,2026-08-20 15:11:25+00,2026-08-21,2026-08-21,110500,110760,110630.000000000000
5849622879,Software Engineering Manager,Ikhoi Recruitment,it-jobs,permanent,full_time,South East England,2026-08-20 15:11:03+00,2026-08-21,2026-08-21,95000,100000,97500.000000000000
5849622487,"Snowflake Data Architect - London, Wembley",Adecco,it-jobs,permanent,full_time,London,2026-08-20 15:10:42+00,2026-08-21,2026-08-21,85000,110000,97500.000000000000
5849620252,Python Automation Engineer,Oscar Technology,it-jobs,contract,,London,2026-08-20 15:09:27+00,2026-08-21,2026-08-21,156000,169000,162500.000000000000
5849619393,Investment Platform Data Engineer,Sanderson,it-jobs,contract,,London,2026-08-20 15:08:41+00,2026-08-21,2026-08-21,208000,208000,208000.000000000000
5849614957,Data Scientist,Adepto Technical Recruitment Ltd,it-jobs,permanent,full_time,South East England,2026-08-20 15:00:21+00,2026-08-21,2026-08-21,45000,60000,52500.000000000000
5849614926,Snowflake Data Architect - Wembley (5 days a week on-site),Adecco,it-jobs,contract,,London,2026-08-20 15:00:20+00,2026-08-21,2026-08-21,156000,182000,169000.000000000000
5849614883,"Snowflake Data Architect - London, Wembley",Adecco,it-jobs,,full_time,London,2026-08-20 15:00:18+00,2026-08-21,2026-08-21,85000,110000,97500.000000000000
5849577808,Lead Data Engineer (Azure),Harnham - Data & Analytics Recruitment,it-jobs,permanent,full_time,London,2026-08-20 13:27:16+00,2026-08-21,2026-08-21,65000,75000,70000.000000000000
5849576975,Data Engineer - SC Cleared - Contract,CBSbutler Holdings Limited trading as CBSbutler,it-jobs,contract,,West Midlands,2026-08-20 13:25:52+00,2026-08-21,2026-08-21,104000,117000,110500.000000000000
5849576958,Data & Analytics Lead,Applause IT Recruitment Ltd,it-jobs,,full_time,,2026-08-20 13:25:44+00,2026-08-21,2026-08-21,75000,85000,80000.000000000000
5849542295,Data Engineer Level I,DWP Digital,it-jobs,,full_time,North East England,2026-08-20 11:38:55+00,2026-08-21,2026-08-21,35000,35000,35000.000000000000
5849542300,Python Software Engineer,Interact Consulting Limited,it-jobs,,full_time,West Midlands,2026-08-20 11:38:55+00,2026-08-21,2026-08-21,45000,45000,45000.000000000000
5849542313,Data Engineering Manager,Clear Business,it-jobs,permanent,full_time,North West England,2026-08-20 11:38:55+00,2026-08-21,2026-08-21,37000,46000,41500.000000000000
5849542281,Palantir Developer,Experis,it-jobs,permanent,full_time,London,2026-08-20 11:38:54+00,2026-08-21,2026-08-21,60000,60000,60000.000000000000
5849542184,Data Engineer or Junior Electrician with IPAF,London IT Services,it-jobs,,full_time,London,2026-08-20 11:38:53+00,2026-08-21,2026-08-21,46800,52000,49400.000000000000
5850507035,Senior Machine Learning Engineer Python AWS,Client Server,it-jobs,,,Eastern England,2026-08-21 05:21:51+00,2026-08-21,2026-08-21,100000,100000,100000.000000000000
5850390045,Data Scientist,Method Resourcing,it-jobs,permanent,full_time,Yorkshire And The Humber,2026-08-21 03:15:34+00,2026-08-21,2026-08-21,60000,70000,65000.000000000000
5850181862,Strategic Pricing Actuary,High Finance  Limited T/A HFG,accounting-finance-jobs,permanent,full_time,London,2026-08-21 00:55:45+00,2026-08-21,2026-08-21,100000,115000,107500.000000000000
5850149855,AI Engineer - LLM & Agentic Systems,INTEC SELECT LIMITED,it-jobs,contract,,London,2026-08-20 23:11:49+00,2026-08-21,2026-08-21,156000,169000,162500.000000000000
5850147103,Senior Digital Analyst,Harnham - Data & Analytics Recruitment,it-jobs,permanent,full_time,North West England,2026-08-20 23:11:19+00,2026-08-21,2026-08-21,60000,70000,65000.000000000000
5850083150,Head of Partnerships,Harnham - Data & Analytics Recruitment,it-jobs,permanent,full_time,London,2026-08-20 23:03:12+00,2026-08-21,2026-08-21,110000,120000,115000.000000000000
5850076748,Manufacturing Digitalisation,Randstad RIS,engineering-jobs,permanent,full_time,North West England,2026-08-20 23:02:26+00,2026-08-21,2026-08-21,46588,46588,46588.000000000000
5849927645,Manufacturing Digitalisation,Randstad Inhouse Services,engineering-jobs,permanent,full_time,North West England,2026-08-20 20:56:48+00,2026-08-21,2026-08-21,46587,46587,46587.000000000000
5849901047,Lead AI/ML Technologist,Digital Catapult,it-jobs,,full_time,London,2026-08-20 19:35:55+00,2026-08-21,2026-08-21,80000,90000,85000.000000000000
5849893612,Digital Marketing Manager,Brellis Recruitment,pr-advertising-marketing-jobs,,full_time,North West England,2026-08-20 19:04:01+00,2026-08-21,2026-08-21,38000,39684,38842.000000000000
5849889440,Digital Marketing Manager,BRELLIS RECRUITMENT LIMITED,pr-advertising-marketing-jobs,permanent,full_time,North West England,2026-08-20 18:54:20+00,2026-08-21,2026-08-21,38000,39684,38842.000000000000
5849295736,Digital Content Officer,Career Connect,pr-advertising-marketing-jobs,permanent,full_time,North West England,2026-08-20 05:24:45+00,2026-08-20,2026-08-20,30000,30000,30000.000000000000
5849887700,Data Scientist,Harnham - Data & Analytics Recruitment,it-jobs,contract,,London,2026-08-20 18:49:53+00,2026-08-21,2026-08-21,104000,104000,104000.000000000000
5849882992,Senior Responsible Innovation Manager - 6 month FTC,Digital Catapult,it-jobs,contract,full_time,London,2026-08-20 18:41:31+00,2026-08-21,2026-08-21,60000,70000,65000.000000000000
5849719926,"Engineering Lead – Data, Analytics & AI",Lloyds Bank,it-jobs,,full_time,,2026-08-20 16:41:12+00,2026-08-21,2026-08-21,92701,109060,100880.500000000000
5849944611,Data Science & AI Delivery Lead,I3 Resourcing Limited,it-jobs,,,London,2026-08-20 21:29:57+00,2026-08-21,2026-08-21,100000,100000,100000.000000000000
5849690265,"Acquisitions Manager, DAC region (Contract)",Patreon,sales-jobs,contract,full_time,London,2026-08-20 16:28:13+00,2026-08-21,2026-08-21,119000,161000,140000.000000000000
5849689464,"Principal Software Engineer, FDE",Microsoft,it-jobs,contract,full_time,London,2026-08-20 16:27:26+00,2026-08-21,2026-08-21,93500,161800,127650.000000000000
5849682775,"Director, International Regulatory Affairs 4809",Grail,scientific-qa-jobs,,full_time,London,2026-08-20 16:20:46+00,2026-08-21,2026-08-21,146000,194000,170000.000000000000
5849680554,"Vice President, Financial Planning & Analysis",LexisNexis,accounting-finance-jobs,,full_time,London,2026-08-20 16:18:38+00,2026-08-21,2026-08-21,189000,351200,270100.000000000000
5850152461,Database / Data Engineer,Avanti,it-jobs,permanent,full_time,Eastern England,2026-08-20 23:13:21+00,2026-08-21,2026-08-21,45000,55000,50000.000000000000
5849944657,Senior Data Engineer,Morson Edge,it-jobs,contract,full_time,London,2026-08-20 21:30:16+00,2026-08-21,2026-08-21,156000,195000,175500.000000000000
5850137409,Data Engineer,Meritus Talent,it-jobs,contract,,West Midlands,2026-08-20 23:10:13+00,2026-08-21,2026-08-21,156000,182000,169000.000000000000
5849961223,Business Analyst,Clear Business,it-jobs,permanent,full_time,North West England,2026-08-20 22:48:24+00,2026-08-21,2026-08-21,37000,46300,41650.000000000000
5849678652,AI Coach,Makers,it-jobs,contract,full_time,London,2026-08-20 16:16:53+00,2026-08-21,2026-08-21,45000,65000,55000.000000000000
5849570543,Data Innovation and Automation Lead,Coventry City Council,it-jobs,,,,2026-08-20 12:52:42+00,2026-08-21,2026-08-21,56393,63239,59816.000000000000
5849541998,Senior Data Engineer,Tech4 Ltd,it-jobs,,full_time,South East England,2026-08-20 11:38:52+00,2026-08-21,2026-08-21,60000,65000,62500.000000000000
5849542046,GTM Systems Engineer,We Are Fr Group,it-jobs,,full_time,East Midlands,2026-08-20 11:38:52+00,2026-08-21,2026-08-21,55000,55000,55000.000000000000
5849542036,Business Intelligence Developer,Harnham,it-jobs,,full_time,West Midlands,2026-08-20 11:38:52+00,2026-08-21,2026-08-21,76000,83000,79500.000000000000
5849542038,Data Engineer,DWP Digital,it-jobs,,full_time,Yorkshire And The Humber,2026-08-20 11:38:52+00,2026-08-21,2026-08-21,50000,50000,50000.000000000000
5849541883,Senior Network Engineer,CACI Ltd,it-jobs,,full_time,West Midlands,2026-08-20 11:38:51+00,2026-08-21,2026-08-21,55000,95000,75000.000000000000
5849615297,Data Scientist,Harnham - Data & Analytics Recruitment,it-jobs,contract,,London,2026-08-20 15:01:08+00,2026-08-21,2026-08-21,104000,117000,110500.000000000000
5849541247,Business Intelligence Analyst,Police Scotland,it-jobs,contract,full_time,Scotland,2026-08-20 11:38:45+00,2026-08-21,2026-08-21,39590,39590,39590.000000000000
5849541241,Business Intelligence Analyst,Lioness Recruitment Ltd,it-jobs,,full_time,East Midlands,2026-08-20 11:38:44+00,2026-08-21,2026-08-21,37500,38400,37950.000000000000
5849540527,Graduate Data Consultant,Jackson Hogg Ltd,graduate-jobs,contract,,North East England,2026-08-20 11:38:37+00,2026-08-21,2026-08-21,25000,30000,27500.000000000000
5849540295,C#.Net Developer - London,JAC Recruitment,it-jobs,contract,full_time,London,2026-08-20 11:38:35+00,2026-08-21,2026-08-21,50000,60000,55000.000000000000
5849540366,Automation & Software Developer,Batch'd,it-jobs,,full_time,Yorkshire And The Humber,2026-08-20 11:38:35+00,2026-08-21,2026-08-21,26000,32000,29000.000000000000
5849540308,BI Analyst,Erin Associates,it-jobs,,full_time,North West England,2026-08-20 11:38:35+00,2026-08-21,2026-08-21,32000,35000,33500.000000000000
5849394488,Business Development Manager,UPPERTON LIMITED,sales-jobs,permanent,,East Midlands,2026-08-20 09:35:55+00,2026-08-21,2026-08-21,50000,50000,50000.000000000000
5849393041,Business Systems Manager,Aimtech Recruitment Ltd,it-jobs,permanent,,South East England,2026-08-20 09:34:40+00,2026-08-21,2026-08-21,85000,85000,85000.000000000000
5849297365,Data Engineer Level I,DWP Digital,it-jobs,permanent,,Yorkshire And The Humber,2026-08-20 05:35:26+00,2026-08-21,2026-08-21,35000,35000,35000.000000000000
5849116849,Finance/Business Analyst Internship,The Opportunity Hub UK,it-jobs,permanent,full_time,South East England,2026-08-20 02:40:51+00,2026-08-20,2026-08-21,24000,25000,24500.000000000000
5849116741,Finance/Business Analyst Internship,The Opportunity Hub UK,it-jobs,permanent,full_time,South East England,2026-08-20 02:40:49+00,2026-08-20,2026-08-21,25000,25000,25000.000000000000
5849108660,Workforce Insights and Compliance Analyst,Elysium Healthcare,hr-jobs,permanent,full_time,,2026-08-20 02:37:17+00,2026-08-20,2026-08-21,32000,35000,33500.000000000000
5848855744,Remediation Data Analyst,Circle Recruitment,it-jobs,contract,,London,2026-08-19 22:59:15+00,2026-08-20,2026-08-21,78000,104000,91000.000000000000
5848836397,Head of Enterprise Sales,VIA MATCH LIMITED,sales-jobs,permanent,full_time,London,2026-08-19 22:57:02+00,2026-08-20,2026-08-21,70000,120000,95000.000000000000
5848714622,Data Analyst,Henderson Scott,it-jobs,contract,,Scotland,2026-08-19 21:34:05+00,2026-08-20,2026-08-21,91000,100100,95550.000000000000
5848714044,BI & Data Engineer,Ashdown Group,it-jobs,,,South East England,2026-08-19 21:27:14+00,2026-08-20,2026-08-21,50000,50000,50000.000000000000
5848713439,Workforce Insights and Compliance Analyst,Elysium Healthcare,hr-jobs,,,Eastern England,2026-08-19 21:25:11+00,2026-08-20,2026-08-21,35000,35000,35000.000000000000
5849688900,Data and Insights Associate (fixed-term 12-18-month contract),2785 Takeda UK,consultancy-jobs,contract,full_time,,2026-08-20 16:26:47+00,2026-08-21,2026-08-21,44900,61710,53305.000000000000
5849938631,Head of Data and Insight,Edinburgh Napier University,it-jobs,,,Scotland,2026-08-20 21:25:14+00,2026-08-21,2026-08-21,65000,65000,65000.000000000000
5848713441,Fabric BI Developer MS Fabric Power BI Crewe 50k,Langley James Limited,it-jobs,,,North West England,2026-08-19 21:25:11+00,2026-08-20,2026-08-21,50000,50000,50000.000000000000
5848712370,Data Engineer Level I,DWP Digital,it-jobs,,,Yorkshire And The Humber,2026-08-19 21:24:18+00,2026-08-20,2026-08-21,35000,35000,35000.000000000000
5848712371,Data Engineer Level I,DWP Digital,it-jobs,,,Yorkshire And The Humber,2026-08-19 21:24:18+00,2026-08-20,2026-08-21,35000,35000,35000.000000000000
5848712366,Data Engineer Level I,DWP Digital,it-jobs,,,North East England,2026-08-19 21:24:18+00,2026-08-20,2026-08-21,35000,35000,35000.000000000000
5848712309,Senior Data Engineer,Tech 4,it-jobs,,,South East England,2026-08-19 21:24:05+00,2026-08-20,2026-08-21,65000,65000,65000.000000000000
5848712065,Data Engineer Level I,DWP Digital,it-jobs,,,North West England,2026-08-19 21:22:59+00,2026-08-20,2026-08-21,35000,35000,35000.000000000000
5848692209,Financial Controller,HAYS Specialist Recruitment,accounting-finance-jobs,permanent,,Northern Ireland,2026-08-19 20:33:28+00,2026-08-20,2026-08-21,70000,70000,70000.000000000000
5848648248,BDA Researcher,Orchard Professional Solutions Ltd,pr-advertising-marketing-jobs,,full_time,Yorkshire And The Humber,2026-08-19 19:01:05+00,2026-08-20,2026-08-21,30000,30000,30000.000000000000
5848647684,Principal Data Engineer,VIQU IT,it-jobs,,full_time,London,2026-08-19 19:00:22+00,2026-08-20,2026-08-21,260000,260000,260000.000000000000
5850526523,Head of Cleaning Excellence,14Forty,domestic-help-cleaning-jobs,,,West Midlands,2026-08-21 05:59:49+00,2026-08-21,2026-08-21,70000,70000,70000.000000000000
5850513658,Vehicle Procurement Category Manager,Ayvens,logistics-warehouse-jobs,permanent,,South West England,2026-08-21 05:37:31+00,2026-08-21,2026-08-21,55000,55000,55000.000000000000
5850513553,Senior Retail Equipment Procurement Manager,Acorn by Synergie,retail-jobs,permanent,full_time,South West England,2026-08-21 05:37:16+00,2026-08-21,2026-08-21,50000,50000,50000.000000000000
5850512478,Aviation Technical Services Manager,HR GO Recruitment,engineering-jobs,permanent,,,2026-08-21 05:35:17+00,2026-08-21,2026-08-21,70000,70000,70000.000000000000
5850511025,Project Controls Engineer (Planner),Outsource,engineering-jobs,,,South West England,2026-08-21 05:31:00+00,2026-08-21,2026-08-21,70000,70000,70000.000000000000
5850510930,Quality Inspector,INNOV8 SYNERGY Talent Management Ltd,engineering-jobs,permanent,,West Midlands,2026-08-21 05:30:43+00,2026-08-21,2026-08-21,35000,35000,35000.000000000000
5850510650,Data Insights Lead - Insurance Reserving,I3 Resourcing Limited,accounting-finance-jobs,,,London,2026-08-21 05:30:04+00,2026-08-21,2026-08-21,100000,100000,100000.000000000000
5850510318,Bid Writer,Creative Support,social-work-jobs,,,North West England,2026-08-21 05:29:19+00,2026-08-21,2026-08-21,40000,40000,40000.000000000000
5850510212,Security Administrator,Northern Gas,admin-jobs,contract,,North East England,2026-08-21 05:29:06+00,2026-08-21,2026-08-21,28000,28000,28000.000000000000
5850510027,Information Assurance Analyst,Sanderson Government and Defence,it-jobs,contract,,London,2026-08-21 05:28:47+00,2026-08-21,2026-08-21,140400,153400,146900.000000000000
5850509940,MEP Quantity Surveyor,Office Owls Recruitment Limited,trade-construction-jobs,,,London,2026-08-21 05:28:35+00,2026-08-21,2026-08-21,75000,75000,75000.000000000000
5850509909,Sample Preparation Laboratory Technician,Russell Taylor Group Ltd,scientific-qa-jobs,permanent,,Wales,2026-08-21 05:28:32+00,2026-08-21,2026-08-21,27976,27976,27976.000000000000
5850509465,Entry Level Recrutiment Consultant - Executive Search,SW6 Associates Limited,hr-jobs,,,London,2026-08-21 05:27:29+00,2026-08-21,2026-08-21,60000,60000,60000.000000000000
5850509157,Data Architect - insurance domain,EUROPEAN SOFTWARE SOLUTIONS  LIMITED,it-jobs,,,London,2026-08-21 05:26:58+00,2026-08-21,2026-08-21,117000,117000,117000.000000000000
5850508889,Software Implementation Consultant,Cathcart Technology,it-jobs,,,Scotland,2026-08-21 05:26:21+00,2026-08-21,2026-08-21,45000,45000,45000.000000000000
5850508135,"Cyber Security Technical Project Manager B2B SaaS, AWS, Agile",Smart Sourcer Limited,it-jobs,contract,,London,2026-08-21 05:24:50+00,2026-08-21,2026-08-21,100000,100000,100000.000000000000
5850508134,Trainee Systems Engineer,Experis,it-jobs,,,Scotland,2026-08-21 05:24:50+00,2026-08-21,2026-08-21,40000,40000,40000.000000000000
5850490879,Asset Strategy Manager,Mosscare St Vincents Housing ,consultancy-jobs,,full_time,North West England,2026-08-21 05:03:51+00,2026-08-21,2026-08-21,54473,58273,56373.000000000000
5850461000,Commissioning Specialist - SEND,Telford & Wrekin Council,social-work-jobs,,,West Midlands,2026-08-21 04:36:31+00,2026-08-21,2026-08-21,49282,52413,50847.500000000000
5850415437,Senior Case Worker,Hampshire County Council,social-work-jobs,,,,2026-08-21 03:36:12+00,2026-08-21,2026-08-21,33178,36369,34773.500000000000
5850386012,Research and Insight Officer,LTE Group,teaching-jobs,permanent,full_time,North West England,2026-08-21 03:13:09+00,2026-08-21,2026-08-21,38400,57600,48000.000000000000
5850384784,Commercial Finance Analyst,Robert Half International,accounting-finance-jobs,permanent,full_time,West Midlands,2026-08-21 03:12:02+00,2026-08-21,2026-08-21,40000,50000,45000.000000000000
5850384773,Finance Reporting & Systems Analyst,Robert Half,accounting-finance-jobs,permanent,full_time,South West England,2026-08-21 03:12:02+00,2026-08-21,2026-08-21,35000,45000,40000.000000000000
5850384768,Commercial Finance Analyst,Robert Half International,accounting-finance-jobs,permanent,full_time,Wales,2026-08-21 03:12:01+00,2026-08-21,2026-08-21,40000,50000,45000.000000000000
5850384234,Quantity Surveyor,PPM Recruitment,trade-construction-jobs,permanent,full_time,East Midlands,2026-08-21 03:11:43+00,2026-08-21,2026-08-21,45000,50000,47500.000000000000
5850383963,Irradiated Fuel Characterisation Scientist,National Nuclear Laboratory,scientific-qa-jobs,permanent,full_time,North West England,2026-08-21 03:11:33+00,2026-08-21,2026-08-21,45220,45220,45220.000000000000
5850383930,Irradiated Fuel Characterisation Scientist,National Nuclear Laboratory,scientific-qa-jobs,permanent,full_time,North West England,2026-08-21 03:11:32+00,2026-08-21,2026-08-21,45220,45220,45220.000000000000
5850383474,Procurement Manager - Public Sector,Informed Recruitment Limited,accounting-finance-jobs,permanent,full_time,West Midlands,2026-08-21 03:11:12+00,2026-08-21,2026-08-21,40000,45000,42500.000000000000
5850383443,Principal Planner,Gold Group,engineering-jobs,permanent,full_time,London,2026-08-21 03:11:09+00,2026-08-21,2026-08-21,80000,95000,87500.000000000000
5850383396,Lab Chemist,Gattaca PBS,scientific-qa-jobs,contract,full_time,South East England,2026-08-21 03:11:07+00,2026-08-21,2026-08-21,62400,70720,66560.000000000000
5850384736,Senior Finance Analyst,Robert Half,accounting-finance-jobs,permanent,full_time,London,2026-08-21 03:12:01+00,2026-08-21,2026-08-21,70000,75000,72500.000000000000
5850383482,Senior Procurement Manager - Public Sector,Informed Recruitment Limited,accounting-finance-jobs,permanent,full_time,West Midlands,2026-08-21 03:11:12+00,2026-08-21,2026-08-21,50000,55000,52500.000000000000
5850382445,Procurement Manager,Butler Ross Ltd,retail-jobs,permanent,full_time,South East England,2026-08-21 03:10:33+00,2026-08-21,2026-08-21,50000,55000,52500.000000000000
5850383544,Lecturer or Lecturer Teaching and Professional Practice (Sport,Liverpool John Moores University,teaching-jobs,permanent,full_time,North West England,2026-08-21 03:11:23+00,2026-08-21,2026-08-21,38784,46049,42416.500000000000
5850383529,Interim Programme Manager,Connect2Surrey,it-jobs,,full_time,South East England,2026-08-21 03:11:21+00,2026-08-21,2026-08-21,143000,156000,149500.000000000000
5851806413,Quantitative Analyst,Spectrum It Recruitment Limited,it-jobs,permanent,,South East England,2026-08-22 01:38:12+00,2026-08-22,2026-08-22,75000,75000,75000.000000000000
5849817958,Data Analyst,Experis,it-jobs,,full_time,Scotland,2026-08-20 17:02:36+00,2026-08-21,2026-08-22,30000,35000,32500.000000000000
5849817799,Data Analyst,Experis,it-jobs,,full_time,South East England,2026-08-20 17:02:28+00,2026-08-21,2026-08-22,30000,35000,32500.000000000000
5849719175,Research and Data Analyst (FTC),Freebridge Community Housing,it-jobs,contract,,Eastern England,2026-08-20 16:41:04+00,2026-08-21,2026-08-22,44505,44505,44505.000000000000
5849616876,Data Analyst,Match Performance,it-jobs,contract,,London,2026-08-20 15:05:10+00,2026-08-21,2026-08-22,78000,104000,91000.000000000000
5849614949,Data Analyst Apprentice,Back TO Work,it-jobs,,full_time,North West England,2026-08-20 15:00:21+00,2026-08-21,2026-08-22,26000,26000,26000.000000000000
5849614891,Data Analyst Apprentice,Back TO Work,it-jobs,,full_time,Eastern England,2026-08-20 15:00:19+00,2026-08-21,2026-08-22,25800,25800,25800.000000000000
5851094020,Sustainability Data & Carbon Analyst,Incommunities,consultancy-jobs,,full_time,Yorkshire And The Humber,2026-08-21 15:40:53+00,2026-08-22,2026-08-22,29978,33415,31696.500000000000
5851080526,AWS Data Engineer,Tenth Revolution Group,it-jobs,permanent,full_time,North West England,2026-08-21 15:15:56+00,2026-08-22,2026-08-22,48000,95000,71500.000000000000
5851080457,AWS Data Engineer,Tenth Revolution Group,it-jobs,permanent,full_time,Yorkshire And The Humber,2026-08-21 15:15:47+00,2026-08-22,2026-08-22,48000,95000,71500.000000000000
5851080012,AWS Data Engineer,Tenth Revolution Group,it-jobs,permanent,full_time,North East England,2026-08-21 15:14:24+00,2026-08-22,2026-08-22,48000,95000,71500.000000000000
5851079812,AWS Data Engineer,Tenth Revolution Group,it-jobs,permanent,full_time,London,2026-08-21 15:13:26+00,2026-08-22,2026-08-22,45000,95000,70000.000000000000
5851072070,Data Engineer,CBSbutler Holdings Limited trading as CBSbutler,it-jobs,contract,,West Midlands,2026-08-21 15:03:30+00,2026-08-22,2026-08-22,104000,117000,110500.000000000000
5850990171,Senior Quality Analyst,Inspire Resourcing Ltd,manufacturing-jobs,,full_time,East Midlands,2026-08-21 13:07:10+00,2026-08-22,2026-08-22,29000,33000,31000.000000000000
5850922871,Application Developer,Hays,it-jobs,contract,full_time,Eastern England,2026-08-21 11:39:27+00,2026-08-22,2026-08-22,50000,70000,60000.000000000000
5850922894,Engineering Manager,Randstad Digital,it-jobs,,full_time,North West England,2026-08-21 11:39:27+00,2026-08-22,2026-08-22,40000,67500,53750.000000000000
5850922726,Data Scientist,Adepto Technical Recruitment Ltd,it-jobs,permanent,full_time,North West England,2026-08-21 11:39:26+00,2026-08-22,2026-08-22,45000,60000,52500.000000000000
5850922627,Software Developer,Network Mapping Limited,it-jobs,,full_time,Yorkshire And The Humber,2026-08-21 11:39:25+00,2026-08-22,2026-08-22,35000,45000,40000.000000000000
5851156060,Digital Delivery Manager,JNCC,it-jobs,permanent,part_time,,2026-08-21 16:31:33+00,2026-08-22,2026-08-22,41525,41525,41525.000000000000
5850921935,Senior AI Software Engineer,Hackajob Ltd,it-jobs,,full_time,London,2026-08-21 11:39:18+00,2026-08-22,2026-08-22,100000,100000,100000.000000000000
5850920225,AI Engineer - Workday Products,Hackajob Ltd,it-jobs,contract,full_time,North West England,2026-08-21 11:39:03+00,2026-08-22,2026-08-22,55000,55000,55000.000000000000
5850920120,Lead Data Engineer,Look Thru,it-jobs,contract,full_time,Yorkshire And The Humber,2026-08-21 11:39:02+00,2026-08-22,2026-08-22,50000,60000,55000.000000000000
5850892055,Data Engineer - Gloucester,Searchability  Ltd,it-jobs,permanent,full_time,South West England,2026-08-21 11:33:28+00,2026-08-22,2026-08-22,50000,70000,60000.000000000000
5850769617,Senior Data Engineer,Anson Mccade,it-jobs,permanent,,North East England,2026-08-21 09:37:37+00,2026-08-22,2026-08-22,65000,65000,65000.000000000000
5850768673,Senior AI Engineer - Perm - London,INFUSED SOLUTIONS LIMITED,it-jobs,permanent,,London,2026-08-21 09:36:48+00,2026-08-22,2026-08-22,75000,75000,75000.000000000000
5850767516,Technical Lead,Anson Mccade,it-jobs,permanent,,London,2026-08-21 09:35:53+00,2026-08-22,2026-08-22,95000,95000,95000.000000000000
5850512718,Data Engineer Level I,DWP Digital,it-jobs,permanent,,North West England,2026-08-21 05:35:44+00,2026-08-22,2026-08-22,35000,35000,35000.000000000000
5851149146,Software Engineer,Axle Energy,engineering-jobs,,full_time,London,2026-08-21 16:23:26+00,2026-08-22,2026-08-22,75000,200000,137500.000000000000
5851410392,"Chief Analytical Officer (harm theory, risk)",Morgan Hunt Recruitment,it-jobs,contract,,London,2026-08-21 19:13:35+00,2026-08-22,2026-08-22,208000,338000,273000.000000000000
5851323260,Supply Chain Scientist,Entech Technical Solutions Limited,it-jobs,contract,,East Midlands,2026-08-21 17:05:36+00,2026-08-22,2026-08-22,40000,43000,41500.000000000000
5851167889,Metro Procurement Leader,Microsoft,it-jobs,contract,full_time,London,2026-08-21 16:38:23+00,2026-08-22,2026-08-22,70300,133900,102100.000000000000
5851156798,Retention CRM Manager (12 Month Parental Leave Cover),Runna,it-jobs,contract,,London,2026-08-21 16:32:17+00,2026-08-22,2026-08-22,55250,65000,60125.000000000000
5851148534,Technical Deployment Lead,Anthropic,it-jobs,,,London,2026-08-21 16:23:01+00,2026-08-22,2026-08-22,165000,230000,197500.000000000000
5851142864,Chief AI Engineer,Lloyds Bank,it-jobs,,full_time,London,2026-08-21 16:17:39+00,2026-08-22,2026-08-22,137848,172310,155079.000000000000
5851142441,"Applied AI Architect, Industries",Anthropic,it-jobs,,,London,2026-08-21 16:17:09+00,2026-08-22,2026-08-22,165000,190000,177500.000000000000
5851142084,Data Science,Axle Energy,it-jobs,,full_time,London,2026-08-21 16:16:43+00,2026-08-22,2026-08-22,75000,200000,137500.000000000000
5851072429,Senior Python Software Engineer,SoCode Limited,it-jobs,,full_time,London,2026-08-21 15:04:50+00,2026-08-22,2026-08-22,80000,100000,90000.000000000000
5851148574,Forward Deployed Engineer,Rowden,it-jobs,,full_time,South West England,2026-08-21 16:23:03+00,2026-08-22,2026-08-22,60000,85000,72500.000000000000
5851072251,Data Scientist,Seismic Recruitment,it-jobs,contract,,East Midlands,2026-08-21 15:04:18+00,2026-08-22,2026-08-22,46924,64251,55587.500000000000
5850920982,Senior AWS Data Platform Engineer - Eastwood,Microlise,it-jobs,contract,,East Midlands,2026-08-21 11:39:11+00,2026-08-22,2026-08-22,20000,60000,40000.000000000000
5850892044,Data Science Lead,Searchability  Ltd,it-jobs,permanent,full_time,South West England,2026-08-21 11:33:28+00,2026-08-22,2026-08-22,75000,95000,85000.000000000000
5850768474,Data Cabling Engineer,On-Site Recruitment Limited,trade-construction-jobs,contract,,South East England,2026-08-21 09:36:44+00,2026-08-22,2026-08-22,57200,57200,57200.000000000000
5850919857,Snowflake Data Architect,Adecco,it-jobs,,full_time,London,2026-08-21 11:38:59+00,2026-08-22,2026-08-22,80000,90000,85000.000000000000
5851146388,Land and Origination Lead (GB),Field,sales-jobs,contract,full_time,,2026-08-21 16:21:10+00,2026-08-22,2026-08-22,85000,105000,95000.000000000000
5851142090,Regional Commercial & Procurement Lead,Field,engineering-jobs,contract,full_time,London,2026-08-21 16:16:43+00,2026-08-22,2026-08-22,80000,100000,90000.000000000000
5851007745,Applied Scientist (AI & Machine Learning),I3 Resourcing Limited,it-jobs,,,London,2026-08-21 13:28:54+00,2026-08-22,2026-08-22,100000,100000,100000.000000000000
5850921808,IT Analyst,Defence,it-jobs,contract,full_time,South West England,2026-08-21 11:39:18+00,2026-08-22,2026-08-22,45000,65000,55000.000000000000
5850919816,Senior Machine Learning Engineer Python AWS,Client Server,it-jobs,,full_time,Eastern England,2026-08-21 11:38:58+00,2026-08-22,2026-08-22,100000,100000,100000.000000000000
5850892022,AI Software Engineer - eDV Cleared,Searchability  Ltd,it-jobs,permanent,full_time,London,2026-08-21 11:33:28+00,2026-08-22,2026-08-22,65000,100000,82500.000000000000
5850353789,Application Support Consultant UK,Executive Integrity,it-jobs,permanent,full_time,,2026-08-21 02:47:59+00,2026-08-21,2026-08-22,35000,45000,40000.000000000000
5850294414,Head of Data and Insight,Edinburgh Napier University,it-jobs,permanent,,Scotland,2026-08-21 01:37:18+00,2026-08-22,2026-08-22,65000,65000,65000.000000000000
5850768660,Lead Solution Architect - Data Analytics,Inspire People,it-jobs,permanent,,Yorkshire And The Humber,2026-08-21 09:36:47+00,2026-08-22,2026-08-22,80000,80000,80000.000000000000
5850892052,Data Scientist / AI Engineer,Searchability  Ltd,it-jobs,permanent,full_time,South West England,2026-08-21 11:33:28+00,2026-08-22,2026-08-22,45000,95000,70000.000000000000
5850139286,Contract Analytics Engineer Role - Fully Remote - £650/pd,Tenth Revolution Group,it-jobs,contract,,London,2026-08-20 23:10:21+00,2026-08-21,2026-08-22,169000,169000,169000.000000000000
5849945313,Data Engineer,DWP Digital,it-jobs,permanent,,North East England,2026-08-20 21:35:45+00,2026-08-21,2026-08-22,50000,50000,50000.000000000000
5849932379,Senior Data Engineer / Power BI Developer,Square One Resources,it-jobs,contract,full_time,London,2026-08-20 21:06:44+00,2026-08-21,2026-08-22,89700,94640,92170.000000000000
5849928855,Contact Channel CX Lead,Pertemps Thames Water,it-jobs,,full_time,South East England,2026-08-20 21:02:32+00,2026-08-21,2026-08-22,62650,70000,66325.000000000000
5849894436,"Business Development Manager - Korea, Taiwan & Asia Pacific",Zero Surplus,sales-jobs,contract,full_time,Eastern England,2026-08-20 19:06:17+00,2026-08-21,2026-08-22,45000,55000,50000.000000000000
5849894439,"Business Development Manager - Korea, Taiwan & Asia Pacific",Zero Surplus,sales-jobs,contract,full_time,London,2026-08-20 19:06:17+00,2026-08-21,2026-08-22,45000,55000,50000.000000000000
5852159516,Material Planner Coordinator,Brook Street,logistics-warehouse-jobs,permanent,full_time,North West England,2026-08-22 07:16:56+00,2026-08-22,2026-08-22,30000,30000,30000.000000000000
5852146410,Benefits Realisation Lead - Temporary (up to 24 months),RNLI,it-jobs,contract,full_time,South West England,2026-08-22 06:51:25+00,2026-08-22,2026-08-22,50544,59464,55004.000000000000
5852146408,Business Analyst (PMO) x 2 - Temporary (up to 12 months),RNLI,it-jobs,contract,full_time,South West England,2026-08-22 06:51:24+00,2026-08-22,2026-08-22,42479,49976,46227.500000000000
5852109389,Mechanical Engineering Lecturer,Rise Technical Recruitment,teaching-jobs,permanent,full_time,North West England,2026-08-22 06:25:49+00,2026-08-22,2026-08-22,38000,42000,40000.000000000000
5852102591,Assistant Finance Manager- NEC,Levy UK,accounting-finance-jobs,contract,full_time,West Midlands,2026-08-22 06:02:10+00,2026-08-22,2026-08-22,45000,45000,45000.000000000000
5852102598,Merchandising Assistant - Levy Merchandising,Levy UK,retail-jobs,,,North West England,2026-08-22 06:02:10+00,2026-08-22,2026-08-22,32000,32000,32000.000000000000
5852096632,Azure Infrastructure Engineer (12 month Fixed Term Contract),DGH Recruitment,it-jobs,permanent,,London,2026-08-22 05:37:37+00,2026-08-22,2026-08-22,75000,75000,75000.000000000000
5852096532,Pre Construction Estimator,Hays,trade-construction-jobs,permanent,full_time,Scotland,2026-08-22 05:37:19+00,2026-08-22,2026-08-22,65000,65000,65000.000000000000
5852096423,Senior Software Engineer,Bright Purple Resourcing,it-jobs,permanent,,Scotland,2026-08-22 05:37:00+00,2026-08-22,2026-08-22,80000,80000,80000.000000000000
5852095651,"Manager, Product Marketing",Hackajob Ltd,pr-advertising-marketing-jobs,,,London,2026-08-22 05:32:58+00,2026-08-22,2026-08-22,100000,100000,100000.000000000000
5852095339,Presales Consultant,Hackajob Ltd,sales-jobs,,,London,2026-08-22 05:32:45+00,2026-08-22,2026-08-22,90000,90000,90000.000000000000
5852095067,NSL - Business Analyst,Hackajob Ltd,it-jobs,,part_time,North West England,2026-08-22 05:32:34+00,2026-08-22,2026-08-22,65000,65000,65000.000000000000
5852095068,Senior Business Analyst,Hackajob Ltd,it-jobs,,,London,2026-08-22 05:32:34+00,2026-08-22,2026-08-22,85000,85000,85000.000000000000
5852094902,Accounts Receivables Coordinator,Walker Hamill,accounting-finance-jobs,contract,,London,2026-08-22 05:32:30+00,2026-08-22,2026-08-22,40000,40000,40000.000000000000
5852094612,Test Engineer,Hackajob Ltd,it-jobs,contract,,South West England,2026-08-22 05:32:27+00,2026-08-22,2026-08-22,70000,70000,70000.000000000000
5852094110,Business Development Director - Insurance,Hackajob Ltd,sales-jobs,,,London,2026-08-22 05:32:00+00,2026-08-22,2026-08-22,100000,100000,100000.000000000000
5852093921,Security Consultant,Hackajob Ltd,it-jobs,,,London,2026-08-22 05:31:31+00,2026-08-22,2026-08-22,100000,100000,100000.000000000000
5851806416,Data Engineer,DWP Digital,it-jobs,permanent,,North West England,2026-08-22 01:38:13+00,2026-08-22,2026-08-22,50000,50000,50000.000000000000
5852093931,Risk and Compliance Manager,RGS Global,legal-jobs,,,London,2026-08-22 05:31:31+00,2026-08-22,2026-08-22,80000,80000,80000.000000000000
5852093912,Preclinical In-Vitro Toxicology Scientist,Hudson Shribman,scientific-qa-jobs,permanent,full_time,London,2026-08-22 05:31:29+00,2026-08-22,2026-08-22,70000,70000,70000.000000000000
5852093896,Accountant,Ashdown Group,accounting-finance-jobs,,,West Midlands,2026-08-22 05:31:26+00,2026-08-22,2026-08-22,35000,35000,35000.000000000000
5852093816,Principal Quality Assurance Engineer,Hackajob Ltd,engineering-jobs,permanent,part_time,Eastern England,2026-08-22 05:31:12+00,2026-08-22,2026-08-22,90000,90000,90000.000000000000
5852093818,Trainee Oracle Cloud Consultant,Hackajob Ltd,it-jobs,contract,,Northern Ireland,2026-08-22 05:31:12+00,2026-08-22,2026-08-22,60000,60000,60000.000000000000
5852093825,Senior Python Full Stack Engineer,Hackajob Ltd,it-jobs,,,Northern Ireland,2026-08-22 05:31:12+00,2026-08-22,2026-08-22,90000,90000,90000.000000000000
5852093829,Senior DevOps Engineer,Hackajob Ltd,it-jobs,,,East Midlands,2026-08-22 05:31:12+00,2026-08-22,2026-08-22,70000,70000,70000.000000000000
5852093831,Cloud Consultant,Response Informatics,it-jobs,contract,,London,2026-08-22 05:31:12+00,2026-08-22,2026-08-22,104000,117000,110500.000000000000
5852093799,Service Delivery Manager,Hackajob Ltd,it-jobs,,,Northern Ireland,2026-08-22 05:31:11+00,2026-08-22,2026-08-22,90000,90000,90000.000000000000
5852093432,Production Planner,Robert Walters,manufacturing-jobs,,,North West England,2026-08-22 05:30:59+00,2026-08-22,2026-08-22,35000,35000,35000.000000000000
5852093077,Inventory Manager,TEAMWORK PARTNERSHIP LTD,logistics-warehouse-jobs,permanent,full_time,West Midlands,2026-08-22 05:30:54+00,2026-08-22,2026-08-22,45000,45000,45000.000000000000
5852093080,Senior Product Manager,Hackajob Ltd,it-jobs,,,London,2026-08-22 05:30:54+00,2026-08-22,2026-08-22,85000,85000,85000.000000000000
5850922753,IT Audit Manager,Sky,it-jobs,,full_time,London,2026-08-21 11:39:26+00,2026-08-22,2026-08-22,45000,66000,55500.000000000000
5852093074,eCommerce Trading Manager - Amazon,Hackajob Ltd,retail-jobs,,,East Midlands,2026-08-22 05:30:54+00,2026-08-22,2026-08-22,50000,50000,50000.000000000000
5852091819,Head of Brand Creative,We Are Fr Group,pr-advertising-marketing-jobs,contract,,Yorkshire And The Humber,2026-08-22 05:30:18+00,2026-08-22,2026-08-22,100000,100000,100000.000000000000
5852091734,Pricing Strategy and Commercial Manager - 6 Month Contract,Morson Edge,it-jobs,contract,,London,2026-08-22 05:30:16+00,2026-08-22,2026-08-22,143000,149500,146250.000000000000
5852091696,Security Consultant,Hackajob Ltd,it-jobs,,,London,2026-08-22 05:30:15+00,2026-08-22,2026-08-22,40000,40000,40000.000000000000
5852091713,Head of Compliance,Hackajob Ltd,accounting-finance-jobs,,,London,2026-08-22 05:30:15+00,2026-08-22,2026-08-22,100000,100000,100000.000000000000
5852091656,Interim FP&A Manager,Walker Hamill,accounting-finance-jobs,contract,,London,2026-08-22 05:30:10+00,2026-08-22,2026-08-22,104000,130000,117000.000000000000
5852091619,Principal Engineer,Hackajob Ltd,it-jobs,,,London,2026-08-22 05:30:01+00,2026-08-22,2026-08-22,85000,85000,85000.000000000000
5852091560,Service Delivery Manager,Hackajob Ltd,it-jobs,,,London,2026-08-22 05:29:53+00,2026-08-22,2026-08-22,90000,90000,90000.000000000000
5852091562,Solution Architect,Hackajob Ltd,it-jobs,,,London,2026-08-22 05:29:53+00,2026-08-22,2026-08-22,100000,100000,100000.000000000000
5852091557,Service Delivery Manager,Hackajob Ltd,it-jobs,,,London,2026-08-22 05:29:53+00,2026-08-22,2026-08-22,100000,100000,100000.000000000000
5852091570,ASPIRE GSC - Service Desk Level 1 Level 2 Analyst - Belfast Based,Hackajob Ltd,it-jobs,,full_time,Northern Ireland,2026-08-22 05:29:53+00,2026-08-22,2026-08-22,45000,45000,45000.000000000000
5852091572,Ruby Developer,Hackajob Ltd,it-jobs,,,London,2026-08-22 05:29:53+00,2026-08-22,2026-08-22,85000,85000,85000.000000000000
5852091577,Azure Cloud and Infrastructure Engineer,Hackajob Ltd,it-jobs,,,London,2026-08-22 05:29:53+00,2026-08-22,2026-08-22,95000,95000,95000.000000000000
5852090592,Operations Assistant - International Supply Chain & Procurement,Recruitment Revolution,admin-jobs,permanent,full_time,South West England,2026-08-22 05:28:57+00,2026-08-22,2026-08-22,30000,30000,30000.000000000000
5852090028,Senior Mechanical Engineer,Morson Edge,engineering-jobs,contract,,North West England,2026-08-22 05:28:35+00,2026-08-22,2026-08-22,123406,123406,123406.000000000000
5852089818,Actuarial Manager (Life Valuations Reporting),Vitality Corporate Services Limited,accounting-finance-jobs,,full_time,London,2026-08-22 05:28:27+00,2026-08-22,2026-08-22,85000,85000,85000.000000000000
5852155564,Operations Manager,UBT,manufacturing-jobs,permanent,full_time,West Midlands,2026-08-22 07:07:16+00,2026-08-22,2026-08-22,50000,60000,55000.000000000000
5850920109,Snowflake Data Architect - Wembley,Adecco,it-jobs,permanent,full_time,London,2026-08-21 11:39:02+00,2026-08-22,2026-08-22,90000,110000,100000.000000000000
5850512724,Data Insights & Business Intelligence Analyst,Alexander Mae  Ltd,it-jobs,,part_time,South West England,2026-08-21 05:35:45+00,2026-08-22,2026-08-22,28000,28000,28000.000000000000
5852089666,Executive Search Consultant Finance Sector,Rule Recruitment,hr-jobs,,,London,2026-08-22 05:28:14+00,2026-08-22,2026-08-22,50000,50000,50000.000000000000
5850892053,Data Scientist,Searchability  Ltd,it-jobs,permanent,full_time,South West England,2026-08-21 11:33:28+00,2026-08-22,2026-08-22,45000,75000,60000.000000000000
5852089662,Treasury Trainee,Hackajob Ltd,accounting-finance-jobs,,,East Midlands,2026-08-22 05:28:14+00,2026-08-22,2026-08-22,30000,30000,30000.000000000000
5852089551,Project Chief Engineer,Hackajob Ltd,it-jobs,permanent,part_time,Eastern England,2026-08-22 05:27:57+00,2026-08-22,2026-08-22,100000,100000,100000.000000000000
5852089520,Process Engineer - CNC Programmer,Probe UK,engineering-jobs,permanent,,West Midlands,2026-08-22 05:27:48+00,2026-08-22,2026-08-22,55000,55000,55000.000000000000
5852089504,Azure Infrastructure Engineer (12 month Fixed Term Contract),DGH Recruitment,it-jobs,contract,,London,2026-08-22 05:27:48+00,2026-08-22,2026-08-22,75000,75000,75000.000000000000
5852087846,Senior Digital Marketing Manager,Missing People,pr-advertising-marketing-jobs,permanent,full_time,London,2026-08-22 05:26:49+00,2026-08-22,2026-08-22,45000,45000,45000.000000000000
5852087378,Investment Executive,Development Bank of Wales,accounting-finance-jobs,permanent,full_time,Wales,2026-08-22 05:26:36+00,2026-08-22,2026-08-22,35000,35000,35000.000000000000
5851960628,Performance Analyst,Hereford & Worcester Fire and Rescue Service,admin-jobs,permanent,full_time,West Midlands,2026-08-22 04:29:00+00,2026-08-22,2026-08-22,37280,39152,38216.000000000000
5851960623,Project Manager,West Midlands Combined Authority ,it-jobs,contract,part_time,,2026-08-22 04:29:00+00,2026-08-22,2026-08-22,49464,54979,52221.500000000000
5851960642,Assistant Team Manager- Mental Health,City of Wolverhampton Council,social-work-jobs,contract,full_time,West Midlands,2026-08-22 04:29:00+00,2026-08-22,2026-08-22,52413,56730,54571.500000000000
5852093813,Developer,Hackajob Ltd,it-jobs,,,Yorkshire And The Humber,2026-08-22 05:31:12+00,2026-08-22,2026-08-22,45000,45000,45000.000000000000
5852093824,Test Engineer - Java Net,Hackajob Ltd,it-jobs,,,London,2026-08-22 05:31:12+00,2026-08-22,2026-08-22,70000,70000,70000.000000000000
5851960634,Apprentice - Procurement and Supply Chain Practitioner,West Midlands Combined Authority ,admin-jobs,,part_time,,2026-08-22 04:29:00+00,2026-08-22,2026-08-22,27698,30661,29179.500000000000
5851960621,Social Worker - Front Door - MASH Team,Dudley Metropolitan Borough Council,social-work-jobs,,full_time,,2026-08-22 04:29:00+00,2026-08-22,2026-08-22,39152,46142,42647.000000000000
5850968017,Performance Reporting Business Partner,Pinnacle Group,it-jobs,,,London,2026-08-21 12:38:46+00,2026-08-22,2026-08-23,45000,,
5850513013,Business Systems Analyst,Xist4 IT,it-jobs,permanent,,South West England,2026-08-21 05:36:18+00,2026-08-23,2026-08-23,55000,55000,55000.000000000000
5850455377,Data Analyst Apprentice,info@postify.co.uk,it-jobs,,,Eastern England,2026-08-21 04:23:50+00,2026-08-21,2026-08-23,25800,25800,25800.000000000000
5850148352,Data Analyst,Harnham - Data & Analytics Recruitment,it-jobs,contract,,London,2026-08-20 23:11:33+00,2026-08-21,2026-08-23,91000,104000,97500.000000000000
5849943245,Data Analyst,Experis,it-jobs,,,South East England,2026-08-20 21:28:56+00,2026-08-21,2026-08-23,35000,35000,35000.000000000000
5849943219,Data Analyst Apprentice,Back 2 Work,it-jobs,,,Eastern England,2026-08-20 21:28:51+00,2026-08-21,2026-08-23,24000,24000,24000.000000000000
5849943178,Data Analyst Apprentice,Back 2 Work,it-jobs,,,North West England,2026-08-20 21:28:51+00,2026-08-21,2026-08-23,26000,26000,26000.000000000000
5849907884,Data Analyst - SAP Success Factors,Pertemps,it-jobs,contract,full_time,South East England,2026-08-20 20:33:34+00,2026-08-21,2026-08-23,104000,104000,104000.000000000000
5849890633,Energy Analytics Engineer,Veolia,it-jobs,,full_time,London,2026-08-20 18:57:03+00,2026-08-21,2026-08-23,40000,40000,40000.000000000000
5849888644,Business Systems Support,XIST4 IT Recruitment Ltd,it-jobs,,full_time,South West England,2026-08-20 18:52:47+00,2026-08-21,2026-08-23,50000,55000,52500.000000000000
5852365951,Senior AI Engineer,INFUSED SOLUTIONS LIMITED,it-jobs,permanent,full_time,South East England,2026-08-22 11:39:40+00,2026-08-23,2026-08-23,75000,75000,75000.000000000000
5852365317,Lead Cloud Data Engineer,StepChange Debt Charity,it-jobs,,full_time,Yorkshire And The Humber,2026-08-22 11:39:34+00,2026-08-23,2026-08-23,66000,106000,86000.000000000000
5852362951,Data Engineer,Redhorse International,it-jobs,,full_time,London,2026-08-22 11:39:16+00,2026-08-23,2026-08-23,51355,106847,79101.000000000000
5852362784,Data Engineer (SC Cleared),IO Associates,it-jobs,,full_time,London,2026-08-22 11:39:15+00,2026-08-23,2026-08-23,65000,65000,65000.000000000000
5852362803,Lead Solution Architect - Data Analytics,Inspire People,it-jobs,contract,full_time,Yorkshire And The Humber,2026-08-22 11:39:15+00,2026-08-23,2026-08-23,62000,102000,82000.000000000000
5852253887,Data Cabling Engineer,On-Site Recruitment Limited,trade-construction-jobs,contract,,South East England,2026-08-22 09:39:05+00,2026-08-23,2026-08-23,57200,57200,57200.000000000000
5852366024,Senior Data & Analytics Engineer,Hackajob Ltd,it-jobs,,full_time,London,2026-08-22 11:39:41+00,2026-08-23,2026-08-23,85000,85000,85000.000000000000
5852366041,Senior Product Analyst,Hackajob Ltd,it-jobs,permanent,full_time,Yorkshire And The Humber,2026-08-22 11:39:41+00,2026-08-23,2026-08-23,80000,80000,80000.000000000000
5852253659,Technical Consultant,Hackajob Ltd,it-jobs,permanent,,South East England,2026-08-22 09:38:56+00,2026-08-23,2026-08-23,90000,90000,90000.000000000000
5852253629,Systems Engineer - Data Engineering,Hackajob Ltd,it-jobs,permanent,part_time,Scotland,2026-08-22 09:38:55+00,2026-08-23,2026-08-23,75000,75000,75000.000000000000
5852120544,Contract Databricks Data Engineer,Tenth Revolution Group,it-jobs,contract,,London,2026-08-22 06:38:10+00,2026-08-23,2026-08-23,104000,104000,104000.000000000000
5852096708,SC Cleared Data Engineer,IO Associates,it-jobs,contract,,Scotland,2026-08-22 05:37:49+00,2026-08-22,2026-08-23,130000,143000,136500.000000000000
5852096424,Palantir Developer,Experis,it-jobs,permanent,,,2026-08-22 05:37:00+00,2026-08-22,2026-08-23,60000,60000,60000.000000000000
5852093933,Data Engineer,Hackajob Ltd,it-jobs,,,London,2026-08-22 05:31:31+00,2026-08-22,2026-08-23,60000,60000,60000.000000000000
5852091727,Senior Data Engineer,Hackajob Ltd,it-jobs,,,London,2026-08-22 05:30:16+00,2026-08-22,2026-08-23,80000,80000,80000.000000000000
5852084494,SC Cleared Data Engineer,IO Associates,it-jobs,contract,,Scotland,2026-08-22 05:24:08+00,2026-08-22,2026-08-23,130000,143000,136500.000000000000
5851866543,Lead Solution Data Architect in ARCHITECTURE,The Bank of England,it-jobs,permanent,full_time,London,2026-08-22 03:05:30+00,2026-08-22,2026-08-23,80320,90360,85340.000000000000
5851843894,Senior Data Engineer,Trust in SODA,it-jobs,contract,full_time,London,2026-08-22 02:50:13+00,2026-08-22,2026-08-23,104000,117000,110500.000000000000
5851435965,Adobe Experience Platform Architect,Sanderson Recruitment,it-jobs,permanent,,London,2026-08-21 21:37:06+00,2026-08-22,2026-08-23,130000,130260,130130.000000000000
5851435331,Java Developer - Security & Intelligence,Hackajob Ltd,it-jobs,,,South West England,2026-08-21 21:30:14+00,2026-08-22,2026-08-23,95000,95000,95000.000000000000
5851410941,Lead Data Engineer,Harnham - Data & Analytics Recruitment,it-jobs,permanent,full_time,London,2026-08-21 19:16:36+00,2026-08-22,2026-08-23,85000,90000,87500.000000000000
5851410446,Lead Analyst,Harnham - Data & Analytics Recruitment,consultancy-jobs,permanent,full_time,London,2026-08-21 19:13:58+00,2026-08-22,2026-08-23,75000,85000,80000.000000000000
5851410441,Power Bi Developer,Nigel Wright Group,it-jobs,permanent,full_time,West Midlands,2026-08-21 19:13:55+00,2026-08-22,2026-08-23,40000,45000,42500.000000000000
5851405600,Sustainability Data & Carbon Analyst,Goodman Masson,consultancy-jobs,permanent,full_time,Yorkshire And The Humber,2026-08-21 18:59:30+00,2026-08-22,2026-08-23,29978,33415,31696.500000000000
5851404837,Senior Data Engineer,Harnham - Data & Analytics Recruitment,it-jobs,permanent,full_time,London,2026-08-21 18:57:46+00,2026-08-22,2026-08-23,90000,100000,95000.000000000000
5851401843,Product Delivery Manager (Data),Warner Hotels,it-jobs,,,Eastern England,2026-08-21 18:53:51+00,2026-08-22,2026-08-23,60000,60000,60000.000000000000
5852586846,Senior Lead Data & AI Scientist,Lloyds Bank,it-jobs,,full_time,,2026-08-22 16:28:08+00,2026-08-23,2026-08-23,92701,108000,100350.500000000000
5852575937,Director Product Management,Elsevier,it-jobs,,full_time,London,2026-08-22 16:16:23+00,2026-08-23,2026-08-23,110500,184000,147250.000000000000
5852575064,Regulatory Reporting Manager,Monzo,it-jobs,contract,,London,2026-08-22 16:15:18+00,2026-08-23,2026-08-23,70600,83000,76800.000000000000
5852366026,Change Management Lead,Hackajob Ltd,it-jobs,permanent,full_time,Yorkshire And The Humber,2026-08-22 11:39:41+00,2026-08-23,2026-08-23,95000,95000,95000.000000000000
5852362917,Software Developer,B-hive Innovations,it-jobs,contract,full_time,East Midlands,2026-08-22 11:39:16+00,2026-08-23,2026-08-23,45000,55000,50000.000000000000
5852362781,Quantitative Analyst,Spectrum It Recruitment Limited,it-jobs,,full_time,London,2026-08-22 11:39:15+00,2026-08-23,2026-08-23,100000,100000,100000.000000000000
5852577387,Distribution Data & Insight Analyst,John Lewis,it-jobs,permanent,full_time,South East England,2026-08-22 16:18:04+00,2026-08-23,2026-08-23,53000,78000,65500.000000000000
5852366019,Data Science Team Leader,Hackajob Ltd,it-jobs,,full_time,Yorkshire And The Humber,2026-08-22 11:39:41+00,2026-08-23,2026-08-23,100000,100000,100000.000000000000
5852366059,Assistant Director - Product Manager,Hackajob Ltd,it-jobs,,full_time,Yorkshire And The Humber,2026-08-22 11:39:41+00,2026-08-23,2026-08-23,100000,100000,100000.000000000000
5852254231,Graduate Operations Executive,Hackajob Ltd,graduate-jobs,permanent,,South East England,2026-08-22 09:39:24+00,2026-08-23,2026-08-23,30000,30000,30000.000000000000
5852092521,Graduate Operations Executive,Hackajob Ltd,graduate-jobs,,,South East England,2026-08-22 05:30:34+00,2026-08-22,2026-08-23,30000,30000,30000.000000000000
5852483463,Java Engineer with AI,Hackajob Ltd,it-jobs,,,London,2026-08-22 13:28:56+00,2026-08-23,2026-08-23,80000,80000,80000.000000000000
5851143990,Commissioning Officer - Age Well,Borough of Waltham Forest,social-work-jobs,contract,full_time,London,2026-08-21 16:18:54+00,2026-08-22,2026-08-23,49056,52194,50625.000000000000
5851080183,BI Analyst,Riverside Group,it-jobs,permanent,full_time,North West England,2026-08-21 15:15:16+00,2026-08-22,2026-08-23,43123,47499,45311.000000000000
5851016025,Graduate Business Intelligence Analyst,Focus Group,graduate-jobs,,full_time,South East England,2026-08-21 13:40:34+00,2026-08-22,2026-08-23,27000,28000,27500.000000000000
5850930293,Business Development Associate,DCBL,sales-jobs,permanent,full_time,North West England,2026-08-21 11:42:50+00,2026-08-22,2026-08-23,35000,35000,35000.000000000000
5850922904,Junior Software Engineer - Full Stack,Sedulo,engineering-jobs,,full_time,Yorkshire And The Humber,2026-08-21 11:39:27+00,2026-08-22,2026-08-23,26000,30000,28000.000000000000
5850920152,MS SQL Database Administrator,The Alternative Parcels Co Ltd,it-jobs,,full_time,West Midlands,2026-08-21 11:39:02+00,2026-08-22,2026-08-23,45000,60000,52500.000000000000
5850906319,"Data, Systems and Insights Specialist",Maltby Learning Trust,it-jobs,,,Yorkshire And The Humber,2026-08-21 11:36:02+00,2026-08-22,2026-08-23,39152,41771,40461.500000000000
5850892057,Lead Data Engineer,Searchability  Ltd,it-jobs,permanent,full_time,South West England,2026-08-21 11:33:28+00,2026-08-22,2026-08-23,65000,85000,75000.000000000000
5853398547,Planning Assistant,GXO Logistics,logistics-warehouse-jobs,permanent,full_time,East Midlands,2026-08-23 07:07:37+00,2026-08-23,2026-08-23,26436,26436,26436.000000000000
5853355023,Management Accountant,Prodigi Group,accounting-finance-jobs,permanent,full_time,South East England,2026-08-23 06:42:13+00,2026-08-23,2026-08-23,58000,68000,63000.000000000000
5853326911,Safety Engineer SME - Contract,IO Associates,engineering-jobs,contract,,South West England,2026-08-23 05:39:20+00,2026-08-23,2026-08-23,136500,156000,146250.000000000000
5853324395,Accounts Manager,Redmore Recruitment Limited,accounting-finance-jobs,permanent,full_time,Wales,2026-08-23 05:29:20+00,2026-08-23,2026-08-23,40000,40000,40000.000000000000
5853304382,Compliance Administrator,Compass Group UK,accounting-finance-jobs,,,South West England,2026-08-23 05:19:01+00,2026-08-23,2026-08-23,29536,29536,29536.000000000000
5853202073,Cost Accountant,Reed,accounting-finance-jobs,permanent,full_time,Yorkshire And The Humber,2026-08-23 03:11:28+00,2026-08-23,2026-08-23,35000,45000,40000.000000000000
5853180169,Stage 2 & Housing Ombudsman Leads,Service Care Solutions,social-work-jobs,contract,full_time,London,2026-08-23 02:48:20+00,2026-08-23,2026-08-23,76107,76107,76107.000000000000
5853180322,Non Household Operability Manager,Recruiter,it-jobs,permanent,full_time,South East England,2026-08-23 02:48:20+00,2026-08-23,2026-08-23,52000,52000,52000.000000000000
5853180312,Payroll Officer,Service Care Solutions,accounting-finance-jobs,contract,full_time,East Midlands,2026-08-23 02:48:20+00,2026-08-23,2026-08-23,33612,41516,37564.000000000000
5853180088,Civil Litigation Solicitor,ENL,legal-jobs,permanent,full_time,North West England,2026-08-23 02:48:19+00,2026-08-23,2026-08-23,35000,55000,45000.000000000000
5853180056,Training and Competencey Supervisor,Broadgate Search,accounting-finance-jobs,permanent,full_time,,2026-08-23 02:48:19+00,2026-08-23,2026-08-23,45000,60000,52500.000000000000
5853179810,Senior Asset Management,n/a,property-jobs,permanent,full_time,Eastern England,2026-08-23 02:48:17+00,2026-08-23,2026-08-23,56195,56195,56195.000000000000
5852366066,Informatica Engineer,Hackajob Ltd,it-jobs,,full_time,North West England,2026-08-22 11:39:41+00,2026-08-23,2026-08-23,90000,90000,90000.000000000000
5853180180,HR Systems & Reporting Co ordinator,Service Care Solutions,hr-jobs,contract,full_time,North West England,2026-08-23 02:48:20+00,2026-08-23,2026-08-23,40482,40482,40482.000000000000
5852253603,Senior Oracle PPM Cloud Functional Consultant,Hackajob Ltd,it-jobs,permanent,,London,2026-08-22 09:38:54+00,2026-08-23,2026-08-23,100000,100000,100000.000000000000
5853571806,Salesforce Application and Analytics Manager,TXP,it-jobs,contract,full_time,London,2026-08-23 11:39:52+00,2026-08-24,2026-08-24,140400,140400,140400.000000000000
5851408669,AI & Data Apprenticeship Delivery Manager,Pertemps Specialist Talent Solutions,it-jobs,permanent,full_time,,2026-08-21 19:04:59+00,2026-08-22,2026-08-24,60000,80000,70000.000000000000
5851405209,Data Analyst,Harnham - Data & Analytics Recruitment,it-jobs,permanent,full_time,London,2026-08-21 18:58:43+00,2026-08-22,2026-08-24,70000,75000,72500.000000000000
5851404974,Quantitative Analyst,Spectrum IT Recruitment,it-jobs,,full_time,South East England,2026-08-21 18:58:05+00,2026-08-22,2026-08-24,65000,75000,70000.000000000000
5851404975,Application & Analytics Manager (Salesforce / Power BI),Parity Network,it-jobs,contract,,South East England,2026-08-21 18:58:05+00,2026-08-22,2026-08-24,143000,143000,143000.000000000000
5851404972,Data Analyst,V7 Recruitment,it-jobs,,full_time,North West England,2026-08-21 18:58:05+00,2026-08-22,2026-08-24,29000,30000,29500.000000000000
5851404863,Data Analyst,V7 Recruitment,it-jobs,,full_time,North West England,2026-08-21 18:57:51+00,2026-08-22,2026-08-24,29000,30000,29500.000000000000
5851404828,Data Analyst,Artis Recruitment,it-jobs,permanent,full_time,South West England,2026-08-21 18:57:45+00,2026-08-22,2026-08-24,28000,35000,31500.000000000000
5851401828,Salesforce Application and Analytics Manager,TXP Technology x People,it-jobs,contract,,London,2026-08-21 18:53:49+00,2026-08-22,2026-08-24,141960,141960,141960.000000000000
5851120378,Data Analyst with SQL Server SSIS and Network Engineer (IT),Nexus Jobs Limited,it-jobs,permanent,,London,2026-08-21 15:57:09+00,2026-08-22,2026-08-24,75000,75000,75000.000000000000
5851080215,Data Analyst,Outsource UK,it-jobs,contract,,East Midlands,2026-08-21 15:15:18+00,2026-08-22,2026-08-24,58240,64480,61360.000000000000
5851069125,Data Analyst - 12m Fixed Term Contract,Safran Engineering Services UK Limited,engineering-jobs,contract,,South East England,2026-08-21 14:54:14+00,2026-08-22,2026-08-24,35000,45000,40000.000000000000
5851404208,Graduate Group Data Analyst,Agility,graduate-jobs,permanent,full_time,North West England,2026-08-21 18:56:44+00,2026-08-22,2026-08-24,27000,30000,28500.000000000000
5851410913,AI & Data Apprenticeship Delivery Manager,Pertemps Specialist Division,it-jobs,permanent,full_time,South West England,2026-08-21 19:16:17+00,2026-08-22,2026-08-24,60000,80000,70000.000000000000
5853571844,Systems Engineer - Data Engineering,Hackajob Ltd,it-jobs,,full_time,London,2026-08-23 11:39:53+00,2026-08-24,2026-08-24,75000,75000,75000.000000000000
5853571852,Technical Consultant,Hackajob Ltd,it-jobs,,full_time,North West England,2026-08-23 11:39:53+00,2026-08-24,2026-08-24,90000,90000,90000.000000000000
5853571816,Lead Technical Product Owner,Sky,it-jobs,,full_time,London,2026-08-23 11:39:52+00,2026-08-24,2026-08-24,45000,66000,55500.000000000000
5853468486,Technical Consultant,Hackajob Ltd,it-jobs,permanent,,South East England,2026-08-23 09:39:40+00,2026-08-24,2026-08-24,90000,90000,90000.000000000000
5853326722,Cloud Engineer,IO Associates,it-jobs,contract,,North West England,2026-08-23 05:38:36+00,2026-08-24,2026-08-24,130000,136500,133250.000000000000
5852741756,Senior Data Engineer,Anson Mccade,it-jobs,permanent,,North East England,2026-08-22 17:42:10+00,2026-08-23,2026-08-24,65000,65000,65000.000000000000
5852590604,Machine Learning Engineer (All Levels),Rowden,engineering-jobs,,full_time,South West England,2026-08-22 16:32:04+00,2026-08-23,2026-08-24,50000,95000,72500.000000000000
5852582086,AI Software Engineer,Virtuoso,it-jobs,,full_time,South East England,2026-08-22 16:23:21+00,2026-08-23,2026-08-24,45000,55000,50000.000000000000
5852578733,Business Analyst,Clear Business,it-jobs,permanent,full_time,North West England,2026-08-22 16:19:30+00,2026-08-23,2026-08-24,37000,46300,41650.000000000000
5852482852,Systems Engineer - Data Engineering,Hackajob Ltd,it-jobs,permanent,part_time,Scotland,2026-08-22 13:27:16+00,2026-08-23,2026-08-24,75000,75000,75000.000000000000
5852482850,Technical Consultant,Hackajob Ltd,it-jobs,,,South East England,2026-08-22 13:27:16+00,2026-08-23,2026-08-24,90000,90000,90000.000000000000
5852366001,Senior Analytics Engineer,Tenth Revolution Group,it-jobs,contract,full_time,London,2026-08-22 11:39:41+00,2026-08-23,2026-08-24,30000,60000,45000.000000000000
5852366021,Software Engineer III - Cloud Data Platform,Hackajob Ltd,it-jobs,,full_time,London,2026-08-22 11:39:41+00,2026-08-23,2026-08-24,100000,100000,100000.000000000000
5852366076,Data Architect,Hackajob Ltd,it-jobs,,full_time,Yorkshire And The Humber,2026-08-22 11:39:41+00,2026-08-23,2026-08-24,90000,90000,90000.000000000000
5852366037,Data Engineer - Security & Intelligence,Hackajob Ltd,it-jobs,,full_time,London,2026-08-22 11:39:41+00,2026-08-23,2026-08-24,85000,85000,85000.000000000000
5852366094,Lead Data Scientist - AI,Hackajob Ltd,it-jobs,,full_time,London,2026-08-22 11:39:41+00,2026-08-23,2026-08-24,75000,75000,75000.000000000000
5852366016,Data Engineer,Hackajob Ltd,it-jobs,,full_time,Yorkshire And The Humber,2026-08-22 11:39:41+00,2026-08-23,2026-08-24,65000,65000,65000.000000000000
5853709509,"Safety & Security Counsel, EMEA",Anthropic,it-jobs,,,London,2026-08-23 16:29:39+00,2026-08-24,2026-08-24,165000,205000,185000.000000000000
5853628701,Java Engineer with AI,Hackajob Ltd,it-jobs,permanent,,London,2026-08-23 13:39:27+00,2026-08-24,2026-08-24,80000,80000,80000.000000000000
5853469076,Strategic Pricing Actuary,High Finance  Limited,accounting-finance-jobs,permanent,,London,2026-08-23 09:40:24+00,2026-08-24,2026-08-24,100000,100000,100000.000000000000
5852592323,Financial Wellbeing Machine Learning and AI Lead Engineer,Lloyds Bank,it-jobs,,full_time,,2026-08-22 16:33:47+00,2026-08-23,2026-08-24,92701,108000,100350.500000000000
5852591588,AI Evaluation Engineer PSAI Tech - Central Government,Spinwell Global,it-jobs,contract,,London,2026-08-22 16:32:59+00,2026-08-23,2026-08-24,182000,195000,188500.000000000000
5853571861,Senior Lead Developer - Databricks Data Factory SQL,Hackajob Ltd,it-jobs,,full_time,London,2026-08-23 11:39:53+00,2026-08-24,2026-08-24,65000,65000,65000.000000000000
5852253642,Senior Oracle SCM Cloud Functional Consultant,Hackajob Ltd,it-jobs,permanent,,London,2026-08-22 09:38:56+00,2026-08-23,2026-08-24,100000,100000,100000.000000000000
5852253613,Senior Oracle SCM Cloud Functional Consultant,Hackajob Ltd,it-jobs,permanent,,London,2026-08-22 09:38:55+00,2026-08-23,2026-08-24,90000,90000,90000.000000000000
5852253597,Senior Lead Developer - DataBricks Data Factory SQL,Hackajob Ltd,it-jobs,permanent,,East Midlands,2026-08-22 09:38:51+00,2026-08-23,2026-08-24,65000,65000,65000.000000000000
5851427427,Delegate Sales Executive,This Is Prime,sales-jobs,permanent,full_time,London,2026-08-21 21:07:25+00,2026-08-22,2026-08-24,27000,35000,31000.000000000000
5851414226,Contact Channel CX Lead,Pertemps,it-jobs,permanent,full_time,South East England,2026-08-21 20:15:57+00,2026-08-22,2026-08-24,62650,70000,66325.000000000000
5851407240,Financial Controller,Fawkes & Reece London,accounting-finance-jobs,,full_time,North West England,2026-08-21 19:01:58+00,2026-08-22,2026-08-24,55000,65000,60000.000000000000
5851405299,Finance Business Partner,Robert Walters,accounting-finance-jobs,permanent,full_time,East Midlands,2026-08-21 18:58:53+00,2026-08-22,2026-08-24,65000,70000,67500.000000000000
5851404903,Interim Finance Director,Reed,it-jobs,permanent,,South East England,2026-08-21 18:57:59+00,2026-08-22,2026-08-24,130000,130000,130000.000000000000
5851403776,Market Research Coordinator,Elevation Recruitment Group,sales-jobs,permanent,full_time,,2026-08-21 18:55:54+00,2026-08-22,2026-08-24,30000,30000,30000.000000000000
5851148351,Commissioning Officer - Live Well,Borough of Waltham Forest,consultancy-jobs,contract,full_time,London,2026-08-21 16:22:53+00,2026-08-22,2026-08-24,49056,52194,50625.000000000000
5851147603,"Account Executive, International",Solink,sales-jobs,permanent,full_time,London,2026-08-21 16:22:15+00,2026-08-22,2026-08-24,138000,148320,143160.000000000000
5854218273,Purchasing Manager,UBT,retail-jobs,permanent,full_time,Eastern England,2026-08-24 07:09:42+00,2026-08-24,2026-08-24,50000,60000,55000.000000000000
5854167640,.NET Developer,Noir,it-jobs,permanent,full_time,North East England,2026-08-24 05:27:56+00,2026-08-24,2026-08-24,35000,65000,50000.000000000000
5854167609,.NET Developer - Cowes,Noir,it-jobs,permanent,full_time,South East England,2026-08-24 05:27:45+00,2026-08-24,2026-08-24,45000,55000,50000.000000000000
5854167596,.NET Developer,Noir,it-jobs,permanent,full_time,,2026-08-24 05:27:42+00,2026-08-24,2026-08-24,35000,65000,50000.000000000000
5854167553,.NET Developer,Noir,it-jobs,permanent,full_time,North West England,2026-08-24 05:27:31+00,2026-08-24,2026-08-24,45000,75000,60000.000000000000
5854167485,.NET Developer,Noir,it-jobs,permanent,full_time,South East England,2026-08-24 05:27:01+00,2026-08-24,2026-08-24,45000,75000,60000.000000000000
5854167442,DevOps Engineer,Noir,it-jobs,permanent,full_time,North East England,2026-08-24 05:26:39+00,2026-08-24,2026-08-24,50000,90000,70000.000000000000
5854095008,Solutions Architect,OpenSourced Ltd,it-jobs,permanent,full_time,South East England,2026-08-24 03:10:36+00,2026-08-24,2026-08-24,80000,100000,90000.000000000000
5854094302,Data & Research Administrator,Marstep Resourcing Solutions,accounting-finance-jobs,permanent,full_time,North West England,2026-08-24 03:08:42+00,2026-08-24,2026-08-24,25000,28000,26500.000000000000
5854093991,Health & Safety Operations Support Manager,The Bank of England,admin-jobs,permanent,full_time,Yorkshire And The Humber,2026-08-24 03:07:56+00,2026-08-24,2026-08-24,62480,70290,66385.000000000000
5854093990,Health & Safety Operations Support Manager,The Bank of England,admin-jobs,permanent,full_time,London,2026-08-24 03:07:56+00,2026-08-24,2026-08-24,69440,78120,73780.000000000000
5854091063,Portfolio Officer,National Trust,admin-jobs,contract,full_time,South West England,2026-08-24 03:03:19+00,2026-08-24,2026-08-24,30966,30966,30966.000000000000
5854090173,Green Finance Analyst,National Trust,accounting-finance-jobs,contract,full_time,South West England,2026-08-24 03:02:11+00,2026-08-24,2026-08-24,47500,47500,47500.000000000000
5854089640,Founding Growth Manager,C&D Talent Advisory,pr-advertising-marketing-jobs,,full_time,London,2026-08-24 03:00:28+00,2026-08-24,2026-08-24,100000,140000,120000.000000000000
5854065605,Business Growth Officer,Queens University,pr-advertising-marketing-jobs,,,Northern Ireland,2026-08-24 02:37:57+00,2026-08-24,2026-08-24,40000,40000,40000.000000000000
5854065593,Research Fellow - Medicinal Chemistry,Queens University,scientific-qa-jobs,,,Northern Ireland,2026-08-24 02:37:57+00,2026-08-24,2026-08-24,50000,50000,50000.000000000000
5852253654,Senior Oracle P2P Cloud Functional Consultant,Hackajob Ltd,it-jobs,permanent,,London,2026-08-22 09:38:56+00,2026-08-24,2026-08-24,100000,100000,100000.000000000000
5855005281,Data Analyst - Life Actuarial,Hackajob Ltd,it-jobs,,full_time,London,2026-08-25 05:31:36+00,2026-08-25,2026-08-25,70000,70000,70000.000000000000
5855004619,Lead Data Analyst,Hackajob Ltd,it-jobs,,,Northern Ireland,2026-08-25 05:30:17+00,2026-08-25,2026-08-25,75000,75000,75000.000000000000
5854703375,Lead Data Analyst - BI and Semantic Modelling,SSE,it-jobs,permanent,full_time,Scotland,2026-08-25 00:29:32+00,2026-08-25,2026-08-25,71869,85880,78874.500000000000
5854595615,Data Analyst,Cambridgeshire & Peterborough Combined Authority,it-jobs,contract,,Eastern England,2026-08-24 22:43:29+00,2026-08-25,2026-08-25,39152,42839,40995.500000000000
5854583061,Software Engineer II - Databricks,Hackajob Ltd,it-jobs,,,South West England,2026-08-24 21:29:58+00,2026-08-25,2026-08-25,100000,100000,100000.000000000000
5854579506,Finance Data Analyst,Stirling Ellis,accounting-finance-jobs,,full_time,South East England,2026-08-24 21:19:20+00,2026-08-25,2026-08-25,55000,60000,57500.000000000000
5854537338,Data Analyst,Kingdom Security,it-jobs,,,South East England,2026-08-24 19:32:17+00,2026-08-25,2026-08-25,42000,44000,43000.000000000000
5854503072,Data & Performance Analyst,Venn Group,it-jobs,permanent,,London,2026-08-24 17:35:17+00,2026-08-25,2026-08-25,40000,50000,45000.000000000000
5854478866,Data Analyst,Workshop Recruitment,it-jobs,permanent,full_time,South East England,2026-08-24 17:07:58+00,2026-08-25,2026-08-25,32000,40000,36000.000000000000
5854431599,Data Analyst - Chichester,The Goodwood Estate,it-jobs,,,South East England,2026-08-24 16:07:18+00,2026-08-25,2026-08-25,21600,36000,28800.000000000000
5854399944,Insights Data Analyst Apprentice,QA,sales-jobs,permanent,full_time,London,2026-08-24 15:14:27+00,2026-08-25,2026-08-25,18000,21000,19500.000000000000
5854394094,Junior Data Analyst,Immediate Media Co,it-jobs,contract,full_time,London,2026-08-24 15:04:26+00,2026-08-25,2026-08-25,30000,35000,32500.000000000000
5854368719,Data Analyst,Reed,it-jobs,contract,,West Midlands,2026-08-24 13:26:30+00,2026-08-25,2026-08-25,37440,47840,42640.000000000000
5854368649,Data Engineer Apprentice,QA,it-jobs,permanent,full_time,London,2026-08-24 13:26:13+00,2026-08-25,2026-08-25,28860,28860,28860.000000000000
5854368647,IT Finance Data Analyst,Pontoon,it-jobs,,,West Midlands,2026-08-24 13:26:12+00,2026-08-25,2026-08-25,117000,117000,117000.000000000000
5854366209,Data Analyst,Reed Technology,it-jobs,contract,,West Midlands,2026-08-24 13:12:54+00,2026-08-25,2026-08-25,37440,47840,42640.000000000000
5854258285,Data Analyst,VIQU Limited,it-jobs,,,West Midlands,2026-08-24 09:41:32+00,2026-08-25,2026-08-25,30000,35000,32500.000000000000
5854221427,Data Analyst,Innoviz Limited,it-jobs,permanent,full_time,South East England,2026-08-24 07:45:02+00,2026-08-24,2026-08-25,34000,45000,39500.000000000000
5853571882,SQL Data Analyst / Power BI Developer,Anne Corder Recruitment,it-jobs,,full_time,East Midlands,2026-08-23 11:39:53+00,2026-08-24,2026-08-25,29000,69000,49000.000000000000
5852581141,CRM Manager - EU,Monzo,pr-advertising-marketing-jobs,,,London,2026-08-22 16:22:18+00,2026-08-23,2026-08-25,68000,92000,80000.000000000000
5852376343,Data Analyst,Vertu Motors,it-jobs,permanent,full_time,North East England,2026-08-22 11:43:13+00,2026-08-23,2026-08-25,40000,40000,40000.000000000000
5852365998,Data Analyst,V7 Recruitment,it-jobs,,full_time,North West England,2026-08-22 11:39:41+00,2026-08-23,2026-08-25,29000,30000,29500.000000000000
5852366023,User Centred Design Principal,Hackajob Ltd,it-jobs,,full_time,London,2026-08-22 11:39:41+00,2026-08-23,2026-08-25,90000,90000,90000.000000000000
5852365968,Data Analyst,Artis Recruitment,it-jobs,permanent,full_time,South West England,2026-08-22 11:39:40+00,2026-08-23,2026-08-25,28000,35000,31500.000000000000
5852253793,Quantitative Analyst,Spectrum It Recruitment Limited,it-jobs,permanent,,South East England,2026-08-22 09:39:02+00,2026-08-23,2026-08-25,75000,75000,75000.000000000000
5852097024,Data Scientist,Hackajob Ltd,it-jobs,permanent,,South East England,2026-08-22 05:38:34+00,2026-08-23,2026-08-25,90000,90000,90000.000000000000
5852095064,Commercial Data Analyst,We Are Fr Group,it-jobs,contract,,London,2026-08-22 05:32:34+00,2026-08-22,2026-08-25,55000,55000,55000.000000000000
5852091745,Data Analyst,Hackajob Ltd,it-jobs,,,London,2026-08-22 05:30:16+00,2026-08-22,2026-08-25,50000,50000,50000.000000000000
5852091715,Assistant Data Analyst,Anglian Home Improvements,it-jobs,,,Eastern England,2026-08-22 05:30:15+00,2026-08-22,2026-08-25,30000,30000,30000.000000000000
5852089814,Data Scientist,Hackajob Ltd,it-jobs,,,South East England,2026-08-22 05:28:27+00,2026-08-22,2026-08-25,90000,90000,90000.000000000000
5851643957,Application & Analytics Manager (Salesforce / Power BI),Parity Network,it-jobs,contract,,South East England,2026-08-21 23:21:31+00,2026-08-22,2026-08-25,143000,143000,143000.000000000000
5851621038,CAD Data Analyst,Charlton Recruitment,it-jobs,,full_time,West Midlands,2026-08-21 23:12:27+00,2026-08-22,2026-08-25,40000,43355,41677.500000000000
5851608014,CAD Data Analyst,Charlton Recruitment,it-jobs,,full_time,London,2026-08-21 23:10:40+00,2026-08-22,2026-08-25,41400,48702,45051.000000000000
5853571838,Senior Oracle SCM Cloud Functional Consultant,Hackajob Ltd,it-jobs,,full_time,Yorkshire And The Humber,2026-08-23 11:39:53+00,2026-08-24,2026-08-24,90000,90000,90000.000000000000
5853429776,"Performance & Data Analysis Officer, 2 High Street, Perth - PKC14138",Perth and Kinross Council,it-jobs,contract,part_time,Scotland,2026-08-23 08:29:32+00,2026-08-24,2026-08-24,40001,50000,45000.500000000000
5851411217,Assistant Data Analyst,Anglian,it-jobs,,,Eastern England,2026-08-21 19:23:07+00,2026-08-22,2026-08-25,25000,30000,27500.000000000000
5851410695,Data Analyst,Addition,it-jobs,contract,,London,2026-08-21 19:15:23+00,2026-08-22,2026-08-25,156000,156000,156000.000000000000
5851410592,Data Analyst,Artis Recruitment,it-jobs,permanent,full_time,South West England,2026-08-21 19:14:49+00,2026-08-22,2026-08-25,28000,35000,31500.000000000000
5855005280,Data Engineer,Hackajob Ltd,it-jobs,,,London,2026-08-25 05:31:36+00,2026-08-25,2026-08-25,90000,90000,90000.000000000000
5855004621,Marketing Insight and Analytics Lead - Mat Cover - 9 Month FTC,Hackajob Ltd,pr-advertising-marketing-jobs,contract,,London,2026-08-25 05:30:17+00,2026-08-25,2026-08-25,90000,90000,90000.000000000000
5854877269,Senior C++ Low-Latency Developer,C&D Talent Advisory,it-jobs,contract,,South West England,2026-08-25 03:10:34+00,2026-08-25,2026-08-25,200000,300000,250000.000000000000
5854877273,Senior C++ Low-Latency Developer,C&D Talent Advisory,it-jobs,contract,,West Midlands,2026-08-25 03:10:34+00,2026-08-25,2026-08-25,200000,300000,250000.000000000000
5854877277,Senior C++ Low-Latency Developer,C&D Talent Advisory,it-jobs,contract,,Scotland,2026-08-25 03:10:34+00,2026-08-25,2026-08-25,200000,300000,250000.000000000000
5854877261,Senior C++ Low-Latency Developer,C&D Talent Advisory,it-jobs,contract,,Yorkshire And The Humber,2026-08-25 03:10:33+00,2026-08-25,2026-08-25,200000,300000,250000.000000000000
5854877255,Senior C++ Low-Latency Developer,C&D Talent Advisory,it-jobs,contract,,North West England,2026-08-25 03:10:33+00,2026-08-25,2026-08-25,200000,300000,250000.000000000000
5854877242,Senior C++ Low-Latency Developer,C&D Talent Advisory,it-jobs,contract,,Scotland,2026-08-25 03:10:33+00,2026-08-25,2026-08-25,200000,300000,250000.000000000000
5854877263,Senior C++ Low-Latency Developer,C&D Talent Advisory,it-jobs,contract,,South East England,2026-08-25 03:10:33+00,2026-08-25,2026-08-25,200000,300000,250000.000000000000
5854877243,Senior C++ Low-Latency Developer,C&D Talent Advisory,it-jobs,contract,,South East England,2026-08-25 03:10:33+00,2026-08-25,2026-08-25,200000,300000,250000.000000000000
5854877253,Senior C++ Low-Latency Developer,C&D Talent Advisory,it-jobs,contract,,Eastern England,2026-08-25 03:10:33+00,2026-08-25,2026-08-25,200000,300000,250000.000000000000
5854877265,Senior C++ Low-Latency Developer,C&D Talent Advisory,it-jobs,contract,,London,2026-08-25 03:10:33+00,2026-08-25,2026-08-25,200000,300000,250000.000000000000
5854696736,Product Manager,Pearson Carter,it-jobs,permanent,full_time,,2026-08-25 00:24:00+00,2026-08-25,2026-08-25,70000,75000,72500.000000000000
5854693219,Staff Software Engineer - Data Platforms,Our Future Health,it-jobs,,full_time,London,2026-08-25 00:05:01+00,2026-08-25,2026-08-25,74000,74000,74000.000000000000
5854690554,Data Scientist Consultant (Contract),Harnham - Data & Analytics Recruitment,it-jobs,contract,,London,2026-08-24 23:36:57+00,2026-08-25,2026-08-25,130000,166400,148200.000000000000
5854681333,AI Automation Lead,Harnham - Data & Analytics Recruitment,it-jobs,permanent,full_time,London,2026-08-24 23:14:17+00,2026-08-25,2026-08-25,80000,100000,90000.000000000000
5854679839,Data Scientist,Harnham - Data & Analytics Recruitment,it-jobs,permanent,full_time,North West England,2026-08-24 23:09:23+00,2026-08-25,2026-08-25,40000,50000,45000.000000000000
5852253665,Senior Oracle PPM Cloud Functional Consultant,Hackajob Ltd,it-jobs,permanent,,London,2026-08-22 09:38:56+00,2026-08-23,2026-08-24,90000,90000,90000.000000000000
5854678933,Data Engineer (Bioinformatics),Our Future Health,it-jobs,,full_time,London,2026-08-24 23:04:51+00,2026-08-25,2026-08-25,74000,74000,74000.000000000000
5854594992,Senior Data Engineer,VIVID Housing,it-jobs,permanent,full_time,South East England,2026-08-24 22:43:11+00,2026-08-25,2026-08-25,65000,65000,65000.000000000000
5854583673,"Vice President, User Experience, UX Service Designer",Hackajob Ltd,it-jobs,,,London,2026-08-24 21:32:10+00,2026-08-25,2026-08-25,100000,100000,100000.000000000000
5854583664,Principle Data Warehouse Engineer - Executive Director,Hackajob Ltd,engineering-jobs,,,London,2026-08-24 21:32:02+00,2026-08-25,2026-08-25,100000,100000,100000.000000000000
5854583518,Lead Data Scientist - Public Sector - security cleared,Hackajob Ltd,it-jobs,,,Northern Ireland,2026-08-24 21:31:19+00,2026-08-25,2026-08-25,100000,100000,100000.000000000000
5854583522,Data Engineer,Hackajob Ltd,engineering-jobs,,,London,2026-08-24 21:31:19+00,2026-08-25,2026-08-25,100000,100000,100000.000000000000
5854583516,SAS Subject Matter Expert,Hackajob Ltd,it-jobs,,,North East England,2026-08-24 21:31:19+00,2026-08-25,2026-08-25,90000,90000,90000.000000000000
5854583388,Senior AI Engineer,Hackajob Ltd,it-jobs,,,West Midlands,2026-08-24 21:31:03+00,2026-08-25,2026-08-25,90000,90000,90000.000000000000
5854583401,"Vice President, AI Machine Learning Software Engineer",Hackajob Ltd,it-jobs,,,North West England,2026-08-24 21:31:03+00,2026-08-25,2026-08-25,100000,100000,100000.000000000000
5854583413,Senior Software Engineer - Data Engineering,Hackajob Ltd,it-jobs,,,North West England,2026-08-24 21:31:03+00,2026-08-25,2026-08-25,100000,100000,100000.000000000000
5854583360,Senior Software Engineer,Hackajob Ltd,it-jobs,,,London,2026-08-24 21:31:03+00,2026-08-25,2026-08-25,90000,90000,90000.000000000000
5854583205,Informatica Subject Matter Exptert,Hackajob Ltd,it-jobs,,,North East England,2026-08-24 21:30:22+00,2026-08-25,2026-08-25,90000,90000,90000.000000000000
5854583090,Software Engineer III - Data Engineering - Corporate Know Your Customer,Hackajob Ltd,it-jobs,,,Scotland,2026-08-24 21:29:58+00,2026-08-25,2026-08-25,100000,100000,100000.000000000000
5854583069,Corporate KYC Principle Software Engineer - Executive Director,Hackajob Ltd,it-jobs,,,Scotland,2026-08-24 21:29:58+00,2026-08-25,2026-08-25,100000,100000,100000.000000000000
5854583085,Lead AI Engineer,Hackajob Ltd,it-jobs,,,South East England,2026-08-24 21:29:58+00,2026-08-25,2026-08-25,75000,75000,75000.000000000000
5854583086,Senior Data Engineer,Hackajob Ltd,it-jobs,,,Northern Ireland,2026-08-24 21:29:58+00,2026-08-25,2026-08-25,90000,90000,90000.000000000000
5854583067,Corporate KYC Sr Lead Software Engineer,Hackajob Ltd,it-jobs,,,Scotland,2026-08-24 21:29:58+00,2026-08-25,2026-08-25,100000,100000,100000.000000000000
5854572917,Lead Data Engineer,Gattaca PBS,it-jobs,permanent,full_time,London,2026-08-24 21:09:35+00,2026-08-25,2026-08-25,80000,85000,82500.000000000000
5854555270,Senior Data Engineer,Ocho,it-jobs,,,Northern Ireland,2026-08-24 20:26:10+00,2026-08-25,2026-08-25,80000,80000,80000.000000000000
5854511308,Senior Data Analytics Engineer - B2C Financial Services,Client Server,it-jobs,permanent,,London,2026-08-24 17:43:50+00,2026-08-25,2026-08-25,95000,95000,95000.000000000000
5854504062,Data Engineer,Adecco,it-jobs,contract,full_time,North West England,2026-08-24 17:35:51+00,2026-08-25,2026-08-25,37526,50897,44211.500000000000
5854502113,Principal Data Engineer (GCP),VIQU IT Recruitment,it-jobs,permanent,full_time,North West England,2026-08-24 17:35:05+00,2026-08-25,2026-08-25,90000,100000,95000.000000000000
5854471312,Data Engineer,Innoviz Ltd,it-jobs,permanent,full_time,South East England,2026-08-24 16:47:20+00,2026-08-25,2026-08-25,34000,45000,39500.000000000000
5854399633,Senior Quantexa Data Engineer,Opus Recruitment Solutions Ltd,it-jobs,contract,,London,2026-08-24 15:13:58+00,2026-08-25,2026-08-25,156000,169000,162500.000000000000
5854382637,Principal Data Engineer/ Data Architect,MCS Group,it-jobs,,,Northern Ireland,2026-08-24 14:42:53+00,2026-08-25,2026-08-25,85000,85000,85000.000000000000
5854395569,Azure Databricks Platform Engineer,Square One Resources,it-jobs,,full_time,London,2026-08-24 15:10:43+00,2026-08-25,2026-08-25,139620,149500,144560.000000000000
5854382500,Staff Data Engineer,Ocho,it-jobs,,,Northern Ireland,2026-08-24 14:42:51+00,2026-08-25,2026-08-25,90000,90000,90000.000000000000
5854376831,Senior Data Analytics Engineer - B2C Financial Services,Client Server,it-jobs,,,London,2026-08-24 14:37:48+00,2026-08-25,2026-08-25,95000,95000,95000.000000000000
5854376798,Real-Time Data Engineer,Sanderson Recruitment,it-jobs,contract,,London,2026-08-24 14:37:09+00,2026-08-25,2026-08-25,156000,169000,162500.000000000000
5854368822,Analytics Engineer - DBT,Method Resourcing,it-jobs,contract,,London,2026-08-24 13:27:03+00,2026-08-25,2026-08-25,130000,135200,132600.000000000000
5854368627,Lead Engineer,STORMX RECRUITMENT LIMITED,it-jobs,permanent,full_time,Eastern England,2026-08-24 13:26:07+00,2026-08-25,2026-08-25,65000,75000,70000.000000000000
5854334660,Data Engineer,Tenth Revolution Group,it-jobs,,full_time,North East England,2026-08-24 11:39:49+00,2026-08-25,2026-08-25,30000,60000,45000.000000000000
5854238271,Senior Quantexa Data Engineer - London / Hybrid,Noir,it-jobs,permanent,full_time,London,2026-08-24 09:12:38+00,2026-08-25,2026-08-25,60000,80000,70000.000000000000
5854238276,Senior Quantexa Data Engineer - Birmingham / Hybrid,Noir,it-jobs,permanent,full_time,West Midlands,2026-08-24 09:12:38+00,2026-08-25,2026-08-25,60000,75000,67500.000000000000
5854238277,Senior Quantexa Data Engineer - Manchester / Hybrid,Noir,it-jobs,permanent,full_time,North West England,2026-08-24 09:12:38+00,2026-08-25,2026-08-25,60000,75000,67500.000000000000
5854238272,Senior Quantexa Data Engineer - Leeds / Hybrid,Noir,it-jobs,permanent,full_time,Yorkshire And The Humber,2026-08-24 09:12:38+00,2026-08-25,2026-08-25,60000,75000,67500.000000000000
5854167643,Senior Quantexa Data Engineer - Manchester / Hybrid,Noir,it-jobs,permanent,full_time,North West England,2026-08-24 05:27:57+00,2026-08-24,2026-08-25,60000,75000,67500.000000000000
5854167548,Senior Quantexa Data Engineer - London / Hybrid,Noir,it-jobs,permanent,full_time,London,2026-08-24 05:27:27+00,2026-08-24,2026-08-25,60000,80000,70000.000000000000
5854167518,Senior Quantexa Data Engineer - Leeds / Hybrid,Noir,it-jobs,permanent,full_time,Yorkshire And The Humber,2026-08-24 05:27:13+00,2026-08-24,2026-08-25,60000,75000,67500.000000000000
5854167318,Senior Quantexa Data Engineer - Birmingham / Hybrid,Noir,it-jobs,permanent,full_time,West Midlands,2026-08-24 05:25:58+00,2026-08-24,2026-08-25,60000,75000,67500.000000000000
5853803566,Adobe Experience Platform Architect,Sanderson Recruitment,it-jobs,permanent,,London,2026-08-23 17:41:44+00,2026-08-25,2026-08-25,130000,130260,130130.000000000000
5855005383,Customer Analyst,Hackajob Ltd,it-jobs,,,South East England,2026-08-25 05:31:55+00,2026-08-25,2026-08-25,35000,35000,35000.000000000000
5855005292,Paid Media Manager Hybrid,We Are Fr Group,pr-advertising-marketing-jobs,contract,,North West England,2026-08-25 05:31:40+00,2026-08-25,2026-08-25,45000,45000,45000.000000000000
5855005262,R and D Actuarial Analyst,Hackajob Ltd,it-jobs,,full_time,London,2026-08-25 05:31:31+00,2026-08-25,2026-08-25,55000,55000,55000.000000000000
5855005123,CCOR Data Analytics - Product manager - Vice President,Hackajob Ltd,accounting-finance-jobs,,,London,2026-08-25 05:31:14+00,2026-08-25,2026-08-25,100000,100000,100000.000000000000
5855005102,Senior AI/ML Engineer,Anson McCade,it-jobs,permanent,,,2026-08-25 05:31:13+00,2026-08-25,2026-08-25,100000,100000,100000.000000000000
5855005116,"Product Manager, Health and Home Infrastructure",Hackajob Ltd,it-jobs,,,London,2026-08-25 05:31:13+00,2026-08-25,2026-08-25,100000,100000,100000.000000000000
5855004853,"Vice President, Financial Planning and Analysis",Hackajob Ltd,accounting-finance-jobs,,,London,2026-08-25 05:30:43+00,2026-08-25,2026-08-25,100000,100000,100000.000000000000
5855004558,Senior Credit Analyst,Secure Trust Bank Ltd,accounting-finance-jobs,,,West Midlands,2026-08-25 05:30:10+00,2026-08-25,2026-08-25,60000,60000,60000.000000000000
5854822096,Senior Credit Analyst,Secure Trust Bank Ltd,accounting-finance-jobs,permanent,,West Midlands,2026-08-25 01:43:03+00,2026-08-25,2026-08-25,60000,60000,60000.000000000000
5854583669,Data Scientist III,Hackajob Ltd,it-jobs,,,London,2026-08-24 21:32:07+00,2026-08-25,2026-08-25,90000,90000,90000.000000000000
5854583540,"Segment Marketing Manager, Professional Services",Hackajob Ltd,pr-advertising-marketing-jobs,,,London,2026-08-24 21:31:23+00,2026-08-25,2026-08-25,90000,90000,90000.000000000000
5854583528,Google Health Technical Program Manager,Hackajob Ltd,engineering-jobs,,,London,2026-08-24 21:31:21+00,2026-08-25,2026-08-25,100000,100000,100000.000000000000
5854583532,Project Manager - AI Enablement,Hackajob Ltd,it-jobs,,,London,2026-08-24 21:31:21+00,2026-08-25,2026-08-25,100000,100000,100000.000000000000
5854583515,AI ML Governance - Strategy - Senior Associate,Hackajob Ltd,it-jobs,,,London,2026-08-24 21:31:19+00,2026-08-25,2026-08-25,100000,100000,100000.000000000000
5854583508,"Data Science PhD Intern, 2027",Hackajob Ltd,it-jobs,contract,full_time,London,2026-08-24 21:31:19+00,2026-08-25,2026-08-25,40000,40000,40000.000000000000
5854583517,Postgresql DBA,Hackajob Ltd,it-jobs,,,North West England,2026-08-24 21:31:19+00,2026-08-25,2026-08-25,90000,90000,90000.000000000000
5854583433,Payments - AI Transformation Project Manager - Vice President - London,Hackajob Ltd,accounting-finance-jobs,,,London,2026-08-24 21:31:14+00,2026-08-25,2026-08-25,100000,100000,100000.000000000000
5854583442,Quantitative Trading and Research - Securities Services and Payments - Associate or Vice President,Hackajob Ltd,accounting-finance-jobs,,,London,2026-08-24 21:31:14+00,2026-08-25,2026-08-25,100000,100000,100000.000000000000
5854583357,AI Architect,Hackajob Ltd,it-jobs,,,London,2026-08-24 21:31:03+00,2026-08-25,2026-08-25,100000,100000,100000.000000000000
5854583389,AI Lead - Technical Pre-Sales,Hackajob Ltd,it-jobs,,,Northern Ireland,2026-08-24 21:31:03+00,2026-08-25,2026-08-25,100000,100000,100000.000000000000
5854583417,Customer AI Developer Specialist,Hackajob Ltd,it-jobs,,,London,2026-08-24 21:31:03+00,2026-08-25,2026-08-25,95000,95000,95000.000000000000
5854583354,"Applied AI Engineer, Markets Operations - Associate",Hackajob Ltd,it-jobs,,,London,2026-08-24 21:31:03+00,2026-08-25,2026-08-25,95000,95000,95000.000000000000
5854583288,Product Marketing Manager,Hackajob Ltd,it-jobs,,,London,2026-08-24 21:30:50+00,2026-08-25,2026-08-25,70000,70000,70000.000000000000
5854583259,AI Product Management - Senior Vice President,Hackajob Ltd,it-jobs,,,North West England,2026-08-24 21:30:47+00,2026-08-25,2026-08-25,100000,100000,100000.000000000000
5854583175,Senior Data Specialist,Hackajob Ltd,it-jobs,,,North West England,2026-08-24 21:30:18+00,2026-08-25,2026-08-25,60000,60000,60000.000000000000
5854583149,Lead Digital Trading Analyst,Hackajob Ltd,it-jobs,,,Yorkshire And The Humber,2026-08-24 21:30:11+00,2026-08-25,2026-08-25,90000,90000,90000.000000000000
5854583109,"Senior Specialist, Full-Stack Engineer",Hackajob Ltd,it-jobs,,,North West England,2026-08-24 21:29:58+00,2026-08-25,2026-08-25,90000,90000,90000.000000000000
5854583119,Staff Software Engineer - AI,Hackajob Ltd,it-jobs,,,London,2026-08-24 21:29:58+00,2026-08-25,2026-08-25,100000,100000,100000.000000000000
5854480450,Graduate Software Support Engineer,Jam Management Consultancy ltd,graduate-jobs,contract,full_time,South East England,2026-08-24 17:14:13+00,2026-08-25,2026-08-25,37000,38000,37500.000000000000
5854445659,Full-stack Engineer - BYG DE,iwoca,engineering-jobs,,full_time,London,2026-08-24 16:28:47+00,2026-08-25,2026-08-25,75000,90000,82500.000000000000
5854382527,Data & Insights Lead,Perspective Economics Limited,consultancy-jobs,permanent,full_time,Northern Ireland,2026-08-24 14:42:51+00,2026-08-25,2026-08-25,50000,50000,50000.000000000000
5854369019,Senior Analyst Consultant,Gregory Martin International,it-jobs,permanent,full_time,South East England,2026-08-24 13:28:30+00,2026-08-25,2026-08-25,40000,75000,57500.000000000000
5854368938,Software Developer (PhD Graduate),Give a Grad a Go,graduate-jobs,permanent,full_time,London,2026-08-24 13:27:59+00,2026-08-25,2026-08-25,40000,45000,42500.000000000000
5854368774,"Senior Data Scientist - AI, NLP & Generative AI",Robert Walters,it-jobs,permanent,full_time,London,2026-08-24 13:26:43+00,2026-08-25,2026-08-25,50000,70000,60000.000000000000
5854334908,Data Governance & Master Data Lead,Hypercube Consulting,it-jobs,permanent,full_time,London,2026-08-24 11:40:17+00,2026-08-25,2026-08-25,47000,83000,65000.000000000000
5854334909,Data Governance & Master Data Lead - London Area,Hypercube Consulting,it-jobs,permanent,full_time,London,2026-08-24 11:40:17+00,2026-08-25,2026-08-25,47000,83000,65000.000000000000
5855004834,"GTM Strategy and Transformation Lead, EMEA",Hackajob Ltd,sales-jobs,,,London,2026-08-25 05:30:43+00,2026-08-25,2026-08-25,100000,100000,100000.000000000000
5854951538,Business Intelligence Analyst,Warwickshire County Council,it-jobs,contract,,West Midlands,2026-08-25 04:28:35+00,2026-08-25,2026-08-25,39152,41771,40461.500000000000
5854822415,"GTM Strategy and Transformation Lead, EMEA",Hackajob Ltd,sales-jobs,permanent,,London,2026-08-25 01:44:37+00,2026-08-25,2026-08-25,100000,100000,100000.000000000000
5854583176,HR Data and Insights Analyst,Hackajob Ltd,hr-jobs,,,Yorkshire And The Humber,2026-08-24 21:30:18+00,2026-08-25,2026-08-25,85000,85000,85000.000000000000
5854574625,Manufacturing Finance Business Partner,Wynnstay Group PLC,accounting-finance-jobs,permanent,full_time,Wales,2026-08-24 21:11:52+00,2026-08-25,2026-08-25,60000,65000,62500.000000000000
5854534050,Analytics & BI Lead,Cedar,it-jobs,permanent,full_time,London,2026-08-24 19:13:20+00,2026-08-25,2026-08-25,70000,75000,72500.000000000000
5854480471,Business Development Manager,Lipton Media,sales-jobs,permanent,full_time,London,2026-08-24 17:14:17+00,2026-08-25,2026-08-25,40000,47000,43500.000000000000
5854480083,Sponsorship Sales Manager,Lipton Media,sales-jobs,permanent,full_time,London,2026-08-24 17:12:55+00,2026-08-25,2026-08-25,55000,65000,60000.000000000000
5854371239,Senior Oracle PPM Cloud Functional Consultant,Hackajob Ltd,it-jobs,permanent,,London,2026-08-24 13:40:30+00,2026-08-25,2026-08-25,90000,90000,90000.000000000000
5854371191,Senior Oracle P2P Cloud Functional Consultant,Hackajob Ltd,it-jobs,permanent,,London,2026-08-24 13:40:29+00,2026-08-25,2026-08-25,100000,100000,100000.000000000000
5854365610,Project Controls Manager,Carrington West,consultancy-jobs,contract,,London,2026-08-24 13:11:41+00,2026-08-25,2026-08-25,117000,127400,122200.000000000000
5854259038,Senior Oracle SCM Cloud Functional Consultant,Hackajob Ltd,it-jobs,permanent,,London,2026-08-24 09:42:29+00,2026-08-25,2026-08-25,90000,90000,90000.000000000000
5854259039,Senior Oracle SCM Cloud Functional Consultant,Hackajob Ltd,it-jobs,permanent,,London,2026-08-24 09:42:29+00,2026-08-25,2026-08-25,100000,100000,100000.000000000000
5854224204,Commercial Implementation Officer,Kent County Council,consultancy-jobs,permanent,full_time,South East England,2026-08-24 08:09:17+00,2026-08-25,2026-08-25,41782,46606,44194.000000000000
5854183293,Global Finance Director,Morwell Talent Solutions,accounting-finance-jobs,permanent,,Wales,2026-08-24 05:40:59+00,2026-08-25,2026-08-25,100000,100000,100000.000000000000
5853712737,Business Systems Analyst,Anthropic,it-jobs,,,London,2026-08-23 16:33:04+00,2026-08-24,2026-08-25,130000,165000,147500.000000000000
5853628583,Senior Oracle PPM Cloud Functional Consultant,Hackajob Ltd,it-jobs,permanent,,London,2026-08-23 13:39:02+00,2026-08-24,2026-08-25,100000,100000,100000.000000000000
5853571836,Senior Oracle PPM Cloud Functional Consultant,Hackajob Ltd,it-jobs,,full_time,Yorkshire And The Humber,2026-08-23 11:39:53+00,2026-08-24,2026-08-25,100000,100000,100000.000000000000
5852797412,Business Development Officer,Leadership Skills Foundation,sales-jobs,permanent,,South East England,2026-08-22 21:39:34+00,2026-08-23,2026-08-25,30000,30000,30000.000000000000
5852795458,Business Development Officer,Leadership Skills Foundation,sales-jobs,,,South East England,2026-08-22 21:26:49+00,2026-08-23,2026-08-25,30000,30000,30000.000000000000
5852584981,Commercial Finance Analyst,Epredia,accounting-finance-jobs,,full_time,,2026-08-22 16:26:10+00,2026-08-23,2026-08-25,38000,45000,41500.000000000000
5852482853,Senior Oracle SCM Cloud Functional Consultant,Hackajob Ltd,it-jobs,,,London,2026-08-22 13:27:16+00,2026-08-23,2026-08-25,90000,90000,90000.000000000000
5852482851,Senior Lead Developer - DataBricks Data Factory SQL,Hackajob Ltd,it-jobs,,,East Midlands,2026-08-22 13:27:16+00,2026-08-23,2026-08-25,65000,65000,65000.000000000000
5852482831,Senior Oracle PPM Cloud Functional Consultant,Hackajob Ltd,it-jobs,,,London,2026-08-22 13:27:15+00,2026-08-23,2026-08-25,100000,100000,100000.000000000000
5852482839,Senior Oracle SCM Cloud Functional Consultant,Hackajob Ltd,it-jobs,,,London,2026-08-22 13:27:15+00,2026-08-23,2026-08-25,100000,100000,100000.000000000000
5852365912,Head of Data and Insight,Edinburgh Napier University,it-jobs,,full_time,Scotland,2026-08-22 11:39:40+00,2026-08-23,2026-08-25,65000,65000,65000.000000000000
5852362717,Business Analyst,Experis UK,it-jobs,,full_time,London,2026-08-22 11:39:14+00,2026-08-23,2026-08-25,85000,85000,85000.000000000000
5852156727,"Assistant Director- Housing Strategy, Insight and Improvement",Southwark Council,property-jobs,permanent,full_time,London,2026-08-22 07:09:45+00,2026-08-22,2026-08-25,89514,112044,100779.000000000000
5852093840,Senior Oracle P2P Cloud Functional Consultant,Hackajob Ltd,it-jobs,,,London,2026-08-22 05:31:14+00,2026-08-22,2026-08-25,100000,100000,100000.000000000000
5852093822,Senior Oracle PPM Cloud Functional Consultant,Hackajob Ltd,it-jobs,,,London,2026-08-22 05:31:12+00,2026-08-22,2026-08-25,90000,90000,90000.000000000000
5852092510,Delegate Sales Executive,This is Prime Limited,sales-jobs,,,London,2026-08-22 05:30:34+00,2026-08-25,2026-08-25,35000,35000,35000.000000000000
5852089497,Trainee Developer - Azure Databricks SQL,Hackajob Ltd,it-jobs,,,East Midlands,2026-08-22 05:27:48+00,2026-08-22,2026-08-25,28000,28000,28000.000000000000
5851838354,Data Reporting Analyst,Work Force Nexus Recruitment Agency,it-jobs,permanent,full_time,,2026-08-22 02:46:56+00,2026-08-22,2026-08-25,15000,22200,18600.000000000000
5855061969,Technical Architect,TXP Technology x People,it-jobs,contract,,South East England,2026-08-25 07:10:47+00,2026-08-25,2026-08-25,153790,153790,153790.000000000000
5855061919,Marketing Manager,K3 Advisory Group,pr-advertising-marketing-jobs,permanent,full_time,North West England,2026-08-25 07:10:11+00,2026-08-25,2026-08-25,55000,65000,60000.000000000000
5855005636,Leadership Development Practitioner,Birmingham Children's Trust,teaching-jobs,,,West Midlands,2026-08-25 05:32:47+00,2026-08-25,2026-08-25,60000,60000,60000.000000000000
5855005428,"Assistant Director - Relationship Manager, Insurance",Hackajob Ltd,sales-jobs,,,London,2026-08-25 05:32:07+00,2026-08-25,2026-08-25,95000,95000,95000.000000000000
5855005276,Actuarial Analyst - Life Actuarial,Hackajob Ltd,it-jobs,,full_time,London,2026-08-25 05:31:36+00,2026-08-25,2026-08-25,65000,65000,65000.000000000000
5855005215,Internal Audit Manager,Morson Edge,accounting-finance-jobs,,,London,2026-08-25 05:31:27+00,2026-08-25,2026-08-25,90000,90000,90000.000000000000
5855005223,"Business Analyst, Client Tax Senior Specialist",Hackajob Ltd,it-jobs,,,North West England,2026-08-25 05:31:27+00,2026-08-25,2026-08-25,90000,90000,90000.000000000000
5855005220,Credit and Commercial Senior Analyst,Hackajob Ltd,accounting-finance-jobs,,,London,2026-08-25 05:31:27+00,2026-08-25,2026-08-25,90000,90000,90000.000000000000
5855005111,Python Technical Lead FinTech,Run-Time Group Ltd,it-jobs,,,London,2026-08-25 05:31:13+00,2026-08-25,2026-08-25,100000,100000,100000.000000000000
5855005120,Product Delivery Manager - Public Cloud SRE,Hackajob Ltd,it-jobs,,,Scotland,2026-08-25 05:31:13+00,2026-08-25,2026-08-25,100000,100000,100000.000000000000
5855005121,Software Engineer III - Data Analytics Platform,Hackajob Ltd,it-jobs,,,London,2026-08-25 05:31:13+00,2026-08-25,2026-08-25,100000,100000,100000.000000000000
5855004856,"Director, Product and Innovation - Tokenisation",Hackajob Ltd,accounting-finance-jobs,,,London,2026-08-25 05:30:44+00,2026-08-25,2026-08-25,100000,100000,100000.000000000000
5855004828,Customer Operations Team Leader,Hackajob Ltd,customer-services-jobs,,,London,2026-08-25 05:30:43+00,2026-08-25,2026-08-25,50000,50000,50000.000000000000
5855004849,Strategic Business Development Manager,WALLACE HIND SELECTION LIMITED,sales-jobs,,,Yorkshire And The Humber,2026-08-25 05:30:43+00,2026-08-25,2026-08-25,75000,75000,75000.000000000000
5855004639,Lifecycle Marketing Manager,Hackajob Ltd,pr-advertising-marketing-jobs,,,London,2026-08-25 05:30:19+00,2026-08-25,2026-08-25,70000,70000,70000.000000000000
5855004645,"Executive Business Partner, EMEA Marketing - Fixed-Term Contract - English",Hackajob Ltd,admin-jobs,contract,,London,2026-08-25 05:30:19+00,2026-08-25,2026-08-25,70000,70000,70000.000000000000
5855004630,"Technical Program Manager, Metro Planner",Hackajob Ltd,engineering-jobs,,,London,2026-08-25 05:30:18+00,2026-08-25,2026-08-25,95000,95000,95000.000000000000
5855004550,Quantitative Trading and Research - Strategic Indices - Associate or Vice President,Hackajob Ltd,accounting-finance-jobs,,,London,2026-08-25 05:30:09+00,2026-08-25,2026-08-25,100000,100000,100000.000000000000
5855004522,Quantity Surveyor Residential,Emponics,trade-construction-jobs,permanent,,West Midlands,2026-08-25 05:30:06+00,2026-08-25,2026-08-25,70000,70000,70000.000000000000
5855004409,Senior Java Developer,Wills Consultants Ltd,it-jobs,permanent,full_time,East Midlands,2026-08-25 05:29:52+00,2026-08-25,2026-08-25,60000,60000,60000.000000000000
5855004405,"Vice President, Full-Stack Engineer",Hackajob Ltd,it-jobs,,,North West England,2026-08-25 05:29:52+00,2026-08-25,2026-08-25,100000,100000,100000.000000000000
5855001708,Digital Marketing Executive,We Are Fr Group,pr-advertising-marketing-jobs,contract,,North West England,2026-08-25 05:28:51+00,2026-08-25,2026-08-25,35000,35000,35000.000000000000
5855001707,Brand Marketing Executive,Stapletons Tyre Service,pr-advertising-marketing-jobs,permanent,,Eastern England,2026-08-25 05:28:51+00,2026-08-25,2026-08-25,30000,30000,30000.000000000000
5854999570,Quality Manager,Hays,manufacturing-jobs,permanent,,Northern Ireland,2026-08-25 05:28:19+00,2026-08-25,2026-08-25,45000,45000,45000.000000000000
5854999245,SOC Analyst,Anson McCade,it-jobs,,,London,2026-08-25 05:28:14+00,2026-08-25,2026-08-25,80000,80000,80000.000000000000
5854951534,Service and System Improvement Adviser,Staffordshire County Council,hr-jobs,contract,,,2026-08-25 04:28:35+00,2026-08-25,2026-08-25,39152,44075,41613.500000000000
5854951523,Business Support Officer - ACE,Warwickshire County Council,admin-jobs,permanent,part_time,West Midlands,2026-08-25 04:28:34+00,2026-08-25,2026-08-25,25583,25989,25786.000000000000
5854951524,People Wellbeing Lead,City of Wolverhampton Council,hr-jobs,permanent,full_time,West Midlands,2026-08-25 04:28:34+00,2026-08-25,2026-08-25,52413,56730,54571.500000000000
5854885599,Qualified Children's Social Worker - Child focused courts,CAFCASS,social-work-jobs,,,,2026-08-25 03:22:29+00,2026-08-25,2026-08-25,45749,49866,47807.500000000000
5855062288,Control Room Manager,GXO Logistics,it-jobs,permanent,full_time,Eastern England,2026-08-25 07:13:19+00,2026-08-25,2026-08-25,50000,50000,50000.000000000000
5854885654,Qualified Children's Social Worker - Child Focused Courts,Cafcass Organisation,social-work-jobs,,,,2026-08-25 03:22:29+00,2026-08-25,2026-08-25,45749,49866,47807.500000000000
5855007472,Brand Marketing Executive,Stapletons Tyre Service,pr-advertising-marketing-jobs,permanent,,Eastern England,2026-08-25 05:42:30+00,2026-08-25,2026-08-25,30000,30000,30000.000000000000
5855621595,Data Analyst,Truespeed,it-jobs,permanent,full_time,South West England,2026-08-25 17:48:44+00,2026-08-26,2026-08-26,35000,40000,37500.000000000000
5855007394,"Compliance, Data & Sustainability Manager",Warwick Recruit Ltd,manufacturing-jobs,permanent,full_time,West Midlands,2026-08-25 05:42:06+00,2026-08-25,2026-08-25,35000,35000,35000.000000000000
5855005650,"Senior Director, Data Management Manager",Hackajob Ltd,it-jobs,,,London,2026-08-25 05:32:49+00,2026-08-25,2026-08-25,100000,100000,100000.000000000000
5855004795,HR Assistant,Harvey Nash,accounting-finance-jobs,contract,,London,2026-08-25 05:30:40+00,2026-08-25,2026-08-25,39000,42900,40950.000000000000
5855615550,Data Engineer,Oscar Technology,it-jobs,,full_time,London,2026-08-25 17:45:50+00,2026-08-26,2026-08-26,60000,80000,70000.000000000000
5870020017,Entry Level Data Consultant No Experience Required,NEWTO TRAINING LIMITED,it-jobs,,,London,2026-09-04 05:40:42+00,2026-09-04,2026-09-04,65000,65000,65000.000000000000
5855604687,Data Analyst,Truespeed,it-jobs,permanent,full_time,South West England,2026-08-25 17:34:34+00,2026-08-26,2026-08-26,35000,40000,37500.000000000000
5855594700,Supplier Data Analyst,Pearson Whiffin Recruitment Ltd,it-jobs,contract,,South East England,2026-08-25 17:28:41+00,2026-08-26,2026-08-26,28787,31990,30388.500000000000
5855591572,Settlements Data Analyst,Belinda Roberts Ltd,accounting-finance-jobs,,full_time,North West England,2026-08-25 17:25:11+00,2026-08-26,2026-08-26,28000,30000,29000.000000000000
5855407436,Data Engineer - Sales Data - Azure Databricks,Square One Resources,it-jobs,contract,full_time,London,2026-08-25 15:11:21+00,2026-08-26,2026-08-26,130000,145600,137800.000000000000
5855382909,BI Developer,hireful.,it-jobs,,full_time,South East England,2026-08-25 13:45:49+00,2026-08-26,2026-08-26,35000,38000,36500.000000000000
5855005534,"Cloud Enterprise Architect, Professional Services, Google Cloud",Hackajob Ltd,it-jobs,,,London,2026-08-25 05:32:30+00,2026-08-25,2026-08-25,100000,100000,100000.000000000000
5855381690,Data Engineer Apprentice,QA,it-jobs,permanent,full_time,London,2026-08-25 13:45:32+00,2026-08-26,2026-08-26,28860,28860,28860.000000000000
5855381450,Data & Performance Analyst,Venn Group,it-jobs,contract,full_time,London,2026-08-25 13:45:28+00,2026-08-26,2026-08-26,40000,50000,45000.000000000000
5855380972,Data Analyst,Consula Group LTD,it-jobs,,full_time,North West England,2026-08-25 13:45:22+00,2026-08-26,2026-08-26,65000,90000,77500.000000000000
5855380778,Data Analyst,Harnham - Data & Analytics Recruitment,it-jobs,contract,full_time,London,2026-08-25 13:45:19+00,2026-08-26,2026-08-26,45000,55000,50000.000000000000
5855379340,Commercial Analyst - Data & Pricing Programme,Morgan McKinley,it-jobs,permanent,full_time,London,2026-08-25 13:44:56+00,2026-08-26,2026-08-26,70000,90000,80000.000000000000
5855378601,Senior Data Analyst,Tenth Revolution Group,it-jobs,contract,full_time,London,2026-08-25 13:44:46+00,2026-08-26,2026-08-26,45000,55000,50000.000000000000
5855377854,Project Manager - Water Efficiency,Equals One,trade-construction-jobs,permanent,full_time,Yorkshire And The Humber,2026-08-25 13:44:34+00,2026-08-26,2026-08-26,35000,45000,40000.000000000000
5855377450,Data Analyst,Proactive Appointments,it-jobs,permanent,full_time,London,2026-08-25 13:44:29+00,2026-08-26,2026-08-26,40000,60000,50000.000000000000
5855377118,Retail Media Data Analyst,Harnham - Data & Analytics Recruitment,pr-advertising-marketing-jobs,,full_time,South East England,2026-08-25 13:44:24+00,2026-08-26,2026-08-26,40000,50000,45000.000000000000
5855376453,Data Analyst,Harnham - Data & Analytics Recruitment,it-jobs,contract,full_time,South East England,2026-08-25 13:44:14+00,2026-08-26,2026-08-26,50000,55000,52500.000000000000
5855376344,IT Data Analyst Intern / Student Placement Year,Eligo Recruitment,it-jobs,contract,full_time,East Midlands,2026-08-25 13:44:12+00,2026-08-26,2026-08-26,25000,25000,25000.000000000000
5855375880,KPI Analyst,Signet Resources,it-jobs,contract,full_time,South East England,2026-08-25 13:44:06+00,2026-08-26,2026-08-26,30000,35000,32500.000000000000
5855005447,Product Manager,Hackajob Ltd,it-jobs,,,London,2026-08-25 05:32:12+00,2026-08-25,2026-08-25,100000,100000,100000.000000000000
5855375511,Data Analyst,Reed,it-jobs,,full_time,London,2026-08-25 13:44:00+00,2026-08-26,2026-08-26,57500,62500,60000.000000000000
5855375401,Data Analyst,Artis Recruitment,it-jobs,permanent,full_time,South West England,2026-08-25 13:43:59+00,2026-08-26,2026-08-26,28000,35000,31500.000000000000
5855375008,Data Analyst,Rise Technical Recruitment Limited,it-jobs,contract,full_time,South West England,2026-08-25 13:43:53+00,2026-08-26,2026-08-26,36000,36000,36000.000000000000
5855374040,Business Systems & Data Analyst,Xist4,it-jobs,,full_time,South West England,2026-08-25 13:43:39+00,2026-08-26,2026-08-26,50000,55000,52500.000000000000
5855373281,Data Analyst,Elevate Recruitment Limited,it-jobs,permanent,full_time,London,2026-08-25 13:43:28+00,2026-08-26,2026-08-26,30000,39000,34500.000000000000
5855373139,Graduate Data Consultant,Jackson Hogg,graduate-jobs,,full_time,Yorkshire And The Humber,2026-08-25 13:43:26+00,2026-08-26,2026-08-26,25000,30000,27500.000000000000
5855373076,Data Engineer,Oliver James,it-jobs,,full_time,North West England,2026-08-25 13:43:25+00,2026-08-26,2026-08-26,55000,60000,57500.000000000000
5855372993,Trainee Data Analyst,Recruitment Solutions,it-jobs,,full_time,South East England,2026-08-25 13:43:23+00,2026-08-26,2026-08-26,27000,27000,27000.000000000000
5855371062,Data Analyst and Technical Support Coordinator,OnetoOne Personnel,it-jobs,contract,full_time,Eastern England,2026-08-25 13:42:56+00,2026-08-26,2026-08-26,37000,43000,40000.000000000000
5855371069,Senior Planning & Data Analyst,Morgan Law,it-jobs,permanent,full_time,London,2026-08-25 13:42:56+00,2026-08-26,2026-08-26,43000,50000,46500.000000000000
5855370026,Senior Data Analyst,Tenth Revolution Group,it-jobs,permanent,full_time,London,2026-08-25 13:42:42+00,2026-08-26,2026-08-26,50000,55000,52500.000000000000
5856387185,Data Engineering & Insight Manager,Hays,it-jobs,permanent,,Wales,2026-08-26 05:31:48+00,2026-08-26,2026-08-26,80000,80000,80000.000000000000
5856366194,Senior Data Engineer,DWP Digital,it-jobs,,,North East England,2026-08-26 05:27:20+00,2026-08-26,2026-08-26,75000,75000,75000.000000000000
5856366185,Senior Data Engineer,DWP Digital,it-jobs,,,Yorkshire And The Humber,2026-08-26 05:27:20+00,2026-08-26,2026-08-26,75000,75000,75000.000000000000
5856202035,Founding BE Platform Engineer - London hybrid - 120k,Transparency Technology,it-jobs,permanent,full_time,London,2026-08-26 03:12:41+00,2026-08-26,2026-08-26,90000,120000,105000.000000000000
5855005427,Team Lead - US Operations,Hackajob Ltd,it-jobs,,,London,2026-08-25 05:32:07+00,2026-08-25,2026-08-25,50000,50000,50000.000000000000
5856135521,Senior Data Engineer,DWP Digital,it-jobs,permanent,,North East England,2026-08-26 01:44:51+00,2026-08-26,2026-08-26,75000,75000,75000.000000000000
5856135052,Senior Data Engineer,DWP Digital,it-jobs,permanent,,North West England,2026-08-26 01:44:44+00,2026-08-26,2026-08-26,75000,75000,75000.000000000000
5856135059,Senior Data Engineer,DWP Digital,it-jobs,permanent,,West Midlands,2026-08-26 01:44:44+00,2026-08-26,2026-08-26,75000,75000,75000.000000000000
5856130697,Platform Engineer,CreatePay,it-jobs,permanent,,South East England,2026-08-26 01:40:39+00,2026-08-26,2026-08-26,50000,70000,60000.000000000000
5855717149,Data Engineer,Ashdown Group,it-jobs,,,London,2026-08-25 21:40:25+00,2026-08-26,2026-08-26,45000,45000,45000.000000000000
5855716769,Senior Data Engineer,DWP Digital,it-jobs,,,Yorkshire And The Humber,2026-08-25 21:39:09+00,2026-08-26,2026-08-26,75000,75000,75000.000000000000
5855716763,Senior Data Engineer,AQA,it-jobs,permanent,,South East England,2026-08-25 21:39:08+00,2026-08-26,2026-08-26,65000,65000,65000.000000000000
5855716766,Senior Data Engineer,DWP Digital,it-jobs,,,West Midlands,2026-08-25 21:39:08+00,2026-08-26,2026-08-26,75000,75000,75000.000000000000
5855716767,Senior Data Engineer,AQA,it-jobs,permanent,,North West England,2026-08-25 21:39:08+00,2026-08-26,2026-08-26,60000,60000,60000.000000000000
5855716319,Senior Data Engineer,DWP Digital,it-jobs,,,Wales,2026-08-25 21:37:10+00,2026-08-26,2026-08-26,75000,75000,75000.000000000000
5855715516,Senior Data Engineer,DWP Digital,it-jobs,,,North West England,2026-08-25 21:31:28+00,2026-08-26,2026-08-26,75000,75000,75000.000000000000
5855703872,Junior AI Backend Engineer - London,Transparency Technology,it-jobs,permanent,full_time,,2026-08-25 21:12:25+00,2026-08-26,2026-08-26,50000,70000,60000.000000000000
5855696003,Principal Data Engineer,MCS Group,it-jobs,,,Northern Ireland,2026-08-25 20:35:21+00,2026-08-26,2026-08-26,100000,100000,100000.000000000000
5855005442,Material Controller,Prince Personnel Limited,logistics-warehouse-jobs,contract,,West Midlands,2026-08-25 05:32:12+00,2026-08-25,2026-08-25,30000,30000,30000.000000000000
5855679811,Lead Data Quality & Platform Engineer,Randstad Technologies Recruitment,it-jobs,contract,,London,2026-08-25 19:25:50+00,2026-08-26,2026-08-26,117000,130000,123500.000000000000
5855677699,Project Manager,Experis,it-jobs,contract,,West Midlands,2026-08-25 19:20:43+00,2026-08-26,2026-08-26,117000,130000,123500.000000000000
5855620972,Lead Solution Architect - Data Analytics,Inspire People,it-jobs,contract,full_time,London,2026-08-25 17:47:57+00,2026-08-26,2026-08-26,80320,90360,85340.000000000000
5855619855,Product Manager,Cedar,it-jobs,permanent,full_time,London,2026-08-25 17:47:33+00,2026-08-26,2026-08-26,85000,100000,92500.000000000000
5855619649,Data Engineer,Amtis Professional Ltd,it-jobs,,full_time,West Midlands,2026-08-25 17:47:31+00,2026-08-26,2026-08-26,54000,59000,56500.000000000000
5855619443,Senior Manager of SRE,Hackajob Ltd,it-jobs,permanent,,Scotland,2026-08-25 17:47:29+00,2026-08-26,2026-08-26,100000,100000,100000.000000000000
5855618439,Lead Data Engineer,Matchtech,it-jobs,permanent,full_time,London,2026-08-25 17:47:12+00,2026-08-26,2026-08-26,150000,170000,160000.000000000000
5855616482,Principal Data Engineer (GCP),VIQU IT Recruitment,it-jobs,,full_time,North West England,2026-08-25 17:46:31+00,2026-08-26,2026-08-26,90000,100000,95000.000000000000
5855594201,Senior Software Engineer,Hyre AI Limited,it-jobs,,full_time,London,2026-08-25 17:28:32+00,2026-08-26,2026-08-26,60000,80000,70000.000000000000
5855481706,Associate Director Data Science & AI,BSI Group,it-jobs,contract,,,2026-08-25 16:35:51+00,2026-08-26,2026-08-26,72750,105000,88875.000000000000
5855471421,Head of Prism Operations,Clearwater Analytics,it-jobs,,full_time,Scotland,2026-08-25 16:25:44+00,2026-08-26,2026-08-26,100000,140000,120000.000000000000
5855471066,Senior Data Scientist | S4 | Chief Data & AI Office | Milton Keynes,Banco Santander,it-jobs,,full_time,,2026-08-25 16:25:07+00,2026-08-26,2026-08-26,76000,114000,95000.000000000000
5855382958,AWS Data Engineer,Tenth Revolution Group,it-jobs,,full_time,North East England,2026-08-25 13:45:49+00,2026-08-26,2026-08-26,48000,95000,71500.000000000000
5855382965,Data Enigneer,RaptorTech Recruitment Ltd,it-jobs,,full_time,Eastern England,2026-08-25 13:45:49+00,2026-08-26,2026-08-26,40000,50000,45000.000000000000
5855382659,Senior Data Engineer (Fabric),Tenth Revolution Group,it-jobs,,full_time,London,2026-08-25 13:45:45+00,2026-08-26,2026-08-26,70000,90000,80000.000000000000
5855382662,Machine Learning Engineer,Candour Solutions,it-jobs,,full_time,London,2026-08-25 13:45:45+00,2026-08-26,2026-08-26,75000,85000,80000.000000000000
5855382627,Data Engineer,Ashdown Group,it-jobs,,full_time,London,2026-08-25 13:45:45+00,2026-08-26,2026-08-26,40000,47000,43500.000000000000
5855382581,AWS Data Engineer,Tenth Revolution Group,it-jobs,,full_time,North West England,2026-08-25 13:45:44+00,2026-08-26,2026-08-26,48000,95000,71500.000000000000
5855382585,AWS Data Engineer,Tenth Revolution Group,it-jobs,,full_time,Yorkshire And The Humber,2026-08-25 13:45:44+00,2026-08-26,2026-08-26,48000,95000,71500.000000000000
5855382578,AWS Data Engineer,Tenth Revolution Group,it-jobs,,full_time,London,2026-08-25 13:45:44+00,2026-08-26,2026-08-26,45000,95000,70000.000000000000
5855382079,Senior Data Engineer (Databricks),Tenth Revolution Group,it-jobs,,full_time,London,2026-08-25 13:45:37+00,2026-08-26,2026-08-26,55000,85000,70000.000000000000
5855381767,Data Engineer,Adecco,it-jobs,contract,full_time,North West England,2026-08-25 13:45:33+00,2026-08-26,2026-08-26,37526,50897,44211.500000000000
5856191854,Principal/Staff Software Engineer,C&D Talent Advisory,it-jobs,,full_time,South East England,2026-08-26 03:04:35+00,2026-08-26,2026-08-26,100000,200000,150000.000000000000
5856191850,Principal/Staff Software Engineer,C&D Talent Advisory,it-jobs,,full_time,Eastern England,2026-08-26 03:04:35+00,2026-08-26,2026-08-26,100000,200000,150000.000000000000
5856191845,Principal/Staff Software Engineer,C&D Talent Advisory,it-jobs,,full_time,London,2026-08-26 03:04:35+00,2026-08-26,2026-08-26,100000,200000,150000.000000000000
5855005426,Account Executive - Enterprise Growth and Strategic Development,Hackajob Ltd,sales-jobs,,,London,2026-08-25 05:32:07+00,2026-08-25,2026-08-25,90000,90000,90000.000000000000
5856135789,Senior Data Scientist,TALENT INTERNATIONAL UK LTD,it-jobs,contract,,,2026-08-26 01:45:40+00,2026-08-26,2026-08-26,130000,152100,141050.000000000000
5855975908,IT Business Solutions Manager - Permanent,Clockwork Recruitment Ltd,it-jobs,permanent,full_time,London,2026-08-25 23:23:57+00,2026-08-26,2026-08-26,80000,80000,80000.000000000000
5855720725,Data Science Trainee,IT Career Switch,it-jobs,,full_time,London,2026-08-25 21:49:49+00,2026-08-26,2026-08-26,25000,45000,35000.000000000000
5855621710,Senior C# Developer – Full Stack / API / AI,Adria Solutions,it-jobs,,full_time,North West England,2026-08-25 17:48:45+00,2026-08-26,2026-08-26,55000,65000,60000.000000000000
5855619077,AI Engineer,Amtis Professional Ltd,it-jobs,permanent,full_time,North West England,2026-08-25 17:47:20+00,2026-08-26,2026-08-26,50000,60000,55000.000000000000
5855618422,Senior AI Assurance Consultant,Deerfoot Recruitment Solutions Ltd,it-jobs,permanent,full_time,London,2026-08-25 17:47:11+00,2026-08-26,2026-08-26,70000,100000,85000.000000000000
5855617540,Data Scientist,Method Resourcing,it-jobs,,full_time,Yorkshire And The Humber,2026-08-25 17:46:48+00,2026-08-26,2026-08-26,60000,70000,65000.000000000000
5855617542,Machine Learning Engineer,Method Resourcing,it-jobs,,full_time,Yorkshire And The Humber,2026-08-25 17:46:48+00,2026-08-26,2026-08-26,60000,70000,65000.000000000000
5855617410,Senior LLM Engineer (RAG & AI Applications),Hays Specialist Recruitment Limited,it-jobs,permanent,full_time,South East England,2026-08-25 17:46:41+00,2026-08-26,2026-08-26,75000,125000,100000.000000000000
5855615872,Senior Data Science Consultant,Deerfoot Recruitment Solutions Ltd,it-jobs,,full_time,London,2026-08-25 17:46:22+00,2026-08-26,2026-08-26,60000,70000,65000.000000000000
5855473590,"Scale E Agent in North West Agency, 23-month opportunity",Bank of England,admin-jobs,,full_time,North West England,2026-08-25 16:28:47+00,2026-08-26,2026-08-26,72720,81810,77265.000000000000
5855471866,Commercial Insights Leader,BSI Group,scientific-qa-jobs,contract,full_time,,2026-08-25 16:26:31+00,2026-08-26,2026-08-26,92250,110000,101125.000000000000
5855394777,Data Scientist,INNOVIZ LIMITED,it-jobs,permanent,full_time,South East England,2026-08-25 14:41:39+00,2026-08-26,2026-08-26,34000,45000,39500.000000000000
5855382836,Senior Pricing Analyst - Technical - Insurance,Adecco,it-jobs,,full_time,South East England,2026-08-25 13:45:48+00,2026-08-26,2026-08-26,55000,60000,57500.000000000000
5855381831,Senior Software Developer,Spectrum IT Recruitment,it-jobs,,full_time,London,2026-08-25 13:45:34+00,2026-08-26,2026-08-26,120000,150000,135000.000000000000
5855381461,Senior Digital Analyst,Harnham - Data & Analytics Recruitment,it-jobs,,full_time,North West England,2026-08-25 13:45:29+00,2026-08-26,2026-08-26,60000,70000,65000.000000000000
5855381366,Senior Analyst Consultant,Gregory Martin International Limited,it-jobs,,full_time,South East England,2026-08-25 13:45:27+00,2026-08-26,2026-08-26,40000,75000,57500.000000000000
5855381382,"Senior Data Scientist - AI, NLP & Generative AI",Robert Walters,it-jobs,,full_time,London,2026-08-25 13:45:27+00,2026-08-26,2026-08-26,50000,70000,60000.000000000000
5855381068,Graduate GIS / Spatial Data Consultant,MSA Data Analytics Ltd,graduate-jobs,contract,full_time,West Midlands,2026-08-25 13:45:23+00,2026-08-26,2026-08-26,28000,34000,31000.000000000000
5855381102,Software Developer (PhD Graduate),Give a Grad a Go,graduate-jobs,,full_time,London,2026-08-25 13:45:23+00,2026-08-26,2026-08-26,40000,45000,42500.000000000000
5855380791,Graduate Data Engineer,Harnham - Data & Analytics Recruitment,graduate-jobs,,full_time,London,2026-08-25 13:45:19+00,2026-08-26,2026-08-26,35000,44000,39500.000000000000
5855380797,Lead Data Engineer,Harnham - Data & Analytics Recruitment,it-jobs,,full_time,London,2026-08-25 13:45:19+00,2026-08-26,2026-08-26,70000,85000,77500.000000000000
5855380225,Senior Decision Scientist,Gleeson Recruitment Group,it-jobs,,full_time,West Midlands,2026-08-25 13:45:10+00,2026-08-26,2026-08-26,70000,75000,72500.000000000000
5855379584,Pricing Manager,Harnham - Data & Analytics Recruitment,accounting-finance-jobs,,full_time,London,2026-08-25 13:44:59+00,2026-08-26,2026-08-26,60000,80000,70000.000000000000
5855379586,Pricing Manager,Harnham - Data & Analytics Recruitment,accounting-finance-jobs,,full_time,East Midlands,2026-08-25 13:44:59+00,2026-08-26,2026-08-26,60000,80000,70000.000000000000
5855379453,Digital Analyst / Senior Digital Analyst,Harnham - Data & Analytics Recruitment,it-jobs,,full_time,North West England,2026-08-25 13:44:58+00,2026-08-26,2026-08-26,30000,45000,37500.000000000000
5855379375,Growth & Product Analytics Lead,Harnham - Data & Analytics Recruitment,it-jobs,,full_time,London,2026-08-25 13:44:56+00,2026-08-26,2026-08-26,160000,180000,170000.000000000000
5855378205,Data Architect,Reed,it-jobs,,full_time,London,2026-08-25 13:44:40+00,2026-08-26,2026-08-26,80000,94000,87000.000000000000
5855378108,Senior Data Scientist,Harnham - Data & Analytics Recruitment,it-jobs,,full_time,London,2026-08-25 13:44:38+00,2026-08-26,2026-08-26,65000,75000,70000.000000000000
5855378106,Senior Data Scientist,Harnham - Data & Analytics Recruitment,it-jobs,,full_time,East Midlands,2026-08-25 13:44:38+00,2026-08-26,2026-08-26,65000,75000,70000.000000000000
5855377527,Sports Trading Quantitative Analyst,Spectrum IT Recruitment,it-jobs,,full_time,London,2026-08-25 13:44:30+00,2026-08-26,2026-08-26,90000,100000,95000.000000000000
5855377111,Head of AI,The Portfolio Group,it-jobs,,full_time,North West England,2026-08-25 13:44:24+00,2026-08-26,2026-08-26,85000,90000,87500.000000000000
5855376926,Senior Data Engineer,Sellick Partnership,it-jobs,contract,full_time,North East England,2026-08-25 13:44:21+00,2026-08-26,2026-08-26,60000,60000,60000.000000000000
5856137177,Planning Officer (Statutory Returns),University of Huddersfield,teaching-jobs,permanent,,Yorkshire And The Humber,2026-08-26 01:47:15+00,2026-08-26,2026-08-26,30000,30000,30000.000000000000
5856135808,Data Insights & Business Intelligence Analyst,Alexander Mae  Ltd,it-jobs,,part_time,South West England,2026-08-26 01:45:43+00,2026-08-26,2026-08-26,28000,28000,28000.000000000000
5855695614,Head of IT and Digital Transformation,West College Scotland,it-jobs,permanent,full_time,Scotland,2026-08-25 20:33:30+00,2026-08-26,2026-08-26,70851,70851,70851.000000000000
5855005446,Delivery Manager - JP Morgan Personal Investing,Hackajob Ltd,it-jobs,,,London,2026-08-25 05:32:12+00,2026-08-25,2026-08-25,100000,100000,100000.000000000000
5855621694,"SOLUTION ARCHITECT - ENTERPRISE PLATFORMS, INTEGRATION & DATA",Broster Buchanan,it-jobs,permanent,full_time,Eastern England,2026-08-25 17:48:45+00,2026-08-26,2026-08-26,75000,90000,82500.000000000000
5855616994,Chief Financial Officer,Cedar,accounting-finance-jobs,,full_time,London,2026-08-25 17:46:37+00,2026-08-26,2026-08-26,140000,160000,150000.000000000000
5855615860,Business Reporting Analyst,Matchtech,it-jobs,,full_time,West Midlands,2026-08-25 17:46:21+00,2026-08-26,2026-08-26,55000,60000,57500.000000000000
5855426340,Sales Executive,2i Recruit Ltd,sales-jobs,,full_time,South East England,2026-08-25 15:32:27+00,2026-08-26,2026-08-26,25000,35000,30000.000000000000
5855382899,BI Analyst - Asset Strategy,Riverside Group,it-jobs,contract,full_time,North West England,2026-08-25 13:45:49+00,2026-08-26,2026-08-26,39636,43864,41750.000000000000
5855380909,Senior Data Engineer (AWS) - Manchester,Noir,it-jobs,,full_time,North West England,2026-08-25 13:45:21+00,2026-08-26,2026-08-26,60000,80000,70000.000000000000
5855380844,Data Engineer (AWS) - Manchester,Noir,it-jobs,,full_time,North West England,2026-08-25 13:45:20+00,2026-08-26,2026-08-26,45000,65000,55000.000000000000
5855380429,Senior PHP Developer,Ascent Resourcing Limited,it-jobs,,full_time,North West England,2026-08-25 13:45:14+00,2026-08-26,2026-08-26,50000,65000,57500.000000000000
5855380433,Senior PHP Developer,Ascent Resourcing Limited,it-jobs,,full_time,London,2026-08-25 13:45:14+00,2026-08-26,2026-08-26,60000,65000,62500.000000000000
5855380253,2 x Senior Intelligence Officer – Public Health & Children’s Social Care,Reed,it-jobs,,full_time,North West England,2026-08-25 13:45:11+00,2026-08-26,2026-08-26,42893,47181,45037.000000000000
5855380078,Microsoft Fabric BI Developer,Tenth Revolution Group,it-jobs,,full_time,London,2026-08-25 13:45:08+00,2026-08-26,2026-08-26,40000,55000,47500.000000000000
5855378747,Software Engineer - AI & Business Solutions,Proactive Appointments,it-jobs,permanent,full_time,South East England,2026-08-25 13:44:47+00,2026-08-26,2026-08-26,40000,60000,50000.000000000000
5855378511,Data & Insights Analyst,Southern Lights,it-jobs,,full_time,South West England,2026-08-25 13:44:44+00,2026-08-26,2026-08-26,45000,50000,47500.000000000000
5855378307,"Business Intelligence Developer - SQL, ETL, Power BI, DAX",Comtecs Ltd,it-jobs,permanent,full_time,London,2026-08-25 13:44:41+00,2026-08-26,2026-08-26,80000,90000,85000.000000000000
5855377743,Lead BI Analyst - Tableau,Harnham - Data & Analytics Recruitment,it-jobs,,full_time,London,2026-08-25 13:44:33+00,2026-08-26,2026-08-26,56000,56000,56000.000000000000
5855377635,Senior Business Intelligence Developer,Success Talent,it-jobs,,full_time,London,2026-08-25 13:44:31+00,2026-08-26,2026-08-26,60000,65000,62500.000000000000
5855376824,Business Intelligence & AI Lead,Nigel Wright Group,it-jobs,,full_time,North West England,2026-08-25 13:44:19+00,2026-08-26,2026-08-26,50000,80000,65000.000000000000
5855376480,Insights Analyst,Local Pensions Partnership,it-jobs,,full_time,North West England,2026-08-25 13:44:14+00,2026-08-26,2026-08-26,36000,40000,38000.000000000000
5855376378,Commercial Admin Support,WE Talent,admin-jobs,permanent,full_time,,2026-08-25 13:44:12+00,2026-08-26,2026-08-26,35000,35000,35000.000000000000
5855374200,BI Analyst,Riverside Group,it-jobs,contract,full_time,North West England,2026-08-25 13:43:41+00,2026-08-26,2026-08-26,43123,47499,45311.000000000000
5855373969,Lead Business Intelligence Analyst,Harnham - Data & Analytics Recruitment,it-jobs,,full_time,London,2026-08-25 13:43:38+00,2026-08-26,2026-08-26,50000,60000,55000.000000000000
5855373775,Senior Data Engineer,IMT Resourcing,it-jobs,,full_time,South West England,2026-08-25 13:43:35+00,2026-08-26,2026-08-26,75000,85000,80000.000000000000
5855373744,BI Analyst,Proactive Appointments,it-jobs,,full_time,Yorkshire And The Humber,2026-08-25 13:43:34+00,2026-08-26,2026-08-26,30000,35000,32500.000000000000
5855373586,Head of Data & AI,Tenth Revolution Group,it-jobs,permanent,full_time,North West England,2026-08-25 13:43:32+00,2026-08-26,2026-08-26,80000,100000,90000.000000000000
5855373434,Senior Data Engineer,Yolk Recruitment Ltd,it-jobs,contract,full_time,Wales,2026-08-25 13:43:30+00,2026-08-26,2026-08-26,63500,63500,63500.000000000000
5855373227,Finance Systems Manager,Altum Consulting,it-jobs,,full_time,London,2026-08-25 13:43:27+00,2026-08-26,2026-08-26,100000,100000,100000.000000000000
5855373043,IT Support Engineer,VWA ,it-jobs,permanent,full_time,London,2026-08-25 13:43:24+00,2026-08-26,2026-08-26,35000,38000,36500.000000000000
5855372567,Housing Asset Data Manager,Hays Specialist Recruitment Limited,trade-construction-jobs,permanent,full_time,London,2026-08-25 13:43:18+00,2026-08-26,2026-08-26,52000,54000,53000.000000000000
5855372363,Lead Data Engineer,Tenth Revolution Group,it-jobs,,full_time,London,2026-08-25 13:43:15+00,2026-08-26,2026-08-26,80000,110000,95000.000000000000
5855371251,Senior Java Developer - BSS/OSS - HYBRID,Proactive Appointments,it-jobs,,full_time,London,2026-08-25 13:42:59+00,2026-08-26,2026-08-26,70000,80000,75000.000000000000
5855371052,Senior Planning & Assurance Analyst,Morgan Law,it-jobs,contract,full_time,London,2026-08-25 13:42:56+00,2026-08-26,2026-08-26,43000,50000,46500.000000000000
5855369749,Head of Property,Hays Specialist Recruitment Limited,trade-construction-jobs,permanent,full_time,West Midlands,2026-08-25 13:42:37+00,2026-08-26,2026-08-26,70000,75000,72500.000000000000
5855369129,Data Architect,Arc IT Recruitment,it-jobs,,full_time,London,2026-08-25 13:42:26+00,2026-08-26,2026-08-26,100000,110000,105000.000000000000
5856485320,EUC engineer,VIQU Limited,it-jobs,contract,,South West England,2026-08-26 07:38:42+00,2026-08-26,2026-08-26,104000,130000,117000.000000000000
5856484516,RES Health & Social Care Lecturer,Ad Warrior Ltd,teaching-jobs,contract,part_time,Yorkshire And The Humber,2026-08-26 07:36:35+00,2026-08-26,2026-08-26,40809,42827,41818.000000000000
5856484517,Lecturer in Esports,Ad Warrior Ltd,teaching-jobs,permanent,part_time,Yorkshire And The Humber,2026-08-26 07:36:35+00,2026-08-26,2026-08-26,29455,33487,31471.000000000000
5856434748,Client Support and Hardware Specialist,DigiTickets,it-jobs,permanent,full_time,South West England,2026-08-26 06:44:05+00,2026-08-26,2026-08-26,27000,32000,29500.000000000000
5856432984,Surveyor,The Royal Borough of Kensington & Chelsea Council,property-jobs,,full_time,London,2026-08-26 06:43:06+00,2026-08-26,2026-08-26,50000,59999,54999.500000000000
5856406709,Multichannel Marketing Manager,Wurth UK Ltd,pr-advertising-marketing-jobs,permanent,full_time,London,2026-08-26 06:08:32+00,2026-08-26,2026-08-26,50000,65000,57500.000000000000
5856403065,F&B Manager,Box Recruitment Group,hospitality-catering-jobs,permanent,full_time,South West England,2026-08-26 06:01:58+00,2026-08-26,2026-08-26,30000,30000,30000.000000000000
5856403072,Fragrance Analyst Manager,Arthur Edward,manufacturing-jobs,permanent,full_time,South East England,2026-08-26 06:01:58+00,2026-08-26,2026-08-26,50000,60000,55000.000000000000
5856397539,Business Development Manager,ERS SCOTLAND LIMITED,sales-jobs,permanent,,Scotland,2026-08-26 05:46:34+00,2026-08-26,2026-08-26,75000,75000,75000.000000000000
5856397049,Paid Media Manager,Salt,pr-advertising-marketing-jobs,permanent,,London,2026-08-26 05:45:33+00,2026-08-26,2026-08-26,55000,55000,55000.000000000000
5856397048,Customer Marketing Analytics Manager (FTC),AJ BELL BUSINESS SOLUTIONS LIMITED,pr-advertising-marketing-jobs,contract,full_time,London,2026-08-26 05:45:33+00,2026-08-26,2026-08-26,75000,75000,75000.000000000000
5856397046,Senior Digital Marketing Analyst - B2B SaaS,Fruition Group,pr-advertising-marketing-jobs,contract,,,2026-08-26 05:45:33+00,2026-08-26,2026-08-26,78000,110500,94250.000000000000
5856397013,Product Buyer,EVO Group,retail-jobs,permanent,,Yorkshire And The Humber,2026-08-26 05:45:29+00,2026-08-26,2026-08-26,35000,35000,35000.000000000000
5856396828,Financial Controller,The Collective Network,accounting-finance-jobs,permanent,,Eastern England,2026-08-26 05:45:09+00,2026-08-26,2026-08-26,75000,75000,75000.000000000000
5856396623,Senior Electronics Engineer,Bright Purple Resourcing,engineering-jobs,permanent,,South West England,2026-08-26 05:44:47+00,2026-08-26,2026-08-26,65000,65000,65000.000000000000
5856390792,Customer Marketing Analytics Manager (FTC),AJ BELL BUSINESS SOLUTIONS LIMITED,pr-advertising-marketing-jobs,contract,full_time,London,2026-08-26 05:32:31+00,2026-08-26,2026-08-26,75000,75000,75000.000000000000
5856389692,Financial Controller,The Collective Network,accounting-finance-jobs,,,Eastern England,2026-08-26 05:32:16+00,2026-08-26,2026-08-26,75000,75000,75000.000000000000
5856389629,Financial Accounting Manager,MYO Talent,accounting-finance-jobs,,,London,2026-08-26 05:32:16+00,2026-08-26,2026-08-26,85000,85000,85000.000000000000
5856387206,Senior Technical Security Risk Consultant,Sanderson Government and Defence,it-jobs,permanent,full_time,London,2026-08-26 05:31:48+00,2026-08-26,2026-08-26,80000,80000,80000.000000000000
5856379173,Regulatory Finance Analyst,Northern Gas,accounting-finance-jobs,contract,,Yorkshire And The Humber,2026-08-26 05:30:44+00,2026-08-26,2026-08-26,30000,30000,30000.000000000000
5856234597,Qualified Children's Social Worker - Child focused courts,CAFCASS,social-work-jobs,,,North East England,2026-08-26 03:27:19+00,2026-08-26,2026-08-26,45749,49866,47807.500000000000
5856208679,Senior Case Worker,Hampshire County Council,social-work-jobs,,,South East England,2026-08-26 03:18:12+00,2026-08-26,2026-08-26,33178,36369,34773.500000000000
5856201822,Pyramid Support & Systems Officer,The Housing Network,it-jobs,permanent,full_time,Eastern England,2026-08-26 03:11:11+00,2026-08-26,2026-08-26,38000,50000,44000.000000000000
5856192185,Corporate Counsel Expert - Remote,YO AI Labs,legal-jobs,contract,part_time,London,2026-08-26 03:04:53+00,2026-08-26,2026-08-26,208000,416000,312000.000000000000
5856192184,Corporate Counsel Expert - Remote,YO AI Labs,legal-jobs,contract,part_time,South East England,2026-08-26 03:04:53+00,2026-08-26,2026-08-26,208000,416000,312000.000000000000
5856192085,English Language Expert - Remote,YO AI Labs,it-jobs,contract,,North West England,2026-08-26 03:04:41+00,2026-08-26,2026-08-26,62400,104000,83200.000000000000
5856192078,English Language Expert - Remote,YO AI Labs,it-jobs,contract,,London,2026-08-26 03:04:41+00,2026-08-26,2026-08-26,62400,104000,83200.000000000000
5856191905,Investment Associate,Recruitment Rebellion,accounting-finance-jobs,,,London,2026-08-26 03:04:36+00,2026-08-26,2026-08-26,38000,42000,40000.000000000000
5856175561,Senior Practitioner Adult Safeguarding,Leaders in Care,social-work-jobs,contract,full_time,West Midlands,2026-08-26 02:53:17+00,2026-08-26,2026-08-26,72800,72800,72800.000000000000
5856175382,English Teacher,Education Network,teaching-jobs,contract,full_time,West Midlands,2026-08-26 02:53:14+00,2026-08-26,2026-08-26,45500,65000,55250.000000000000
5855005443,Product Manager - UK Cards,Hackajob Ltd,engineering-jobs,,,London,2026-08-25 05:32:12+00,2026-08-25,2026-08-25,90000,90000,90000.000000000000
5856163815,Sales Administrator,Get Staffed Online Recruitment,sales-jobs,permanent,full_time,,2026-08-26 02:46:03+00,2026-08-26,2026-08-26,27000,,
5854951542,ERP System Partner,West Midlands Combined Authority ,it-jobs,contract,part_time,,2026-08-25 04:28:35+00,2026-08-25,2026-08-25,53537,59769,56653.000000000000
5854885631,Qualified Children's Social Worker - Child Focused Courts,Cafcass Organisation,social-work-jobs,,,,2026-08-25 03:22:29+00,2026-08-25,2026-08-25,45749,49866,47807.500000000000
5855716321,Data Analyst,Bright Purple Resourcing,it-jobs,,,Scotland,2026-08-25 21:37:10+00,2026-08-26,2026-08-26,45000,45000,45000.000000000000
5855716765,Senior Data Engineer,DWP Digital,it-jobs,,,North West England,2026-08-25 21:39:08+00,2026-08-26,2026-08-26,75000,75000,75000.000000000000
5855716322,Data Engineer Azure Databricks,MYO Talent,it-jobs,contract,,South East England,2026-08-25 21:37:10+00,2026-08-26,2026-08-26,104000,130000,117000.000000000000
5856175674,Finance Operations Coordinator,The Propeller Academy Trust,accounting-finance-jobs,permanent,part_time,South East England,2026-08-26 02:53:18+00,2026-08-26,2026-08-26,23266,25189,24227.500000000000
5856143723,Speech and Language Therapist,HCRG Care Group,healthcare-nursing-jobs,,part_time,South West England,2026-08-26 02:05:57+00,2026-08-26,2026-08-26,39959,48117,44038.000000000000
5857227755,Power Platform & Microsoft Fabric Developer,MCS Group,it-jobs,contract,,Northern Ireland,2026-08-26 20:44:14+00,2026-08-27,2026-08-27,60000,60000,60000.000000000000
5857227791,Senior Data Analyst - Marketing Ops,MCS Group,pr-advertising-marketing-jobs,,,Northern Ireland,2026-08-26 20:44:14+00,2026-08-27,2026-08-27,60000,60000,60000.000000000000
5857207842,Data Analyst,Infinity Quest UK,it-jobs,,,,2026-08-26 19:11:52+00,2026-08-27,2026-08-27,93600,93600,93600.000000000000
5857189443,Head of Marketing Analytics,Harnham - Data & Analytics Recruitment,pr-advertising-marketing-jobs,,full_time,North West England,2026-08-26 17:52:04+00,2026-08-27,2026-08-27,90000,110000,100000.000000000000
5857189171,Data Analyst,Reed,it-jobs,contract,full_time,West Midlands,2026-08-26 17:51:55+00,2026-08-27,2026-08-27,35000,45000,40000.000000000000
5856959936,Data Analyst,Truespeed Communications,it-jobs,permanent,full_time,South West England,2026-08-26 16:21:47+00,2026-08-27,2026-08-27,35000,40000,37500.000000000000
5856597109,Data & Insights Manager,Understanding Recruitment,it-jobs,,full_time,London,2026-08-26 09:48:32+00,2026-08-27,2026-08-27,50000,52000,51000.000000000000
5855735206,Data Analyst,Second Step,it-jobs,contract,full_time,South West England,2026-08-25 22:47:07+00,2026-08-26,2026-08-27,38717,38717,38717.000000000000
5858559806,Lead Product Manager,Anson Mccade,it-jobs,permanent,,West Midlands,2026-08-27 17:54:05+00,2026-08-27,2026-08-27,75000,75000,75000.000000000000
5856809440,Cybersecurity Controls/ Data Analyst,Cyberteam,it-jobs,,,Yorkshire And The Humber,2026-08-26 13:31:56+00,2026-08-27,2026-08-27,156000,156000,156000.000000000000
5856594655,Senior Implementation Analyst,Hackajob Ltd,it-jobs,permanent,,London,2026-08-26 09:46:48+00,2026-08-27,2026-08-27,100000,100000,100000.000000000000
5858550961,Data Engineer,Pave Talent Partners Limited,it-jobs,permanent,,North West England,2026-08-27 17:51:22+00,2026-08-27,2026-08-27,75000,75000,75000.000000000000
5858414758,"Strategy and Operations Manager, GTM - EMEA",Cockroach Labs,it-jobs,,,London,2026-08-27 16:39:41+00,2026-08-27,2026-08-27,58000,77000,67500.000000000000
5858411253,Senior Data Engineer,AQA Education,it-jobs,permanent,full_time,,2026-08-27 16:39:21+00,2026-08-27,2026-08-27,59000,66000,62500.000000000000
5858373339,Senior Data Quality Engineer,Lloyds Bank,it-jobs,,full_time,,2026-08-27 16:25:57+00,2026-08-27,2026-08-27,72702,80780,76741.000000000000
5858381228,Senior Machine Learning Engineer,Wellcome,it-jobs,permanent,full_time,,2026-08-27 16:30:19+00,2026-08-27,2026-08-27,65360,81700,73530.000000000000
5858379655,Director of Engineering And Operations,Precision People,engineering-jobs,,full_time,,2026-08-27 16:29:33+00,2026-08-27,2026-08-27,130000,140000,135000.000000000000
5858550976,BI Data Engineer,Essential Recruitment,it-jobs,permanent,,West Midlands,2026-08-27 17:51:23+00,2026-08-27,2026-08-27,55000,55000,55000.000000000000
5858200066,Data Engineer Contract - Alation and Profisee - 6 months,CBSbutler Holdings Limited trading as CBSbutler,it-jobs,contract,,London,2026-08-27 12:25:12+00,2026-08-27,2026-08-27,88400,100100,94250.000000000000
5858153213,Compute Infrastructure Platforms Lead Data Engineer,Hackajob Ltd,it-jobs,,full_time,Yorkshire And The Humber,2026-08-27 11:41:44+00,2026-08-27,2026-08-27,100000,100000,100000.000000000000
5858153209,"Principal Data Scientist - AI, MLOps, GenAI Lead",Hackajob Ltd,it-jobs,,full_time,London,2026-08-27 11:41:44+00,2026-08-27,2026-08-27,80000,80000,80000.000000000000
5858153187,Informatica Subject Matter Expert,Hackajob Ltd,it-jobs,,full_time,London,2026-08-27 11:41:44+00,2026-08-27,2026-08-27,90000,90000,90000.000000000000
5858153104,Software Engineer II - Databricks,Hackajob Ltd,it-jobs,,full_time,South West England,2026-08-27 11:41:44+00,2026-08-27,2026-08-27,100000,100000,100000.000000000000
5858153161,Corporate KYC Sr Lead Software Engineer,Hackajob Ltd,it-jobs,,full_time,London,2026-08-27 11:41:44+00,2026-08-27,2026-08-27,100000,100000,100000.000000000000
5858153177,Lead Software Data Engineer - Corporate KYC,Hackajob Ltd,it-jobs,,full_time,London,2026-08-27 11:41:44+00,2026-08-27,2026-08-27,100000,100000,100000.000000000000
5858153216,Forward Deployed Engineer Specialist - Charing Cross,Hackajob Ltd,it-jobs,,full_time,Yorkshire And The Humber,2026-08-27 11:41:44+00,2026-08-27,2026-08-27,90000,90000,90000.000000000000
5858153175,Software Engineer III - Data Engineering,Hackajob Ltd,it-jobs,,full_time,London,2026-08-27 11:41:44+00,2026-08-27,2026-08-27,100000,100000,100000.000000000000
5858153157,Corporate KYC Principle Software Engineer,Hackajob Ltd,it-jobs,,full_time,London,2026-08-27 11:41:44+00,2026-08-27,2026-08-27,100000,100000,100000.000000000000
5858153061,Senior Data Engineer,Langham Recruitment,it-jobs,,full_time,Eastern England,2026-08-27 11:41:43+00,2026-08-27,2026-08-27,60000,65000,62500.000000000000
5858153044,Senior Data Engineer,Hackajob Ltd,it-jobs,,full_time,South West England,2026-08-27 11:41:43+00,2026-08-27,2026-08-27,70000,70000,70000.000000000000
5858152877,Lead Technical Product Owner,Sky,it-jobs,,full_time,London,2026-08-27 11:41:42+00,2026-08-27,2026-08-27,45000,66000,55500.000000000000
5858152742,Engineering Manager,Randstad Digital,it-jobs,,full_time,North West England,2026-08-27 11:41:41+00,2026-08-27,2026-08-27,40000,67500,53750.000000000000
5858152630,Software Developer,Network Mapping Limited,it-jobs,,full_time,Yorkshire And The Humber,2026-08-27 11:41:40+00,2026-08-27,2026-08-27,35000,45000,40000.000000000000
5858152639,Palantir Developer,Experis,it-jobs,permanent,full_time,London,2026-08-27 11:41:40+00,2026-08-27,2026-08-27,60000,60000,60000.000000000000
5858152399,Lead AI Engineer,KPMG UK,it-jobs,,full_time,London,2026-08-27 11:41:38+00,2026-08-27,2026-08-27,57000,63000,60000.000000000000
5858152219,Data Engineer,Hexwired Recruitment Limited,it-jobs,,full_time,London,2026-08-27 11:41:37+00,2026-08-27,2026-08-27,40000,55000,47500.000000000000
5858151691,Quality Assurance Analyst,DGH Recruitment Ltd,it-jobs,,full_time,London,2026-08-27 11:41:32+00,2026-08-27,2026-08-27,55000,57000,56000.000000000000
5858151513,DV Cleared AI & Palantir Engineer,CBSbutler Holdings Limited trading as CBSbutler,it-jobs,contract,,London,2026-08-27 11:41:31+00,2026-08-27,2026-08-27,40000,100000,70000.000000000000
5858151541,Technical Business Analyst,83zero Ltd,it-jobs,permanent,full_time,South East England,2026-08-27 11:41:31+00,2026-08-27,2026-08-27,50000,55000,52500.000000000000
5858151281,Junior Data Engineer,Jackson Hogg Ltd,it-jobs,,full_time,North East England,2026-08-27 11:41:30+00,2026-08-27,2026-08-27,30000,35000,32500.000000000000
5858546078,Insight Analyst,IO Associates,accounting-finance-jobs,permanent,,South West England,2026-08-27 17:49:43+00,2026-08-27,2026-08-27,55000,55000,55000.000000000000
5858438080,"Senior Manager: Data, AI & Performance Analytics",Tandem Talent,it-jobs,,full_time,South West England,2026-08-27 16:42:37+00,2026-08-27,2026-08-27,60000,70000,65000.000000000000
5856175503,Automotive Marketing & Social Media Manager,Perfect Placement,pr-advertising-marketing-jobs,permanent,full_time,South East England,2026-08-26 02:53:16+00,2026-08-26,2026-08-26,43000,43000,43000.000000000000
5856175449,Tax Advisor / Tax Advisory Specialist – Accountancy Practice,Puro Associates Ltd,accounting-finance-jobs,permanent,full_time,North East England,2026-08-26 02:53:15+00,2026-08-26,2026-08-26,25000,30000,27500.000000000000
5858376183,Principal Digital Specialist - Principal Data Engineer (Azure),Scottish Water,it-jobs,,full_time,Scotland,2026-08-27 16:27:45+00,2026-08-27,2026-08-27,54776,74386,64581.000000000000
5858403828,Data Scientist - Commercial Analytics,Junior AI,it-jobs,,full_time,London,2026-08-27 16:38:32+00,2026-08-27,2026-08-27,80000,100000,90000.000000000000
5858394660,Senior Clinical Research Data Manager,UKHCDO Limited,scientific-qa-jobs,permanent,full_time,North West England,2026-08-27 16:37:05+00,2026-08-27,2026-08-27,49387,56515,52951.000000000000
5858200140,Data Architect,Experis,it-jobs,contract,,London,2026-08-27 12:25:25+00,2026-08-27,2026-08-27,208000,223600,215800.000000000000
5858153334,Data & Analytics Lead,Gleeson Recruitment Group,it-jobs,,full_time,London,2026-08-27 11:41:45+00,2026-08-27,2026-08-27,80000,100000,90000.000000000000
5858151459,AWS Cloud Engineer,Lightfoot,it-jobs,,full_time,South West England,2026-08-27 11:41:31+00,2026-08-27,2026-08-27,26000,66000,46000.000000000000
5858554169,Settlements Data Analyst,Belinda Roberts Ltd,accounting-finance-jobs,permanent,,North West England,2026-08-27 17:52:16+00,2026-08-27,2026-08-27,28000,28000,28000.000000000000
5858153186,Lead Data Scientist - Public Sector,Hackajob Ltd,it-jobs,,full_time,North West England,2026-08-27 11:41:44+00,2026-08-27,2026-08-27,100000,100000,100000.000000000000
5858153214,"Vice President, AI Machine Learning Engineer",Hackajob Ltd,it-jobs,,full_time,North West England,2026-08-27 11:41:44+00,2026-08-27,2026-08-27,100000,100000,100000.000000000000
5858151354,Data Engineer,Third Nexus Group Limited,it-jobs,permanent,full_time,London,2026-08-27 11:41:30+00,2026-08-27,2026-08-27,75000,100000,87500.000000000000
5858380662,"Director, AI Systems Foundations & Reusable Capabilities",Novartis,it-jobs,,full_time,London,2026-08-27 16:30:02+00,2026-08-27,2026-08-27,100240,186160,143200.000000000000
5858380224,"Applied AI Architect, Digital Natives Business",Anthropic,it-jobs,,,London,2026-08-27 16:29:49+00,2026-08-27,2026-08-27,190000,230000,210000.000000000000
5858378127,Graduate AI Research Assistant,Tech Recruitment UK Ltd,graduate-jobs,,full_time,London,2026-08-27 16:28:41+00,2026-08-27,2026-08-27,36000,38000,37000.000000000000
5856892687,Data Analyst,Reed Technology,it-jobs,contract,full_time,West Midlands,2026-08-26 15:24:05+00,2026-08-27,2026-08-27,35000,45000,40000.000000000000
5858368115,"Director, AI Systems Foundations & Reusable Capabilities",Novartis,it-jobs,,full_time,London,2026-08-27 16:22:36+00,2026-08-27,2026-08-27,100240,186160,143200.000000000000
5858367673,"Director: AI Systems Reliability, Testing & Performance",Novartis,it-jobs,,full_time,London,2026-08-27 16:22:15+00,2026-08-27,2026-08-27,100240,186160,143200.000000000000
5858342019,Senior Decision Scientist,Gleeson Recruitment Group,it-jobs,,full_time,West Midlands,2026-08-27 15:52:20+00,2026-08-27,2026-08-27,70000,75000,72500.000000000000
5858341775,Trainee Ai Engineer,IT Career Switch,it-jobs,,full_time,North West England,2026-08-27 15:52:16+00,2026-08-27,2026-08-27,25000,45000,35000.000000000000
5858341727,Trainee Ai Engineer,IT Career Switch,it-jobs,,full_time,South East England,2026-08-27 15:52:16+00,2026-08-27,2026-08-27,25000,45000,35000.000000000000
5858341741,Trainee Ai Engineer,IT Career Switch,it-jobs,,full_time,South East England,2026-08-27 15:52:16+00,2026-08-27,2026-08-27,25000,45000,35000.000000000000
5858151274,Python Developer,Tria,it-jobs,,full_time,West Midlands,2026-08-27 11:41:30+00,2026-08-27,2026-08-27,45000,50000,47500.000000000000
5858341759,Trainee Ai Engineer,IT Career Switch,it-jobs,,full_time,Eastern England,2026-08-27 15:52:16+00,2026-08-27,2026-08-27,25000,45000,35000.000000000000
5858341723,Trainee Ai Engineer,IT Career Switch,it-jobs,,full_time,Eastern England,2026-08-27 15:52:16+00,2026-08-27,2026-08-27,25000,45000,35000.000000000000
5858341758,Trainee Ai Engineer,IT Career Switch,it-jobs,,full_time,South East England,2026-08-27 15:52:16+00,2026-08-27,2026-08-27,25000,45000,35000.000000000000
5858341714,Trainee Ai Engineer,IT Career Switch,it-jobs,,full_time,London,2026-08-27 15:52:16+00,2026-08-27,2026-08-27,25000,45000,35000.000000000000
5858341739,Trainee Ai Engineer,IT Career Switch,it-jobs,,full_time,South West England,2026-08-27 15:52:16+00,2026-08-27,2026-08-27,25000,45000,35000.000000000000
5858341773,Trainee Ai Engineer,IT Career Switch,it-jobs,,full_time,North West England,2026-08-27 15:52:16+00,2026-08-27,2026-08-27,25000,45000,35000.000000000000
5858368838,"Senior Pricing Analyst, Savings",Monzo,accounting-finance-jobs,,,London,2026-08-27 16:23:08+00,2026-08-27,2026-08-27,75000,95000,85000.000000000000
5858341719,Trainee Ai Engineer,IT Career Switch,it-jobs,,full_time,Yorkshire And The Humber,2026-08-27 15:52:16+00,2026-08-27,2026-08-27,25000,45000,35000.000000000000
5858341746,Trainee Ai Engineer,IT Career Switch,it-jobs,,full_time,North West England,2026-08-27 15:52:16+00,2026-08-27,2026-08-27,25000,45000,35000.000000000000
5858341730,Trainee Ai Engineer,IT Career Switch,it-jobs,,full_time,Eastern England,2026-08-27 15:52:16+00,2026-08-27,2026-08-27,25000,45000,35000.000000000000
5858341764,Trainee Ai Engineer,IT Career Switch,it-jobs,,full_time,West Midlands,2026-08-27 15:52:16+00,2026-08-27,2026-08-27,25000,45000,35000.000000000000
5858341760,Trainee Ai Engineer,IT Career Switch,it-jobs,,full_time,North West England,2026-08-27 15:52:16+00,2026-08-27,2026-08-27,25000,45000,35000.000000000000
5858341776,Trainee Ai Engineer,IT Career Switch,it-jobs,,full_time,South East England,2026-08-27 15:52:16+00,2026-08-27,2026-08-27,25000,45000,35000.000000000000
5858341717,Trainee Ai Engineer,IT Career Switch,it-jobs,,full_time,Eastern England,2026-08-27 15:52:16+00,2026-08-27,2026-08-27,25000,45000,35000.000000000000
5858341718,Trainee Ai Engineer,IT Career Switch,it-jobs,,full_time,Yorkshire And The Humber,2026-08-27 15:52:16+00,2026-08-27,2026-08-27,25000,45000,35000.000000000000
5858341749,Trainee Ai Engineer,IT Career Switch,it-jobs,,full_time,North West England,2026-08-27 15:52:16+00,2026-08-27,2026-08-27,25000,45000,35000.000000000000
5858341765,Trainee Ai Engineer,IT Career Switch,it-jobs,,full_time,West Midlands,2026-08-27 15:52:16+00,2026-08-27,2026-08-27,25000,45000,35000.000000000000
5858341735,Trainee Ai Engineer,IT Career Switch,it-jobs,,full_time,West Midlands,2026-08-27 15:52:16+00,2026-08-27,2026-08-27,25000,45000,35000.000000000000
5858341721,Trainee Ai Engineer,IT Career Switch,it-jobs,,full_time,North West England,2026-08-27 15:52:16+00,2026-08-27,2026-08-27,25000,45000,35000.000000000000
5858341751,Trainee Ai Engineer,IT Career Switch,it-jobs,,full_time,North West England,2026-08-27 15:52:16+00,2026-08-27,2026-08-27,25000,45000,35000.000000000000
5858341734,Trainee Ai Engineer,IT Career Switch,it-jobs,,full_time,East Midlands,2026-08-27 15:52:16+00,2026-08-27,2026-08-27,25000,45000,35000.000000000000
5858341770,Trainee Ai Engineer,IT Career Switch,it-jobs,,full_time,West Midlands,2026-08-27 15:52:16+00,2026-08-27,2026-08-27,25000,45000,35000.000000000000
5858341748,Trainee Ai Engineer,IT Career Switch,it-jobs,,full_time,Yorkshire And The Humber,2026-08-27 15:52:16+00,2026-08-27,2026-08-27,25000,45000,35000.000000000000
5858341766,Trainee Ai Engineer,IT Career Switch,it-jobs,,full_time,Wales,2026-08-27 15:52:16+00,2026-08-27,2026-08-27,25000,45000,35000.000000000000
5858364325,Head of Data,Chartered Insurance Institute,it-jobs,permanent,full_time,London,2026-08-27 16:19:42+00,2026-08-27,2026-08-27,60001,100000,80000.500000000000
5858372105,Senior Data Engineer,Kharon,engineering-jobs,,full_time,London,2026-08-27 16:25:10+00,2026-08-27,2026-08-27,95000,115000,105000.000000000000
5858341780,Trainee Ai Engineer,IT Career Switch,it-jobs,,full_time,Yorkshire And The Humber,2026-08-27 15:52:16+00,2026-08-27,2026-08-27,25000,45000,35000.000000000000
5858341716,Trainee Ai Engineer,IT Career Switch,it-jobs,,full_time,Yorkshire And The Humber,2026-08-27 15:52:16+00,2026-08-27,2026-08-27,25000,45000,35000.000000000000
5858341733,Trainee Ai Engineer,IT Career Switch,it-jobs,,full_time,East Midlands,2026-08-27 15:52:16+00,2026-08-27,2026-08-27,25000,45000,35000.000000000000
5858341732,Trainee Ai Engineer,IT Career Switch,it-jobs,,full_time,West Midlands,2026-08-27 15:52:16+00,2026-08-27,2026-08-27,25000,45000,35000.000000000000
5858341745,Trainee Ai Engineer,IT Career Switch,it-jobs,,full_time,Eastern England,2026-08-27 15:52:16+00,2026-08-27,2026-08-27,25000,45000,35000.000000000000
5858341725,Trainee Ai Engineer,IT Career Switch,it-jobs,,full_time,South East England,2026-08-27 15:52:16+00,2026-08-27,2026-08-27,25000,45000,35000.000000000000
5858341771,Trainee Ai Engineer,IT Career Switch,it-jobs,,full_time,Eastern England,2026-08-27 15:52:16+00,2026-08-27,2026-08-27,25000,45000,35000.000000000000
5858341737,Trainee Ai Engineer,IT Career Switch,it-jobs,,full_time,Eastern England,2026-08-27 15:52:16+00,2026-08-27,2026-08-27,25000,45000,35000.000000000000
5858255236,Data Engineer Azure / Databricks - Remote,MYO Talent,it-jobs,contract,,South East England,2026-08-27 13:30:54+00,2026-08-27,2026-08-27,104000,130000,117000.000000000000
5858153374,Data Migration Engineer,Experis,it-jobs,contract,full_time,South East England,2026-08-27 11:41:46+00,2026-08-27,2026-08-27,60000,90000,75000.000000000000
5858153335,EMEA Lead Data Engineer,Gleeson Recruitment Group,it-jobs,,full_time,London,2026-08-27 11:41:45+00,2026-08-27,2026-08-27,80000,100000,90000.000000000000
5858341755,Trainee Ai Engineer,IT Career Switch,it-jobs,,full_time,South East England,2026-08-27 15:52:16+00,2026-08-27,2026-08-27,25000,45000,35000.000000000000
5858341769,Trainee Ai Engineer,IT Career Switch,it-jobs,,full_time,Yorkshire And The Humber,2026-08-27 15:52:16+00,2026-08-27,2026-08-27,25000,45000,35000.000000000000
5858153370,DV Cleared Data Consultant - AWS,Hays,it-jobs,,full_time,London,2026-08-27 11:41:46+00,2026-08-27,2026-08-27,129920,134576,132248.000000000000
5858341752,Trainee Ai Engineer,IT Career Switch,it-jobs,,full_time,,2026-08-27 15:52:16+00,2026-08-27,2026-08-27,25000,45000,35000.000000000000
5858341736,Trainee Ai Engineer,IT Career Switch,it-jobs,,full_time,South East England,2026-08-27 15:52:16+00,2026-08-27,2026-08-27,25000,45000,35000.000000000000
5858153350,Senior Python Engineer (Data Engineering & AI Agents),Intellias,it-jobs,,full_time,London,2026-08-27 11:41:45+00,2026-08-27,2026-08-27,46000,50000,48000.000000000000
5858341724,Trainee Ai Engineer,IT Career Switch,it-jobs,,full_time,North West England,2026-08-27 15:52:16+00,2026-08-27,2026-08-27,25000,45000,35000.000000000000
5858341720,Trainee Ai Engineer,IT Career Switch,it-jobs,,full_time,East Midlands,2026-08-27 15:52:16+00,2026-08-27,2026-08-27,25000,45000,35000.000000000000
5858341753,Trainee Ai Engineer,IT Career Switch,it-jobs,,full_time,Yorkshire And The Humber,2026-08-27 15:52:16+00,2026-08-27,2026-08-27,25000,45000,35000.000000000000
5858341768,Trainee Ai Engineer,IT Career Switch,it-jobs,,full_time,South West England,2026-08-27 15:52:16+00,2026-08-27,2026-08-27,25000,45000,35000.000000000000
5858341738,Trainee Ai Engineer,IT Career Switch,it-jobs,,full_time,North West England,2026-08-27 15:52:16+00,2026-08-27,2026-08-27,25000,45000,35000.000000000000
5858341683,Trainee Ai Engineer,IT Career Switch,it-jobs,,full_time,London,2026-08-27 15:52:15+00,2026-08-27,2026-08-27,25000,45000,35000.000000000000
5858341670,Trainee Ai Engineer,IT Career Switch,it-jobs,,full_time,West Midlands,2026-08-27 15:52:15+00,2026-08-27,2026-08-27,25000,45000,35000.000000000000
5858341691,Trainee Ai Engineer,IT Career Switch,it-jobs,,full_time,South East England,2026-08-27 15:52:15+00,2026-08-27,2026-08-27,25000,45000,35000.000000000000
5858341680,Trainee Ai Engineer,IT Career Switch,it-jobs,,full_time,South West England,2026-08-27 15:52:15+00,2026-08-27,2026-08-27,25000,45000,35000.000000000000
5858341696,Trainee Ai Engineer,IT Career Switch,it-jobs,,full_time,Yorkshire And The Humber,2026-08-27 15:52:15+00,2026-08-27,2026-08-27,25000,45000,35000.000000000000
5858341672,Trainee Ai Engineer,IT Career Switch,it-jobs,,full_time,North West England,2026-08-27 15:52:15+00,2026-08-27,2026-08-27,25000,45000,35000.000000000000
5858151545,Senior AI Engineer,Infused Solutions Ltd,it-jobs,,full_time,North West England,2026-08-27 11:41:31+00,2026-08-27,2026-08-27,65000,80000,72500.000000000000
5858341685,Trainee Ai Engineer,IT Career Switch,it-jobs,,full_time,Wales,2026-08-27 15:52:15+00,2026-08-27,2026-08-27,25000,45000,35000.000000000000
5857903951,Senior Data Engineer,DWP Digital,it-jobs,permanent,,North West England,2026-08-27 05:46:00+00,2026-08-27,2026-08-27,75000,75000,75000.000000000000
5857712662,Senior Children's Services Reporting Specialist,Baltimore Consulting,it-jobs,contract,full_time,East Midlands,2026-08-27 02:56:58+00,2026-08-27,2026-08-27,104000,130000,117000.000000000000
5857632632,Logistics & Transport Management Analyst,Blue Arrow- Logistics,logistics-warehouse-jobs,permanent,full_time,East Midlands,2026-08-27 01:48:14+00,2026-08-27,2026-08-27,55000,55000,55000.000000000000
5857504914,Performance Analyst,Essential Employment,it-jobs,contract,full_time,South East England,2026-08-27 00:24:50+00,2026-08-27,2026-08-27,98800,98800,98800.000000000000
5857504915,Senior Business Analyst,Essential Employment,it-jobs,contract,full_time,South East England,2026-08-27 00:24:50+00,2026-08-27,2026-08-27,102915,102915,102915.000000000000
5857268453,Data & Analytics Developer,East Anglia's Children's Hospices,it-jobs,,full_time,Eastern England,2026-08-26 22:46:10+00,2026-08-27,2026-08-27,30000,30000,30000.000000000000
5857250431,Logistics & Transport Management Analyst,Blue Arrow- Logistics,logistics-warehouse-jobs,,full_time,East Midlands,2026-08-26 21:37:09+00,2026-08-27,2026-08-27,55000,55000,55000.000000000000
5857227788,Power BI Developer,Ocho,it-jobs,,,Northern Ireland,2026-08-26 20:44:14+00,2026-08-27,2026-08-27,55000,55000,55000.000000000000
5857213376,Finance Director,SF Partners,accounting-finance-jobs,,full_time,West Midlands,2026-08-26 19:27:54+00,2026-08-27,2026-08-27,100000,120000,110000.000000000000
5857212523,Power Platform Architect | Hybrid | Up to £625/Day | Inside,Akkodis,it-jobs,contract,,London,2026-08-26 19:22:54+00,2026-08-27,2026-08-27,149500,162500,156000.000000000000
5858341704,Trainee Ai Engineer,IT Career Switch,it-jobs,,full_time,South West England,2026-08-27 15:52:15+00,2026-08-27,2026-08-27,25000,45000,35000.000000000000
5858341700,Trainee Ai Engineer,IT Career Switch,it-jobs,,full_time,London,2026-08-27 15:52:15+00,2026-08-27,2026-08-27,25000,45000,35000.000000000000
5856897049,Logistics & Transport Management Analyst,Blue Arrow,logistics-warehouse-jobs,,full_time,East Midlands,2026-08-26 15:31:53+00,2026-08-27,2026-08-27,40000,55000,47500.000000000000
5856824739,Systems Support Assistant,deverellsmith,it-jobs,,full_time,South East England,2026-08-26 13:48:01+00,2026-08-27,2026-08-27,28000,28000,28000.000000000000
5856802528,Civils Reporting Lead,Rullion Managed Services,it-jobs,permanent,full_time,London,2026-08-26 13:22:56+00,2026-08-27,2026-08-27,80000,95000,87500.000000000000
5856801859,Oracle HCM Functional Consultant,Intec Select Ltd,it-jobs,permanent,full_time,Eastern England,2026-08-26 13:22:10+00,2026-08-27,2026-08-27,90000,100000,95000.000000000000
5856801552,Developer,Entech Technical Solutions Limited,it-jobs,contract,,Northern Ireland,2026-08-26 13:21:54+00,2026-08-27,2026-08-27,64000,64000,64000.000000000000
5858559835,Quality Technician,SBR ,engineering-jobs,permanent,,South East England,2026-08-27 17:54:06+00,2026-08-27,2026-08-27,35000,35000,35000.000000000000
5858559824,Quality Development Manager,Runwood Care Homes,healthcare-nursing-jobs,permanent,,East Midlands,2026-08-27 17:54:06+00,2026-08-27,2026-08-27,60000,60000,60000.000000000000
5858260997,Senior Oracle PPM Cloud Functional Consultant,Hackajob Ltd,it-jobs,permanent,,London,2026-08-27 13:45:19+00,2026-08-27,2026-08-27,90000,90000,90000.000000000000
5858559719,Team Leader,Staff Power Group Limited,manufacturing-jobs,contract,,North East England,2026-08-27 17:53:41+00,2026-08-27,2026-08-27,30243,30243,30243.000000000000
5858558861,Employment Specialist Connect to Work,Groundwork NE & Cumbria,social-work-jobs,permanent,full_time,North East England,2026-08-27 17:53:32+00,2026-08-27,2026-08-27,30000,30000,30000.000000000000
5858558841,HR Director,Neilson Recruitment,hr-jobs,permanent,,North West England,2026-08-27 17:53:32+00,2026-08-27,2026-08-27,85000,85000,85000.000000000000
5858555283,Graduate Mechanical Design Engineer,HAYS,graduate-jobs,permanent,,North West England,2026-08-27 17:52:41+00,2026-08-27,2026-08-27,30000,30000,30000.000000000000
5858555307,Gas Responsible Person,HAYS,engineering-jobs,permanent,,South West England,2026-08-27 17:52:41+00,2026-08-27,2026-08-27,50000,50000,50000.000000000000
5858554166,Management Accountant,Kennedy Pearce Consulting,accounting-finance-jobs,permanent,,Eastern England,2026-08-27 17:52:16+00,2026-08-27,2026-08-27,55000,55000,55000.000000000000
5858065625,Fabric BI Developer MS Fabric Power BI Crewe 50k,Langley James Limited,it-jobs,permanent,,North West England,2026-08-27 09:48:07+00,2026-08-27,2026-08-27,50000,50000,50000.000000000000
5857903953,Senior Data Engineer,DWP Digital,it-jobs,permanent,,North West England,2026-08-27 05:46:00+00,2026-08-27,2026-08-27,75000,75000,75000.000000000000
5858553943,Quantity Surveyor,S & D Trade Recruitment Limited,trade-construction-jobs,permanent,,North West England,2026-08-27 17:52:09+00,2026-08-27,2026-08-27,75000,75000,75000.000000000000
5858552770,Engineering Manager,Hunter Selection,engineering-jobs,permanent,,North West England,2026-08-27 17:51:52+00,2026-08-27,2026-08-27,60000,60000,60000.000000000000
5858551698,Marketing Manager Brand,Alzheimers Society,pr-advertising-marketing-jobs,contract,,,2026-08-27 17:51:36+00,2026-08-27,2026-08-27,40000,40000,40000.000000000000
5858549365,Senior Infrastructure Platforms Engineer,7P UK Ltd,it-jobs,contract,,London,2026-08-27 17:50:39+00,2026-08-27,2026-08-27,117000,130000,123500.000000000000
5858549342,Power Platform & FAbric Solutions Developer,83zero Limited,it-jobs,contract,,Northern Ireland,2026-08-27 17:50:39+00,2026-08-27,2026-08-27,83200,94036,88618.000000000000
5858537444,Conservation Scientist,RSPB,scientific-qa-jobs,contract,full_time,Eastern England,2026-08-27 17:46:37+00,2026-08-27,2026-08-27,40381,43113,41747.000000000000
5858502521,STC Communications and Marketing Business Partner,FORTH VALLEY COLLEGE,pr-advertising-marketing-jobs,contract,,Scotland,2026-08-27 17:03:27+00,2026-08-27,2026-08-27,31132,32897,32014.500000000000
5858439116,Part-Time Finance Manager,Zachary Daniels Recruitment,part-time-jobs,permanent,part_time,London,2026-08-27 16:42:45+00,2026-08-27,2026-08-27,60000,70000,65000.000000000000
5858422416,Technologist,AWE,scientific-qa-jobs,contract,full_time,South East England,2026-08-27 16:40:31+00,2026-08-27,2026-08-27,38020,50000,44010.000000000000
5858421341,Head of Product Development,Mobilus Limited,it-jobs,,full_time,South East England,2026-08-27 16:40:24+00,2026-08-27,2026-08-27,80000,90000,85000.000000000000
5858421184,Digital Content Marketing Executive,Perfect Team,pr-advertising-marketing-jobs,,full_time,Eastern England,2026-08-27 16:40:23+00,2026-08-27,2026-08-27,30000,33000,31500.000000000000
5858417149,Quality Manager,Clockwork Organisation Ltd t/a Travail Employment,scientific-qa-jobs,permanent,full_time,Wales,2026-08-27 16:39:55+00,2026-08-27,2026-08-27,45000,45000,45000.000000000000
5858414987,CAD/CAM Programmer,Optima UK Inc Ltd,engineering-jobs,permanent,full_time,East Midlands,2026-08-27 16:39:42+00,2026-08-27,2026-08-27,35000,40000,37500.000000000000
5858408441,"Senior Research Associate, High-Throughput RNA Production",Sail Biomedicines,scientific-qa-jobs,,full_time,,2026-08-27 16:39:02+00,2026-08-27,2026-08-27,75000,95000,85000.000000000000
5858407025,Admissions Testing Assessment Developer,Renaissance Learning North America,teaching-jobs,contract,full_time,London,2026-08-27 16:38:53+00,2026-08-27,2026-08-27,36000,39000,37500.000000000000
5858406622,Support Analyst,Pertemps Thames Water,scientific-qa-jobs,,full_time,South East England,2026-08-27 16:38:50+00,2026-08-27,2026-08-27,28830,28830,28830.000000000000
5858400706,Warehouse Manager *£54k (OTE),Office Angels,logistics-warehouse-jobs,permanent,full_time,South East England,2026-08-27 16:38:12+00,2026-08-27,2026-08-27,40000,45000,42500.000000000000
5858413015,Document Control Specialist,NES Group Ltd,energy-oil-gas-jobs,contract,,Scotland,2026-08-27 16:39:31+00,2026-08-27,2026-08-27,93600,114400,104000.000000000000
5859602185,Lead Data Analyst - Total Service Operations,Wise,it-jobs,,full_time,London,2026-08-28 11:42:32+00,2026-08-28,2026-08-28,66000,106000,86000.000000000000
5859602112,Data Scientist – Applied AI & Data Platforms,NTT DATA,it-jobs,,full_time,London,2026-08-28 11:42:29+00,2026-08-28,2026-08-28,55000,95000,75000.000000000000
5859602020,Staff Software Engineer,BP,it-jobs,,full_time,London,2026-08-28 11:42:26+00,2026-08-28,2026-08-28,59000,99000,79000.000000000000
5858152840,User Centred Design Principal,Hackajob Ltd,it-jobs,,full_time,London,2026-08-27 11:41:41+00,2026-08-28,2026-08-28,90000,90000,90000.000000000000
5858152496,Junior SQL Data Analyst,Adria Solutions Ltd,it-jobs,,full_time,North West England,2026-08-27 11:41:39+00,2026-08-27,2026-08-28,25000,35000,30000.000000000000
5858152233,CAD Data Analyst,Public Sector Resourcing,it-jobs,,full_time,London,2026-08-27 11:41:37+00,2026-08-27,2026-08-28,37700,42350,40025.000000000000
5858152216,Data Analyst,Rise Technical Recruitment,it-jobs,permanent,full_time,South West England,2026-08-27 11:41:37+00,2026-08-28,2026-08-28,36000,36000,36000.000000000000
5858151666,Systems Data Analyst,Computappoint,it-jobs,contract,full_time,London,2026-08-27 11:41:32+00,2026-08-27,2026-08-28,59280,70560,64920.000000000000
5858151730,Entry Level Data Consultant,NEWTO TRAINING LIMITED,it-jobs,,full_time,London,2026-08-27 11:41:32+00,2026-08-28,2026-08-28,65000,65000,65000.000000000000
5858151443,Data Business Analyst,Permanent Futures Limited,it-jobs,,full_time,Yorkshire And The Humber,2026-08-27 11:41:31+00,2026-08-27,2026-08-28,47000,52000,49500.000000000000
5858151211,Principal Product Manager,Hackajob Ltd,it-jobs,,full_time,London,2026-08-27 11:41:29+00,2026-08-27,2026-08-28,100000,100000,100000.000000000000
5858150818,Data Analyst Placement Programme,Data Jobs at ITOL Recruit,it-jobs,,full_time,West Midlands,2026-08-27 11:41:27+00,2026-08-27,2026-08-28,30000,45000,37500.000000000000
5858220107,BI Analyst,HAYS,it-jobs,permanent,,,2026-08-27 13:03:54+00,2026-08-27,2026-08-28,45000,50000,47500.000000000000
5858150727,BI Developer,hireful.,it-jobs,,full_time,West Midlands,2026-08-27 11:41:27+00,2026-08-27,2026-08-28,35000,45000,40000.000000000000
5858065815,Procurement Administrator FTC,SourceCo,admin-jobs,contract,,East Midlands,2026-08-27 09:48:25+00,2026-08-27,2026-08-28,30000,30000,30000.000000000000
5857712655,"Senior Data Analyst - SQL, Azure, PowerBI, AI – London Market Insurance",William Alexander,it-jobs,permanent,full_time,London,2026-08-27 02:56:58+00,2026-08-27,2026-08-28,75000,85000,80000.000000000000
5857268435,Business Data Analyst,Ocean Housing,it-jobs,contract,,South West England,2026-08-26 22:46:07+00,2026-08-27,2026-08-28,42242,42242,42242.000000000000
5857254497,Data Engineer,Tenth Revolution Group,it-jobs,,full_time,South East England,2026-08-26 21:49:32+00,2026-08-27,2026-08-28,45000,60000,52500.000000000000
5859955481,Systems Developer,Massenhove Recruitment Limited,it-jobs,,full_time,London,2026-08-28 18:54:07+00,2026-08-28,2026-08-28,40000,60000,50000.000000000000
5859715669,Data Architect,SR2 REC LTD,it-jobs,contract,full_time,London,2026-08-28 15:15:43+00,2026-08-28,2026-08-28,136500,143000,139750.000000000000
5859715378,Senior Test Engineer,Ordnance Survey,it-jobs,permanent,full_time,South East England,2026-08-28 15:15:08+00,2026-08-28,2026-08-28,56312,65697,61004.500000000000
5859714737,Software Engineer,Experis UK,it-jobs,,full_time,Yorkshire And The Humber,2026-08-28 15:14:16+00,2026-08-28,2026-08-28,104000,119600,111800.000000000000
5859714654,Head of Data,Data Idols,it-jobs,permanent,full_time,London,2026-08-28 15:14:08+00,2026-08-28,2026-08-28,105000,115000,110000.000000000000
5859684881,Data Engineer,Siamo Recruitment a division of Siamo Group,it-jobs,,full_time,South West England,2026-08-28 14:48:13+00,2026-08-28,2026-08-28,34500,36500,35500.000000000000
5859684876,Software Engineer,Experis,it-jobs,contract,,Yorkshire And The Humber,2026-08-28 14:48:12+00,2026-08-28,2026-08-28,104000,119600,111800.000000000000
5859684846,AWS Cloud Engineer,hireful,it-jobs,,full_time,South West England,2026-08-28 14:47:58+00,2026-08-28,2026-08-28,65000,70000,67500.000000000000
5859684841,Data Visualisation Engineer,Infinitive Resources,it-jobs,contract,,Scotland,2026-08-28 14:47:58+00,2026-08-28,2026-08-28,104000,110500,107250.000000000000
5859658594,Data Engineer - Hybrid - Contract,Anson Mccade,it-jobs,contract,,London,2026-08-28 13:35:34+00,2026-08-28,2026-08-28,104000,119600,111800.000000000000
5859658505,Databricks Lead Engineer - Hybrid - Contract,Anson Mccade,it-jobs,contract,,London,2026-08-28 13:35:20+00,2026-08-28,2026-08-28,130000,149500,139750.000000000000
5859637197,Devops Engineer - DV cleared,CBSbutler Holdings Limited trading as CBSbutler,it-jobs,contract,,South West England,2026-08-28 12:41:48+00,2026-08-28,2026-08-28,149500,182000,165750.000000000000
5859603273,Senior Staff Software Engineer,Matillion,it-jobs,,full_time,North West England,2026-08-28 11:42:42+00,2026-08-28,2026-08-28,67000,107000,87000.000000000000
5859603198,"Senior Consultant, Palantir Foundry Data Engineer",Deloitte,it-jobs,,full_time,London,2026-08-28 11:42:41+00,2026-08-28,2026-08-28,95000,130000,112500.000000000000
5859603177,Senior AI Architect,Infosys Technologies,it-jobs,,full_time,London,2026-08-28 11:42:41+00,2026-08-28,2026-08-28,24000,59000,41500.000000000000
5859603115,Staff Analytics Engineer,Pleo,it-jobs,,full_time,London,2026-08-28 11:42:41+00,2026-08-28,2026-08-28,70000,105000,87500.000000000000
5859603159,Lead Data Engineer (MLOps),Allianz,it-jobs,,full_time,South West England,2026-08-28 11:42:41+00,2026-08-28,2026-08-28,54000,94000,74000.000000000000
5859603190,Head of Data Engineering & Governance,The Hut Group,it-jobs,,full_time,North West England,2026-08-28 11:42:41+00,2026-08-28,2026-08-28,32000,72000,52000.000000000000
5859602998,Senior Data Engineer,Vitality,it-jobs,,full_time,London,2026-08-28 11:42:40+00,2026-08-28,2026-08-28,48000,88000,68000.000000000000
5859603003,Snowflake Data Engineer,NTT DATA,it-jobs,,full_time,London,2026-08-28 11:42:40+00,2026-08-28,2026-08-28,55000,95000,75000.000000000000
5859603056,"Senior Manager, Product Data Science & Analytics",TripAdvisor,it-jobs,,full_time,London,2026-08-28 11:42:40+00,2026-08-28,2026-08-28,71000,99000,85000.000000000000
5859603068,Senior AI Engineer,Chubb,it-jobs,,full_time,London,2026-08-28 11:42:40+00,2026-08-28,2026-08-28,60000,100000,80000.000000000000
5859602810,Senior Database Engineer,Exalto Consulting ltd,it-jobs,,full_time,Yorkshire And The Humber,2026-08-28 11:42:39+00,2026-08-28,2026-08-28,65000,65000,65000.000000000000
5859602882,Software Engineer / Tech Lead – Web Platforms,Business Integration Partners,it-jobs,,full_time,London,2026-08-28 11:42:39+00,2026-08-28,2026-08-28,42000,82000,62000.000000000000
5859602835,Sr Lead Software Engineer - F and O Execution Data Team,Hackajob Ltd,it-jobs,,full_time,Yorkshire And The Humber,2026-08-28 11:42:39+00,2026-08-28,2026-08-28,100000,100000,100000.000000000000
5859602611,Senior Software Engineer - Data Engineering,Hackajob Ltd,it-jobs,,full_time,North West England,2026-08-28 11:42:37+00,2026-08-28,2026-08-28,100000,100000,100000.000000000000
5859602286,Lead Software Engineer - Full Stack (Java/React),JP Morgan Chase,it-jobs,,full_time,Scotland,2026-08-28 11:42:35+00,2026-08-28,2026-08-28,62000,102000,82000.000000000000
5859602287,Senior Data Engineer,The Very Group,it-jobs,,full_time,North West England,2026-08-28 11:42:35+00,2026-08-28,2026-08-28,45000,85000,65000.000000000000
5859602333,Assistant Manager Data Quality,Deloitte,it-jobs,,full_time,South East England,2026-08-28 11:42:35+00,2026-08-28,2026-08-28,95000,130000,112500.000000000000
5859602227,Forward Deployment Engineer,Barclays,it-jobs,,full_time,North West England,2026-08-28 11:42:34+00,2026-08-28,2026-08-28,60000,90000,75000.000000000000
5859602144,Software Engineer III Python/Java,JP Morgan Chase,it-jobs,,full_time,Scotland,2026-08-28 11:42:30+00,2026-08-28,2026-08-28,62000,102000,82000.000000000000
5859602118,Data Engineer,Tria Recruitment,it-jobs,permanent,full_time,South West England,2026-08-28 11:42:29+00,2026-08-28,2026-08-28,54000,94000,74000.000000000000
5859602022,"AI Engineer, Manager, Digital Innovation",Deloitte,it-jobs,,full_time,London,2026-08-28 11:42:26+00,2026-08-28,2026-08-28,95000,130000,112500.000000000000
5859602043,Data Architect,Randstad,it-jobs,,full_time,London,2026-08-28 11:42:26+00,2026-08-28,2026-08-28,53000,93000,73000.000000000000
5859602037,Forward Deployed AI Engineer,Keyrus,it-jobs,,full_time,London,2026-08-28 11:42:26+00,2026-08-28,2026-08-28,44000,84000,64000.000000000000
5859602028,"VP, AI & Data Platforms",Corpay,it-jobs,,full_time,London,2026-08-28 11:42:26+00,2026-08-28,2026-08-28,46000,74000,60000.000000000000
5859601763,Senior AI Engineer,Hackajob Ltd,it-jobs,,full_time,North West England,2026-08-28 11:42:16+00,2026-08-28,2026-08-28,90000,90000,90000.000000000000
5859601655,Senior Data Engineer,Datatech Analytics,it-jobs,,full_time,London,2026-08-28 11:42:10+00,2026-08-28,2026-08-28,80000,80000,80000.000000000000
5859601648,Data Engineer - Manchester,Coventry Building Society,it-jobs,contract,full_time,North West England,2026-08-28 11:42:09+00,2026-08-28,2026-08-28,50000,50000,50000.000000000000
5859601641,Data Science Manager,Kainos,it-jobs,,full_time,West Midlands,2026-08-28 11:42:09+00,2026-08-28,2026-08-28,19500,35500,27500.000000000000
5859523809,Lead Data Engineer,Hackajob Ltd,it-jobs,permanent,,London,2026-08-28 09:50:34+00,2026-08-28,2026-08-28,100000,100000,100000.000000000000
5859522937,SAS Subject Matter Expert,Hackajob Ltd,it-jobs,permanent,,North East England,2026-08-28 09:49:53+00,2026-08-28,2026-08-28,90000,90000,90000.000000000000
5858202630,Digital Apprenticeship Trainer/Coach,Pertemps Specialist Talent Solutions,it-jobs,permanent,full_time,,2026-08-27 12:34:35+00,2026-08-27,2026-08-28,40000,42000,41000.000000000000
5859052895,Lead Data Engineer,Develop,it-jobs,permanent,,West Midlands,2026-08-28 01:47:55+00,2026-08-28,2026-08-28,95000,95000,95000.000000000000
5858904964,Senior Azure Data Engineer,Randstad Technologies,it-jobs,permanent,full_time,London,2026-08-28 00:04:18+00,2026-08-28,2026-08-28,80000,100000,90000.000000000000
5858682237,Senior Data Engineer (Retail),Morson Edge,it-jobs,,,London,2026-08-27 21:40:15+00,2026-08-28,2026-08-28,169000,195000,182000.000000000000
5859954542,Junior AI developer,Linked HR,it-jobs,,full_time,West Midlands,2026-08-28 18:53:53+00,2026-08-28,2026-08-28,25000,25000,25000.000000000000
5858200065,BI Analyst,Hays Technology,it-jobs,permanent,full_time,Scotland,2026-08-27 12:25:12+00,2026-08-27,2026-08-28,45000,50000,47500.000000000000
5859766636,Principal Research Infrastructure Engineer & Team Lead - IT Services - 107907 - Grade 9,The University of Birmingham,it-jobs,contract,full_time,West Midlands,2026-08-28 16:27:10+00,2026-08-28,2026-08-28,58225,67468,62846.500000000000
5859746193,Junior AI developer,Flat Fee Recruiter,it-jobs,,full_time,West Midlands,2026-08-28 15:56:34+00,2026-08-28,2026-08-28,25000,25000,25000.000000000000
5859603290,"Vice President, Full-Stack Engineer",The Bank of New York Mellon,it-jobs,,full_time,North West England,2026-08-28 11:42:42+00,2026-08-28,2026-08-28,27500,55500,41500.000000000000
5859603274,Principal Computational Methodologist,UCB Group,scientific-qa-jobs,permanent,full_time,South East England,2026-08-28 11:42:42+00,2026-08-28,2026-08-28,70000,110000,90000.000000000000
5859603195,Senior Data Management Professional - Data Quality,Bloomberg,it-jobs,,full_time,London,2026-08-28 11:42:41+00,2026-08-28,2026-08-28,55000,95000,75000.000000000000
5859603222,Senior Lead Data & AI Scientist,Lloyds Banking Group,it-jobs,,full_time,North West England,2026-08-28 11:42:41+00,2026-08-28,2026-08-28,44000,76000,60000.000000000000
5858177271,Data Engineer,Tenth Revolution Group,it-jobs,,full_time,South East England,2026-08-27 11:51:41+00,2026-08-27,2026-08-28,55000,60000,57500.000000000000
5859603243,Software Engineer,Institute of Cancer Research,scientific-qa-jobs,,full_time,London,2026-08-28 11:42:41+00,2026-08-28,2026-08-28,68000,76000,72000.000000000000
5859603168,Senior Data Scientist - Neural Net Forecasting,Tesco,it-jobs,,full_time,Eastern England,2026-08-28 11:42:41+00,2026-08-28,2026-08-28,36000,76000,56000.000000000000
5859603218,Principal Software Engineer,JP Morgan Chase,it-jobs,,full_time,London,2026-08-28 11:42:41+00,2026-08-28,2026-08-28,62000,102000,82000.000000000000
5859603077,Data Scientist,Consortia,it-jobs,contract,full_time,London,2026-08-28 11:42:41+00,2026-08-28,2026-08-28,62000,102000,82000.000000000000
5859603101,Data Scientist,The Green Recruitment Company,it-jobs,permanent,full_time,London,2026-08-28 11:42:41+00,2026-08-28,2026-08-28,70000,85000,77500.000000000000
5859603103,Senior Data Science Consultant,Deerfoot Recruitment Solutions,it-jobs,,full_time,London,2026-08-28 11:42:41+00,2026-08-28,2026-08-28,43000,83000,63000.000000000000
5859603065,Staff Analytics Engineer,TapTap Send,it-jobs,,full_time,London,2026-08-28 11:42:40+00,2026-08-28,2026-08-28,59000,91000,75000.000000000000
5859602968,Platform Engineer,Faculty,it-jobs,,full_time,London,2026-08-28 11:42:40+00,2026-08-28,2026-08-28,57000,97000,77000.000000000000
5859602957,Automation & AI Engineer,AustralianSuper,it-jobs,,full_time,London,2026-08-28 11:42:40+00,2026-08-28,2026-08-28,46000,80000,63000.000000000000
5859602971,Applied AI Engineer,Trafigura,it-jobs,,full_time,London,2026-08-28 11:42:40+00,2026-08-28,2026-08-28,70000,110000,90000.000000000000
5859602972,Data Architect,PA Consulting,it-jobs,,full_time,South West England,2026-08-28 11:42:40+00,2026-08-28,2026-08-28,52000,92000,72000.000000000000
5859603029,VP - AI Model Validation & Governance Lead,Barclay Simpson Corporate Governance Recruitment,it-jobs,,full_time,London,2026-08-28 11:42:40+00,2026-08-28,2026-08-28,70000,110000,90000.000000000000
5859602846,Staff Software Engineer - AI,Hackajob Ltd,it-jobs,,full_time,Yorkshire And The Humber,2026-08-28 11:42:39+00,2026-08-28,2026-08-28,100000,100000,100000.000000000000
5858177274,BI Analyst,Hays Specialist Recruitment Limited,it-jobs,permanent,full_time,Scotland,2026-08-27 11:51:41+00,2026-08-27,2026-08-28,45000,50000,47500.000000000000
5859602820,Lead Machine Learning Engineer,Hackajob Ltd,it-jobs,,full_time,Yorkshire And The Humber,2026-08-28 11:42:39+00,2026-08-28,2026-08-28,100000,100000,100000.000000000000
5859602385,Senior AI/ML Engineer,Argus Media group,it-jobs,,full_time,London,2026-08-28 11:42:35+00,2026-08-28,2026-08-28,43000,83000,63000.000000000000
5859602186,Senior/Lead Data Scientist,Klarna,it-jobs,,full_time,London,2026-08-28 11:42:32+00,2026-08-28,2026-08-28,48000,70000,59000.000000000000
5859602156,Cyber Security Engineer,Additional Resources,it-jobs,permanent,full_time,London,2026-08-28 11:42:30+00,2026-08-28,2026-08-28,25000,50000,37500.000000000000
5858177159,Digital Apprenticeship Trainer/Coach,Pertemps Specialist Division,it-jobs,permanent,full_time,South West England,2026-08-27 11:51:40+00,2026-08-27,2026-08-28,40000,42000,41000.000000000000
5859602151,Senior/Lead Data Scientist - Credit,Klarna,it-jobs,,full_time,London,2026-08-28 11:42:30+00,2026-08-28,2026-08-28,48000,70000,59000.000000000000
5859602134,Product Data Scientist (Data Labs),Similar Web,it-jobs,,full_time,London,2026-08-28 11:42:30+00,2026-08-28,2026-08-28,52000,92000,72000.000000000000
5859602161,Software Engineer - Cybersecurity Analytics & Enforcement,Fortinet,it-jobs,,full_time,London,2026-08-28 11:42:30+00,2026-08-28,2026-08-28,50000,82000,66000.000000000000
5859602160,"Senior Software Engineer, Architecture & Algorithms",KLA-Tencor,it-jobs,,full_time,Wales,2026-08-28 11:42:30+00,2026-08-28,2026-08-28,34000,52000,43000.000000000000
5859602146,Full Stack GCP Engineer,Consortia,it-jobs,contract,full_time,London,2026-08-28 11:42:30+00,2026-08-28,2026-08-28,62000,102000,82000.000000000000
5858153229,Senior Implementation Analyst,Hackajob Ltd,it-jobs,,full_time,Yorkshire And The Humber,2026-08-27 11:41:45+00,2026-08-27,2026-08-28,100000,100000,100000.000000000000
5859602143,Machine Learning Engineer,Baringa,consultancy-jobs,,full_time,London,2026-08-28 11:42:30+00,2026-08-28,2026-08-28,59000,99000,79000.000000000000
5859602109,Senior Business Intelligence Engineer EU Retail,Amazon,it-jobs,,full_time,London,2026-08-28 11:42:29+00,2026-08-28,2026-08-28,60000,110000,85000.000000000000
5859760072,Data Management Senior Manager,Lloyds Bank,it-jobs,,full_time,,2026-08-28 16:21:14+00,2026-08-28,2026-08-28,85493,100580,93036.500000000000
5859603153,Lead Data Engineer,TodayTix,it-jobs,,full_time,London,2026-08-28 11:42:41+00,2026-08-28,2026-08-28,57000,97000,77000.000000000000
5859603001,Sr. Software Engineer - Data Query Platform,CrowdStrike,engineering-jobs,,full_time,London,2026-08-28 11:42:40+00,2026-08-28,2026-08-28,65000,105000,85000.000000000000
5859603017,Staff Data Engineer - GTM,Intercom,it-jobs,contract,full_time,London,2026-08-28 11:42:40+00,2026-08-28,2026-08-28,62000,102000,82000.000000000000
5859602082,Software Engineer - AI Platform & Agents,Moodys,it-jobs,,full_time,London,2026-08-28 11:42:28+00,2026-08-28,2026-08-28,64000,104000,84000.000000000000
5859602031,Senior AI Security Architect Consultant,NTT DATA,it-jobs,,full_time,London,2026-08-28 11:42:26+00,2026-08-28,2026-08-28,55000,95000,75000.000000000000
5859601653,Quantitative Analyst,Spectrum It Recruitment Limited,it-jobs,,full_time,London,2026-08-28 11:42:10+00,2026-08-28,2026-08-28,100000,100000,100000.000000000000
5858256031,Data Engineer,Morson Edge,it-jobs,contract,,London,2026-08-27 13:32:15+00,2026-08-27,2026-08-28,143000,143000,143000.000000000000
5858203816,Principal Data Warehouse Developer,Leeds Community Healthcare NHS Trust,it-jobs,contract,,Yorkshire And The Humber,2026-08-27 12:38:14+00,2026-08-27,2026-08-28,49387,56515,52951.000000000000
5858153273,Oracle HCM Functional Consultant,Intec Select Ltd,it-jobs,permanent,full_time,South East England,2026-08-27 11:41:45+00,2026-08-27,2026-08-28,90000,100000,95000.000000000000
5858153269,Developer,Entech Technical Solutions Limited,it-jobs,contract,full_time,Eastern England,2026-08-27 11:41:45+00,2026-08-27,2026-08-28,64000,64000,64000.000000000000
5858153039,SAS Engineer,Hackajob Ltd,it-jobs,,full_time,London,2026-08-27 11:41:43+00,2026-08-28,2026-08-28,75000,75000,75000.000000000000
5858152888,Senior Oracle P2P Cloud Functional Consultant,Hackajob Ltd,it-jobs,,full_time,Yorkshire And The Humber,2026-08-27 11:41:42+00,2026-08-27,2026-08-28,100000,100000,100000.000000000000
5858152884,Senior Oracle SCM Cloud Functional Consultant,Hackajob Ltd,it-jobs,,full_time,Yorkshire And The Humber,2026-08-27 11:41:42+00,2026-08-28,2026-08-28,90000,90000,90000.000000000000
5858152879,Senior Oracle PPM Cloud Functional Consultant,Hackajob Ltd,it-jobs,,full_time,Yorkshire And The Humber,2026-08-27 11:41:42+00,2026-08-27,2026-08-28,100000,100000,100000.000000000000
5858152646,Data Engineer Level I,DWP Digital,it-jobs,,full_time,North East England,2026-08-27 11:41:40+00,2026-08-28,2026-08-28,35000,35000,35000.000000000000
5858152482,Data Engineer,DWP Digital,it-jobs,,full_time,Yorkshire And The Humber,2026-08-27 11:41:39+00,2026-08-28,2026-08-28,50000,50000,50000.000000000000
5858152346,Innovation Lead,ABM UK,it-jobs,,full_time,London,2026-08-27 11:41:38+00,2026-08-28,2026-08-28,36000,76000,56000.000000000000
5858152256,Data Visualisation Designer,SRT Marine Systems PLC,it-jobs,,full_time,South West England,2026-08-27 11:41:37+00,2026-08-27,2026-08-28,45000,65000,55000.000000000000
5858152189,Director of IT and Data,James Andrews Recruitment,it-jobs,,full_time,North West England,2026-08-27 11:41:37+00,2026-08-27,2026-08-28,100000,115000,107500.000000000000
5858152297,GTM Systems Engineer,We Are Fr Group,it-jobs,,full_time,East Midlands,2026-08-27 11:41:37+00,2026-08-28,2026-08-28,55000,55000,55000.000000000000
5858151535,IT Data & Platform Engineer,Frontpoint Partners Ltd,it-jobs,,full_time,London,2026-08-27 11:41:31+00,2026-08-27,2026-08-28,70000,80000,75000.000000000000
5858151339,Senior Analytics Engineer,Tech4 Ltd,it-jobs,,full_time,South East England,2026-08-27 11:41:30+00,2026-08-27,2026-08-28,60000,65000,62500.000000000000
5858151358,Senior Data Engineer,IMT Resourcing Solutions,it-jobs,,full_time,South West England,2026-08-27 11:41:30+00,2026-08-27,2026-08-28,75000,85000,80000.000000000000
5858151050,Data & Application Developer,Ascent,it-jobs,,full_time,North West England,2026-08-27 11:41:29+00,2026-08-28,2026-08-28,45000,45000,45000.000000000000
5859965787,Field Service Engineer,Cooper Lomaz Recruitment Services Ltd,engineering-jobs,,full_time,South East England,2026-08-28 18:58:36+00,2026-08-28,2026-08-28,38000,45000,41500.000000000000
5859963921,Senior / Principal Structural Engineer,Think Recruitment,engineering-jobs,,full_time,East Midlands,2026-08-28 18:57:41+00,2026-08-28,2026-08-28,55000,65000,60000.000000000000
5859963809,Engineering Manager,Michael Page,retail-jobs,permanent,full_time,Scotland,2026-08-28 18:57:40+00,2026-08-28,2026-08-28,70000,80000,75000.000000000000
5859960613,Merchandise Planner,ProCook,logistics-warehouse-jobs,,full_time,South West England,2026-08-28 18:56:37+00,2026-08-28,2026-08-28,40000,40000,40000.000000000000
5859960315,Senior Quality Engineer,Hunter Selection,engineering-jobs,contract,full_time,South West England,2026-08-28 18:56:21+00,2026-08-28,2026-08-28,45000,50000,47500.000000000000
5859956771,Business Analyst (II),Randstad Technologies Recruitment,it-jobs,contract,,London,2026-08-28 18:54:33+00,2026-08-28,2026-08-28,79820,91520,85670.000000000000
5859956182,Senior Software Developer,Tec Partners Recruitment Ltd,it-jobs,,full_time,Eastern England,2026-08-28 18:54:21+00,2026-08-28,2026-08-28,65000,75000,70000.000000000000
5859956229,Information Security Manager,Frontpoint Partners Ltd,it-jobs,,full_time,London,2026-08-28 18:54:21+00,2026-08-28,2026-08-28,50000,52000,51000.000000000000
5859954599,CRM & Analytics Specialist,Zachary Daniels Recruitment,it-jobs,,full_time,London,2026-08-28 18:53:53+00,2026-08-28,2026-08-28,45000,50000,47500.000000000000
5859603161,Data Engineer,Oscar,it-jobs,,full_time,London,2026-08-28 11:42:41+00,2026-08-28,2026-08-28,49000,89000,69000.000000000000
5859602384,Senior Data Scientist,AutoTrader UK,it-jobs,,full_time,North West England,2026-08-28 11:42:35+00,2026-08-28,2026-08-28,46000,86000,66000.000000000000
5859523812,Data Architect,Fruition Group,it-jobs,permanent,,North West England,2026-08-28 09:50:34+00,2026-08-28,2026-08-28,85000,85000,85000.000000000000
5859603173,Principal Data Engineer,The Very Group,it-jobs,,full_time,North West England,2026-08-28 11:42:41+00,2026-08-28,2026-08-28,45000,85000,65000.000000000000
5859603072,Data Analytics Engineer,Checkout.com,it-jobs,,full_time,London,2026-08-28 11:42:41+00,2026-08-28,2026-08-28,45000,83000,64000.000000000000
5859602396,Principal Data Scientist & Machine Learning Researcher,Raytheon,it-jobs,,full_time,Eastern England,2026-08-28 11:42:35+00,2026-08-28,2026-08-28,50000,90000,70000.000000000000
5859602630,PostgreSQL DBA,Hackajob Ltd,it-jobs,,full_time,North West England,2026-08-28 11:42:38+00,2026-08-28,2026-08-28,90000,90000,90000.000000000000
5859524323,Product Manager - US Loans,Hackajob Ltd,it-jobs,permanent,,London,2026-08-28 09:50:51+00,2026-08-28,2026-08-28,100000,100000,100000.000000000000
5859602256,Senior Cloud Engineer,Boehringer Ingelheim,it-jobs,,full_time,South East England,2026-08-28 11:42:34+00,2026-08-28,2026-08-28,70000,110000,90000.000000000000
5859523519,Quantitative Trading and Research - Securities Services and Payments - Associate or Vice President,Hackajob Ltd,accounting-finance-jobs,permanent,,London,2026-08-28 09:50:17+00,2026-08-28,2026-08-28,100000,100000,100000.000000000000
5859522931,AI ML Governance - Strategy - Senior Associate,Hackajob Ltd,it-jobs,permanent,,London,2026-08-28 09:49:53+00,2026-08-28,2026-08-28,100000,100000,100000.000000000000
5859953738,Quantity Surveyor – Interior Fit Out,Mitchell Maguire,trade-construction-jobs,,full_time,South East England,2026-08-28 18:51:49+00,2026-08-28,2026-08-28,50000,70000,60000.000000000000
5859953749,Planner,Search Consultancy Ltd,trade-construction-jobs,,full_time,Scotland,2026-08-28 18:51:49+00,2026-08-28,2026-08-28,60000,70000,65000.000000000000
5859953508,Senior Quantity Surveyor / Commercial Manager,Headley Professional Recruitment Ltd,trade-construction-jobs,,full_time,Yorkshire And The Humber,2026-08-28 18:49:59+00,2026-08-28,2026-08-28,55000,70000,62500.000000000000
5859953478,Senior Surveyor,Joseph Rowntree,trade-construction-jobs,permanent,full_time,Yorkshire And The Humber,2026-08-28 18:49:57+00,2026-08-28,2026-08-28,48212,48212,48212.000000000000
5859952060,Regulated Safety Risk Manager,First Call Contract Services,accounting-finance-jobs,,full_time,London,2026-08-28 18:47:55+00,2026-08-28,2026-08-28,45000,50000,47500.000000000000
5859942681,Digital Marketing Executive,Cobalt Recruitment.,pr-advertising-marketing-jobs,permanent,,London,2026-08-28 17:52:22+00,2026-08-28,2026-08-28,50000,50000,50000.000000000000
5859940761,Technical Trainer - Environmental,The Sheffield College,teaching-jobs,permanent,,Yorkshire And The Humber,2026-08-28 17:51:55+00,2026-08-28,2026-08-28,30000,30000,30000.000000000000
5859940359,Ecommerce Manager - Amazon & Shopify,Skin Research LTD,retail-jobs,permanent,,London,2026-08-28 17:51:48+00,2026-08-28,2026-08-28,55000,55000,55000.000000000000
5859938441,Process Engineer,Redmore Recruitment Limited,engineering-jobs,permanent,full_time,Wales,2026-08-28 17:51:11+00,2026-08-28,2026-08-28,45000,45000,45000.000000000000
5859937326,Mechanical Estimator - Milton Keynes,Buildspace Group,trade-construction-jobs,permanent,,South East England,2026-08-28 17:50:47+00,2026-08-28,2026-08-28,70000,70000,70000.000000000000
5859937186,Production Engineer,Heybridge Associates Ltd,engineering-jobs,permanent,,Yorkshire And The Humber,2026-08-28 17:50:37+00,2026-08-28,2026-08-28,40000,40000,40000.000000000000
5859933925,Technical Director,Bright Purple Resourcing,it-jobs,contract,,Scotland,2026-08-28 17:50:06+00,2026-08-28,2026-08-28,208000,234000,221000.000000000000
5859932978,Key Account Project Manager,Workforce Recruitment Group,engineering-jobs,permanent,full_time,Scotland,2026-08-28 17:49:59+00,2026-08-28,2026-08-28,41700,,
5859933018,QA/QC Inspector,Workforce Recruitment Group,engineering-jobs,permanent,full_time,Scotland,2026-08-28 17:49:59+00,2026-08-28,2026-08-28,41700,,
5859931599,Garment Technologist,Vantage Recruitment,manufacturing-jobs,contract,full_time,East Midlands,2026-08-28 17:49:50+00,2026-08-28,2026-08-28,30000,35000,32500.000000000000
5859913991,Team Leader - Community Drug and Alcohol Service,WithYou,social-work-jobs,permanent,full_time,London,2026-08-28 17:45:42+00,2026-08-28,2026-08-28,34900,41080,37990.000000000000
5859313879,Senior AI Governance Consultant,Anson Mccade,it-jobs,permanent,,Scotland,2026-08-28 05:47:40+00,2026-08-28,2026-08-28,95000,95000,95000.000000000000
5859603151,Oracle Functional Analyst Solutions (Oracle HCM),Deloitte,it-jobs,,full_time,Northern Ireland,2026-08-28 11:42:41+00,2026-08-28,2026-08-28,95000,130000,112500.000000000000
5859602964,AI Technical Lead,Anaplan,it-jobs,,full_time,London,2026-08-28 11:42:40+00,2026-08-28,2026-08-28,52000,92000,72000.000000000000
5859602907,Business Intelligence Team Lead,EOS IT Solutions,it-jobs,,full_time,Northern Ireland,2026-08-28 11:42:40+00,2026-08-28,2026-08-28,41000,81000,61000.000000000000
5859601642,Senior Oracle Cloud Financials Consultant,Version 1,it-jobs,,full_time,North West England,2026-08-28 11:42:09+00,2026-08-28,2026-08-28,49000,66000,57500.000000000000
5859933025,Materials Engineer,Workforce Recruitment Group,engineering-jobs,permanent,full_time,Scotland,2026-08-28 17:49:59+00,2026-08-28,2026-08-28,41700,,
5859885105,Senior Contracts Paralegal (SaaS/IT),Integreon Intermediate LLC,legal-jobs,contract,full_time,,2026-08-28 17:12:01+00,2026-08-28,2026-08-28,40000,55000,47500.000000000000
5859885103,Commercial Technology lawyer (3-5yrs PQE),Integreon Intermediate LLC,legal-jobs,contract,full_time,,2026-08-28 17:12:01+00,2026-08-28,2026-08-28,70000,85000,77500.000000000000
5860750747,Data Analyst (Building Surveying & Housing Asset Data),Exposed Solutions,it-jobs,permanent,,North West England,2026-08-29 05:49:06+00,2026-08-29,2026-08-29,30000,30000,30000.000000000000
5858681296,Data Architect,Fruition Group,it-jobs,,,North West England,2026-08-27 21:38:53+00,2026-08-29,2026-08-29,85000,85000,85000.000000000000
5858342035,Pricing Analyst - Data & Pricing Program,Morgan McKinley,it-jobs,permanent,full_time,London,2026-08-27 15:52:20+00,2026-08-27,2026-08-29,70000,90000,80000.000000000000
5858303351,Senior Data Analyst,EF Recruitment,it-jobs,contract,,London,2026-08-27 15:04:06+00,2026-08-27,2026-08-29,130000,130000,130000.000000000000
5858291481,AML/ KYC Banking Analyst (Derry / Londonderry),Honeycomb Jobs Limited,accounting-finance-jobs,contract,full_time,London,2026-08-27 14:58:29+00,2026-08-27,2026-08-29,27393,27393,27393.000000000000
5858283631,Payroll Services Lead,Dorset Police/ Devon and Cornwall Police,accounting-finance-jobs,permanent,full_time,South West England,2026-08-27 14:53:04+00,2026-08-27,2026-08-29,40383,40383,40383.000000000000
5858259480,Payroll Services Lead,Ad Warrior Ltd,accounting-finance-jobs,permanent,full_time,South West England,2026-08-27 13:41:23+00,2026-08-27,2026-08-29,40383,40383,40383.000000000000
5861002261,Solution Engineer Data,Microsoft,it-jobs,,full_time,London,2026-08-29 11:42:50+00,2026-08-29,2026-08-29,70000,100000,85000.000000000000
5861002059,"Lead Developer Advocate, SQL & Analytics Workloads",Snowflake,it-jobs,,full_time,London,2026-08-29 11:42:48+00,2026-08-29,2026-08-29,38000,78000,58000.000000000000
5861001969,Analytics Engineer / GCP / LookML / BigQuery,Tria Recruitment,it-jobs,contract,full_time,South West England,2026-08-29 11:42:47+00,2026-08-29,2026-08-29,54000,94000,74000.000000000000
5861002276,Data Architect (Fabric),Methods Consulting,it-jobs,,full_time,London,2026-08-29 11:42:50+00,2026-08-29,2026-08-29,70000,110000,90000.000000000000
5861001983,Software Engineer II - QuantumBlack Labs,McKinsey & Company,it-jobs,,full_time,London,2026-08-29 11:42:47+00,2026-08-29,2026-08-29,80000,90000,85000.000000000000
5861001952,AI Engineer,IFS,it-jobs,,full_time,South East England,2026-08-29 11:42:46+00,2026-08-29,2026-08-29,64000,104000,84000.000000000000
5861001947,Principal Azure Data Engineer (Databricks),Capco,it-jobs,permanent,full_time,London,2026-08-29 11:42:46+00,2026-08-29,2026-08-29,65000,105000,85000.000000000000
5861001958,Forward Deployed Engineer - Specialist,Accenture,it-jobs,,full_time,London,2026-08-29 11:42:46+00,2026-08-29,2026-08-29,50000,75000,62500.000000000000
5861001955,Principal Lead Engineer AI,EBRD,it-jobs,contract,full_time,London,2026-08-29 11:42:46+00,2026-08-29,2026-08-29,65000,105000,85000.000000000000
5861001939,Data Architect,Methods Consulting,it-jobs,permanent,full_time,London,2026-08-29 11:42:45+00,2026-08-29,2026-08-29,49000,77000,63000.000000000000
5861001902,Senior Data Engineer,Hippo Digital,it-jobs,,full_time,West Midlands,2026-08-29 11:42:45+00,2026-08-29,2026-08-29,59000,99000,79000.000000000000
5861001914,Data Engineer,LexisNexis Risk Solutions Group,it-jobs,,full_time,London,2026-08-29 11:42:45+00,2026-08-29,2026-08-29,56000,96000,76000.000000000000
5861001899,Principal Data Engineer,ComplyAdvantage,engineering-jobs,,full_time,London,2026-08-29 11:42:45+00,2026-08-29,2026-08-29,55000,95000,75000.000000000000
5861001915,Senior Data Scientist,LexisNexis Risk Solutions Group,it-jobs,,full_time,London,2026-08-29 11:42:45+00,2026-08-29,2026-08-29,56000,96000,76000.000000000000
5861001919,Lead Data Engineer,WNS Global Services,it-jobs,,full_time,London,2026-08-29 11:42:45+00,2026-08-29,2026-08-29,54000,94000,74000.000000000000
5861001909,Lead Consultant UK GCP Data & AI/ML Pre-Sales Architect,Devoteam,it-jobs,,full_time,London,2026-08-29 11:42:45+00,2026-08-29,2026-08-29,45000,85000,65000.000000000000
5861001807,GCP Cloud Architect,NTT DATA,it-jobs,,full_time,London,2026-08-29 11:42:44+00,2026-08-29,2026-08-29,55000,95000,75000.000000000000
5861001885,AI Engineer,PRODYNA,it-jobs,,full_time,London,2026-08-29 11:42:44+00,2026-08-29,2026-08-29,59000,99000,79000.000000000000
5861001797,Senior Data Engineer - Data Science Platform,ASOS,it-jobs,,full_time,London,2026-08-29 11:42:44+00,2026-08-29,2026-08-29,61000,101000,81000.000000000000
5861001830,Data Engineering Consultant,Avanade,it-jobs,,full_time,London,2026-08-29 11:42:44+00,2026-08-29,2026-08-29,50000,80000,65000.000000000000
5861001839,Senior Machine Learning Scientist,Monzo Bank,it-jobs,,full_time,London,2026-08-29 11:42:44+00,2026-08-29,2026-08-29,30000,50000,40000.000000000000
5861001861,Data Engineer II (Data Platform),TripAdvisor,it-jobs,,full_time,South East England,2026-08-29 11:42:44+00,2026-08-29,2026-08-29,71000,99000,85000.000000000000
5861001824,"Head of Integration, Data & GenAI Engineering",AJ Bell,it-jobs,,full_time,North West England,2026-08-29 11:42:44+00,2026-08-29,2026-08-29,50000,90000,70000.000000000000
5861001794,Data Engineer,Consortia,it-jobs,,full_time,London,2026-08-29 11:42:44+00,2026-08-29,2026-08-29,62000,102000,82000.000000000000
5861001784,"Consultant - Manager, Data Engineer, AI & Data - Bristol",Deloitte,it-jobs,,full_time,South West England,2026-08-29 11:42:43+00,2026-08-29,2026-08-29,95000,130000,112500.000000000000
5861001762,"Senior Consultant/Manager, AI/ML Engineer",Deloitte,it-jobs,,full_time,London,2026-08-29 11:42:43+00,2026-08-29,2026-08-29,95000,130000,112500.000000000000
5861001752,Senior Lead Software Data Engineer – Corporate KYC,JP Morgan Chase,it-jobs,,full_time,Scotland,2026-08-29 11:42:43+00,2026-08-29,2026-08-29,62000,102000,82000.000000000000
5861001643,Data Engineer,Hydrogen,it-jobs,,full_time,London,2026-08-29 11:42:41+00,2026-08-29,2026-08-29,68000,108000,88000.000000000000
5861001618,Director - AI and Machine Learning,Artefact,it-jobs,,full_time,London,2026-08-29 11:42:40+00,2026-08-29,2026-08-29,53000,86000,69500.000000000000
5861001763,Sr. Lead Data Engineer,JP Morgan Chase,it-jobs,,full_time,London,2026-08-29 11:42:43+00,2026-08-29,2026-08-29,62000,102000,82000.000000000000
5861001596,Senior Data Engineer,Clarion Events,it-jobs,,full_time,London,2026-08-29 11:42:40+00,2026-08-29,2026-08-29,29000,56000,42500.000000000000
5861001792,Data Migration Engineer,NTT DATA,it-jobs,,full_time,London,2026-08-29 11:42:43+00,2026-08-29,2026-08-29,55000,95000,75000.000000000000
5861001750,Senior Data Engineer - AWS,Capco,it-jobs,permanent,full_time,London,2026-08-29 11:42:43+00,2026-08-29,2026-08-29,65000,105000,85000.000000000000
5861001601,Senior Data Scientist,Capco,it-jobs,permanent,full_time,London,2026-08-29 11:42:40+00,2026-08-29,2026-08-29,65000,105000,85000.000000000000
5861001591,NLP Engineer,Catchfish,it-jobs,,full_time,South East England,2026-08-29 11:42:39+00,2026-08-29,2026-08-29,45000,85000,65000.000000000000
5861001737,Forward-Deployed Engineer,NTT DATA,it-jobs,,full_time,London,2026-08-29 11:42:43+00,2026-08-29,2026-08-29,55000,95000,75000.000000000000
5861001734,iOS Engineer,ASOS,it-jobs,,full_time,London,2026-08-29 11:42:43+00,2026-08-29,2026-08-29,61000,101000,81000.000000000000
5861001712,"Data Scientist, Manager, Digital Innovation",Deloitte,it-jobs,,full_time,London,2026-08-29 11:42:43+00,2026-08-29,2026-08-29,95000,130000,112500.000000000000
5861001576,ML Ops Engineer,CMC Markets,engineering-jobs,,full_time,London,2026-08-29 11:42:39+00,2026-08-29,2026-08-29,62000,102000,82000.000000000000
5861001588,Technical Consultant,NTT DATA,it-jobs,,full_time,London,2026-08-29 11:42:39+00,2026-08-29,2026-08-29,55000,95000,75000.000000000000
5861001441,Data Platform Engineer,Hays,it-jobs,,full_time,South East England,2026-08-29 11:42:32+00,2026-08-29,2026-08-29,91000,91000,91000.000000000000
5861001766,"Senior Lead Software Engineer - Python, Data, Cloud, AI/ML",JP Morgan Chase,it-jobs,,full_time,London,2026-08-29 11:42:43+00,2026-08-29,2026-08-29,62000,102000,82000.000000000000
5861001584,Lead Data Scientist,RedCat Digital,it-jobs,,full_time,London,2026-08-29 11:42:39+00,2026-08-29,2026-08-29,65000,105000,85000.000000000000
5861001358,Senior Product Data Scientist,Datatech Analytics,it-jobs,,full_time,South East England,2026-08-29 11:42:31+00,2026-08-29,2026-08-29,90000,90000,90000.000000000000
5861002646,Full Stack Software Engineer,Faculty,it-jobs,,full_time,London,2026-08-29 11:42:51+00,2026-08-29,2026-08-29,57000,97000,77000.000000000000
5861002448,Data & AI Science Consultant - London,Accenture,consultancy-jobs,,full_time,London,2026-08-29 11:42:51+00,2026-08-29,2026-08-29,50000,75000,62500.000000000000
5861002626,Principal Product Data Scientist,TripAdvisor,it-jobs,,full_time,London,2026-08-29 11:42:51+00,2026-08-29,2026-08-29,71000,99000,85000.000000000000
5861002578,Managing Consultant - Transport - Data Science,PA Consulting,consultancy-jobs,,full_time,London,2026-08-29 11:42:51+00,2026-08-29,2026-08-29,52000,92000,72000.000000000000
5861002504,Senior Data Scientist - AI Tooling,Intercom,it-jobs,contract,full_time,London,2026-08-29 11:42:51+00,2026-08-29,2026-08-29,62000,102000,82000.000000000000
5861002292,Assistant Director Data Science,Moodys,it-jobs,,full_time,London,2026-08-29 11:42:50+00,2026-08-29,2026-08-29,64000,104000,84000.000000000000
5861002277,Senior AI Product Manager - Product & Experience,Capco,it-jobs,permanent,full_time,London,2026-08-29 11:42:50+00,2026-08-29,2026-08-29,65000,105000,85000.000000000000
5861002249,Sr Programmer-Sr Data Scientist/Analyst Real-World Data (SAS/R),Syneos Health,scientific-qa-jobs,,full_time,London,2026-08-29 11:42:50+00,2026-08-29,2026-08-29,55000,85000,70000.000000000000
5861002316,Back-End Engineer,iwoca,engineering-jobs,,full_time,London,2026-08-29 11:42:50+00,2026-08-29,2026-08-29,70000,110000,90000.000000000000
5861002413,Quantitative Researcher FX,Millennium Management,accounting-finance-jobs,,full_time,London,2026-08-29 11:42:50+00,2026-08-29,2026-08-29,36000,76000,56000.000000000000
5861002342,Senior Data Design Analyst,Rockstar Games,it-jobs,permanent,full_time,Yorkshire And The Humber,2026-08-29 11:42:50+00,2026-08-29,2026-08-29,29000,55000,42000.000000000000
5861002152,Data Analytics & AI Solutions Group Leader,UL Company,it-jobs,,full_time,South East England,2026-08-29 11:42:49+00,2026-08-29,2026-08-29,46000,47000,46500.000000000000
5861002050,Senior AI Engineer,9fin,it-jobs,,full_time,London,2026-08-29 11:42:48+00,2026-08-29,2026-08-29,55000,95000,75000.000000000000
5861002036,Senior Data Scientist,FTI Consulting,it-jobs,,full_time,London,2026-08-29 11:42:48+00,2026-08-29,2026-08-29,26000,61000,43500.000000000000
5861002045,Data Science Manager,Arch Capital Group,energy-oil-gas-jobs,,full_time,London,2026-08-29 11:42:48+00,2026-08-29,2026-08-29,68000,108000,88000.000000000000
5861001985,Software Engineer (ML Projects),Starling Bank,it-jobs,,full_time,London,2026-08-29 11:42:47+00,2026-08-29,2026-08-29,65000,105000,85000.000000000000
5861001980,Principal Data Scientist,Hiscox AG,it-jobs,permanent,full_time,London,2026-08-29 11:42:47+00,2026-08-29,2026-08-29,47000,87000,67000.000000000000
5861001938,"Domain Expert - Responsible AI, Ethics & Assurance",Methods Consulting,it-jobs,,full_time,London,2026-08-29 11:42:45+00,2026-08-29,2026-08-29,70000,110000,90000.000000000000
5861001812,Senior Lead Data Scientist - Credit Risk Modeling,Klarna,scientific-qa-jobs,,full_time,London,2026-08-29 11:42:44+00,2026-08-29,2026-08-29,48000,70000,59000.000000000000
5861001860,Senior Data Scientist,RELX Group,it-jobs,,full_time,London,2026-08-29 11:42:44+00,2026-08-29,2026-08-29,45000,85000,65000.000000000000
5861001847,Senior Data Product Owner,Consortia,it-jobs,,full_time,London,2026-08-29 11:42:44+00,2026-08-29,2026-08-29,62000,102000,82000.000000000000
5861001866,Senior Software Engineer I - London,Wise,it-jobs,,full_time,London,2026-08-29 11:42:44+00,2026-08-29,2026-08-29,66000,106000,86000.000000000000
5861001891,Python Machine Learning Engineer – Core ML/AI Tooling Team,Stanford Black,it-jobs,,full_time,London,2026-08-29 11:42:44+00,2026-08-29,2026-08-29,60000,100000,80000.000000000000
5861001832,TikTok Shop Data Scientist (EMEA),TikTok,it-jobs,,full_time,London,2026-08-29 11:42:44+00,2026-08-29,2026-08-29,200000,250000,225000.000000000000
5861001829,Senior Lead Data Scientist Credit & Finance Model Validation,Klarna,scientific-qa-jobs,,full_time,London,2026-08-29 11:42:44+00,2026-08-29,2026-08-29,48000,70000,59000.000000000000
5861001857,Senior Data Scientist/AI Engineer,Simply Business,it-jobs,permanent,full_time,London,2026-08-29 11:42:44+00,2026-08-29,2026-08-29,55000,95000,75000.000000000000
5861001698,Sr Data Scientist - FDE - Security Check (SC) Clearance,Microsoft,it-jobs,,full_time,London,2026-08-29 11:42:43+00,2026-08-29,2026-08-29,70000,100000,85000.000000000000
5861001789,"Assistant Manager / Manager, Data Scientist",Deloitte,it-jobs,,full_time,London,2026-08-29 11:42:43+00,2026-08-29,2026-08-29,95000,130000,112500.000000000000
5861001686,Senior Full Stack Software Engineer,Faculty,it-jobs,,full_time,London,2026-08-29 11:42:42+00,2026-08-29,2026-08-29,57000,97000,77000.000000000000
5861001660,Lead Data Scientist - Liquidity,Wise,it-jobs,,full_time,London,2026-08-29 11:42:42+00,2026-08-29,2026-08-29,66000,106000,86000.000000000000
5861001648,Machine Learning Engineer,Faculty,it-jobs,,full_time,London,2026-08-29 11:42:41+00,2026-08-29,2026-08-29,57000,97000,77000.000000000000
5860750531,Data Engineer,DWP Digital,it-jobs,permanent,,Yorkshire And The Humber,2026-08-29 05:48:20+00,2026-08-29,2026-08-29,50000,50000,50000.000000000000
5861002030,AI Principal Architect,NTT DATA,it-jobs,,full_time,London,2026-08-29 11:42:48+00,2026-08-29,2026-08-29,55000,95000,75000.000000000000
5861001975,Senior AI Engineer,Deloitte,it-jobs,,full_time,London,2026-08-29 11:42:47+00,2026-08-29,2026-08-29,95000,130000,112500.000000000000
5861001628,AI Engineer,AECOM,it-jobs,,full_time,London,2026-08-29 11:42:40+00,2026-08-29,2026-08-29,60000,100000,80000.000000000000
5859664333,SAS Engineer,Hackajob Ltd,it-jobs,permanent,,North East England,2026-08-28 13:47:39+00,2026-08-29,2026-08-29,75000,75000,75000.000000000000
5859636007,Business Intelligence Administrator,Sodexo,admin-jobs,,,Scotland,2026-08-28 12:37:15+00,2026-08-28,2026-08-29,26227,,
5859635771,Performance & Practice Analyst,Coventry City Council,it-jobs,,,,2026-08-28 12:37:11+00,2026-08-28,2026-08-29,28598,34434,31516.000000000000
5859612155,Commercial Intelligence Analyst,Gigaclear,pr-advertising-marketing-jobs,permanent,full_time,South East England,2026-08-28 11:44:44+00,2026-08-29,2026-08-29,30000,45000,37500.000000000000
5859603009,Systems Lead,Canon,it-jobs,,full_time,London,2026-08-28 11:42:40+00,2026-08-28,2026-08-29,58000,98000,78000.000000000000
5859602424,Business Intelligence Manager,Wolters Kluwer,it-jobs,,full_time,London,2026-08-28 11:42:36+00,2026-08-28,2026-08-29,50000,75000,62500.000000000000
5859602284,Data Innovation and Automation Lead,Coventry City Council,it-jobs,,full_time,West Midlands,2026-08-28 11:42:35+00,2026-08-28,2026-08-29,18000,58000,38000.000000000000
5859525237,Logistics & Transport Management Analyst,Blue Arrow- Logistics,logistics-warehouse-jobs,permanent,full_time,East Midlands,2026-08-28 09:51:28+00,2026-08-28,2026-08-29,55000,55000,55000.000000000000
5859310582,Reporting Analyst,Alzheimers Society,it-jobs,contract,,London,2026-08-28 05:38:53+00,2026-08-28,2026-08-29,40000,40000,40000.000000000000
5858904958,Senior Analytics Engineering Consultant,Harnham - Data & Analytics Recruitment,it-jobs,,full_time,London,2026-08-28 00:04:18+00,2026-08-28,2026-08-29,70000,90000,80000.000000000000
5858682221,Graduate Technology Associate,City Grad,graduate-jobs,,,London,2026-08-27 21:40:08+00,2026-08-28,2026-08-29,35000,35000,35000.000000000000
5858647849,National Sales Manager,Simon Acres Group,sales-jobs,,full_time,,2026-08-27 20:36:24+00,2026-08-28,2026-08-29,65000,75000,70000.000000000000
5858627628,IT Support Engineer,VWA ,it-jobs,permanent,full_time,London,2026-08-27 20:24:08+00,2026-08-28,2026-08-29,35000,40000,37500.000000000000
5858502432,Interim Systems Accountant,iMultiply Resourcing Ltd,accounting-finance-jobs,contract,,Scotland,2026-08-27 17:03:09+00,2026-08-28,2026-08-29,54000,58000,56000.000000000000
5858441089,Business Development Manager,Prospero Group,sales-jobs,,full_time,London,2026-08-27 16:43:02+00,2026-08-27,2026-08-29,35000,40000,37500.000000000000
5861048035,"Leasehold Support Officer (temp: Dartford, Kent)",Adecco,property-jobs,contract,full_time,South East England,2026-08-29 12:47:21+00,2026-08-29,2026-08-29,39520,47840,43680.000000000000
5861045443,Lecturer in Electrical and Electronics Engineering,Nottingham College,teaching-jobs,,part_time,East Midlands,2026-08-29 12:37:48+00,2026-08-29,2026-08-29,33742,42182,37962.000000000000
5861045430,Monitoring Officer (Building Safety Levy),Coventry City Council,admin-jobs,,,,2026-08-29 12:37:47+00,2026-08-29,2026-08-29,34811,41177,37994.000000000000
5861045365,Technical Engineer - Rolling Stock,Ganymede,engineering-jobs,,,London,2026-08-29 12:37:46+00,2026-08-29,2026-08-29,54000,58000,56000.000000000000
5861045394,Revenue and Benefits Client Officer (P01451),Welwyn Hatfield Borough Council,customer-services-jobs,permanent,part_time,,2026-08-29 12:37:46+00,2026-08-29,2026-08-29,39616,42616,41116.000000000000
5861045391,Consultant Engineer - Fleet Contracts,Ganymede,engineering-jobs,permanent,,London,2026-08-29 12:37:46+00,2026-08-29,2026-08-29,60000,,
5861045357,Maintenance Assist,Sodexo,maintenance-jobs,,full_time,Scotland,2026-08-29 12:37:45+00,2026-08-29,2026-08-29,30596,,
5861034332,Trainee Product Manager | No experience needed (Ref: 9401),Qualify Nation Recruitment,it-jobs,,full_time,London,2026-08-29 12:00:09+00,2026-08-29,2026-08-29,28000,38000,33000.000000000000
5861004203,"Product Lead, Data & AI",Zinier,engineering-jobs,,full_time,London,2026-08-29 11:43:00+00,2026-08-29,2026-08-29,79000,101000,90000.000000000000
5861004058,Full Stack Engineer (Data Solutions,JAC Recruitment,it-jobs,permanent,full_time,London,2026-08-29 11:42:59+00,2026-08-29,2026-08-29,45000,60000,52500.000000000000
5861004183,QA Test Engineer (JavaScript),Nanotek,it-jobs,permanent,full_time,South East England,2026-08-29 11:42:59+00,2026-08-29,2026-08-29,62000,102000,82000.000000000000
5861004178,Associate Director - Data Architect,Turner & Townsend,it-jobs,,full_time,London,2026-08-29 11:42:59+00,2026-08-29,2026-08-29,65000,105000,85000.000000000000
5861004076,Full Stack Developer,DNS Info Ltd,it-jobs,,full_time,London,2026-08-29 11:42:59+00,2026-08-29,2026-08-29,37000,77000,57000.000000000000
5861004172,CPE Technical Investigation Engineer,Hays,it-jobs,contract,full_time,London,2026-08-29 11:42:59+00,2026-08-29,2026-08-29,50000,70000,60000.000000000000
5861004179,Lead Product Analyst - Security Platform,Wise,it-jobs,,full_time,London,2026-08-29 11:42:59+00,2026-08-29,2026-08-29,66000,106000,86000.000000000000
5861004175,Associate Director - Digital Identity and Biometrics,Deloitte,it-jobs,,full_time,London,2026-08-29 11:42:59+00,2026-08-29,2026-08-29,95000,130000,112500.000000000000
5861004091,Lead Software Verification Engineer,ZENOVO LTD,it-jobs,,full_time,South West England,2026-08-29 11:42:59+00,2026-08-29,2026-08-29,75000,75000,75000.000000000000
5861004174,Senior C++ Software Engineer,ECM Selection,it-jobs,,full_time,Eastern England,2026-08-29 11:42:59+00,2026-08-29,2026-08-29,60000,100000,80000.000000000000
5861004077,Senior Frontend Engineer,Synthesia,it-jobs,,full_time,London,2026-08-29 11:42:59+00,2026-08-29,2026-08-29,52000,92000,72000.000000000000
5861004073,Senior Consulting Engineer,MongoDB,it-jobs,,full_time,London,2026-08-29 11:42:59+00,2026-08-29,2026-08-29,69000,109000,89000.000000000000
5861003941,Analytics & Experimentation Lead,Checkatrade,it-jobs,,full_time,London,2026-08-29 11:42:58+00,2026-08-29,2026-08-29,49000,89000,69000.000000000000
5861003995,Software Engineer,Intec Select Ltd,it-jobs,,full_time,South East England,2026-08-29 11:42:58+00,2026-08-29,2026-08-29,50000,70000,60000.000000000000
5861003963,Senior Cloud Developer,Framestore,it-jobs,,full_time,London,2026-08-29 11:42:58+00,2026-08-29,2026-08-29,33000,73000,53000.000000000000
5861002288,Data Engineer II,Amazon,it-jobs,,full_time,London,2026-08-29 11:42:50+00,2026-08-29,2026-08-29,60000,110000,85000.000000000000
5861004020,Full Stack Developer,CHEC,it-jobs,permanent,full_time,North West England,2026-08-29 11:42:58+00,2026-08-29,2026-08-29,36500,64500,50500.000000000000
5861004009,Information Security Manager,Frontpoint Partners Ltd,it-jobs,,full_time,London,2026-08-29 11:42:58+00,2026-08-29,2026-08-29,50000,52000,51000.000000000000
5861004021,CRM & Analytics Specialist,Zachary Daniels Recruitment,it-jobs,,full_time,London,2026-08-29 11:42:58+00,2026-08-29,2026-08-29,45000,50000,47500.000000000000
5861003893,Senior Principal AI/ML Engineer,King Games,engineering-jobs,,full_time,London,2026-08-29 11:42:58+00,2026-08-29,2026-08-29,70000,110000,90000.000000000000
5861003562,DevOps Consultant,Infosys Technologies,it-jobs,,full_time,London,2026-08-29 11:42:57+00,2026-08-29,2026-08-29,24000,59000,41500.000000000000
5861001974,"SDET Engineer - GCP, Integration / Stabilization Team",Photon Infotech,it-jobs,,full_time,London,2026-08-29 11:42:47+00,2026-08-29,2026-08-29,58000,98000,78000.000000000000
5861003566,Junior Back End Engineer - Midlothian,Indigo Vision,it-jobs,,full_time,Scotland,2026-08-29 11:42:57+00,2026-08-29,2026-08-29,35000,63000,49000.000000000000
5861003565,Head of Applied AI Products,CGG,it-jobs,,full_time,South East England,2026-08-29 11:42:57+00,2026-08-29,2026-08-29,53000,93000,73000.000000000000
5861003590,AI Business Analyst,Capco,it-jobs,permanent,full_time,Scotland,2026-08-29 11:42:57+00,2026-08-29,2026-08-29,45500,73500,59500.000000000000
5861003724,Staff Site Reliability Engineer,Genomics,engineering-jobs,,full_time,South East England,2026-08-29 11:42:57+00,2026-08-29,2026-08-29,43000,83000,63000.000000000000
5861003630,Lead Architect - Enterprise Payment Capability,Coventry Building Society,it-jobs,permanent,full_time,West Midlands,2026-08-29 11:42:57+00,2026-08-29,2026-08-29,38000,55000,46500.000000000000
5861003557,Technology Architect Oracle Fusion HCM Cloud Data Conversion,Infosys Technologies,it-jobs,,full_time,London,2026-08-29 11:42:57+00,2026-08-29,2026-08-29,24000,59000,41500.000000000000
5861003618,IT Support Manager,Oxford Biomedica,it-jobs,,full_time,South East England,2026-08-29 11:42:57+00,2026-08-29,2026-08-29,32000,72000,52000.000000000000
5861003647,Workday Integration Developer,Freshfields Bruckhaus Deringer,it-jobs,,full_time,North West England,2026-08-29 11:42:57+00,2026-08-29,2026-08-29,65000,105000,85000.000000000000
5861003707,Information Security Analyst - Vulnerability Management,Starling Bank,it-jobs,,full_time,London,2026-08-29 11:42:57+00,2026-08-29,2026-08-29,65000,105000,85000.000000000000
5861003627,QE AI Engineer (Python),NTT DATA,it-jobs,,full_time,London,2026-08-29 11:42:57+00,2026-08-29,2026-08-29,38500,66500,52500.000000000000
5861003453,Azure Cloud & Infrastructure Engineer,BAE Systems,it-jobs,,full_time,London,2026-08-29 11:42:56+00,2026-08-29,2026-08-29,59000,99000,79000.000000000000
5861003479,VP Java Electronic Trading Engineer,Galaxy Digital,it-jobs,,full_time,London,2026-08-29 11:42:56+00,2026-08-29,2026-08-29,74000,90000,82000.000000000000
5861003379,Advanced Analytics Lead,Rock Steady,consultancy-jobs,,full_time,London,2026-08-29 11:42:56+00,2026-08-29,2026-08-29,43000,83000,63000.000000000000
5861003366,Senior Software Engineer,Elsevier,it-jobs,,full_time,London,2026-08-29 11:42:56+00,2026-08-29,2026-08-29,65000,105000,85000.000000000000
5861001771,AI/Data Engineers,Hays,it-jobs,permanent,full_time,North West England,2026-08-29 11:42:43+00,2026-08-29,2026-08-29,50000,70000,60000.000000000000
5861003406,Sr Software Engineer,Couchbase,it-jobs,,full_time,North West England,2026-08-29 11:42:56+00,2026-08-29,2026-08-29,68000,108000,88000.000000000000
5861003413,Principal Game Designer,Zynga,creative-design-jobs,,full_time,London,2026-08-29 11:42:56+00,2026-08-29,2026-08-29,60000,95000,77500.000000000000
5861003520,Lead DevOps Engineer,Easyjet,it-jobs,,full_time,Eastern England,2026-08-29 11:42:56+00,2026-08-29,2026-08-29,30000,70000,50000.000000000000
5861003510,Platform Engineer,Photon Infotech,it-jobs,,full_time,London,2026-08-29 11:42:56+00,2026-08-29,2026-08-29,58000,98000,78000.000000000000
5861003497,Lead SRE - AWS Platform,JP Morgan Chase,it-jobs,,full_time,Scotland,2026-08-29 11:42:56+00,2026-08-29,2026-08-29,62000,102000,82000.000000000000
5861003354,"Vice President, Risk Specialist Senior ServiceNow Engineer",MUFG,it-jobs,,full_time,London,2026-08-29 11:42:56+00,2026-08-29,2026-08-29,40000,80000,60000.000000000000
5861003522,Senior Lead Platform Engineer,JP Morgan Chase,it-jobs,,full_time,Scotland,2026-08-29 11:42:56+00,2026-08-29,2026-08-29,62000,102000,82000.000000000000
5861003351,RVP Priority Support Engineering EMEA,Snowflake,sales-jobs,,full_time,London,2026-08-29 11:42:56+00,2026-08-29,2026-08-29,38000,78000,58000.000000000000
5861003343,Senior Service Designer - Product & Experience,Capco,it-jobs,permanent,full_time,London,2026-08-29 11:42:55+00,2026-08-29,2026-08-29,65000,105000,85000.000000000000
5861003257,Python Analytics Engineer,Lendable,it-jobs,,full_time,London,2026-08-29 11:42:55+00,2026-08-29,2026-08-29,55000,95000,75000.000000000000
5861003110,Senior Lead Oracle Fusion Cloud Integration Consultant,Version 1,it-jobs,,full_time,Northern Ireland,2026-08-29 11:42:54+00,2026-08-29,2026-08-29,49000,66000,57500.000000000000
5861001315,Configuration and Data Engineer,Raytheon,it-jobs,,full_time,Eastern England,2026-08-29 11:42:29+00,2026-08-29,2026-08-29,50000,90000,70000.000000000000
5861003154,UX / Product Design Lead,Citigroup,it-jobs,,full_time,Northern Ireland,2026-08-29 11:42:54+00,2026-08-29,2026-08-29,62000,102000,82000.000000000000
5861003040,IT Security Analyst,Withersworldwide,it-jobs,permanent,full_time,London,2026-08-29 11:42:53+00,2026-08-29,2026-08-29,47000,87000,67000.000000000000
5861002941,Customer Solutions Lead - AI,Advania UK,it-jobs,,full_time,London,2026-08-29 11:42:53+00,2026-08-29,2026-08-29,39000,79000,59000.000000000000
5861002891,R Programmer,Medpace,it-jobs,,full_time,London,2026-08-29 11:42:53+00,2026-08-29,2026-08-29,42000,54000,48000.000000000000
5861002978,Associate Front Office Software Engineer,Castleton Commodities International,it-jobs,,full_time,London,2026-08-29 11:42:53+00,2026-08-29,2026-08-29,34000,57000,45500.000000000000
5861002923,Senior Firmware & Software Engineer,KLA-Tencor,it-jobs,,full_time,Wales,2026-08-29 11:42:53+00,2026-08-29,2026-08-29,34000,52000,43000.000000000000
5861435017,Data Graduate,NorthStandard,graduate-jobs,,,,2026-08-29 22:49:00+00,2026-08-30,2026-08-30,30000,,
5861002774,Senior Data Scientist,Hastings Direct,it-jobs,,full_time,London,2026-08-29 11:42:52+00,2026-08-29,2026-08-29,47000,86000,66500.000000000000
5861002831,Senior Manager AI/ML Engineer,Baringa,it-jobs,,full_time,London,2026-08-29 11:42:52+00,2026-08-29,2026-08-29,59000,99000,79000.000000000000
5861234000,Data Analyst,RAPPLTUK RAPP,it-jobs,,full_time,London,2026-08-29 16:28:22+00,2026-08-30,2026-08-30,40000,50000,45000.000000000000
5861001615,"Senior Software Engineer, AI Centre of Excellence",Checkout.com,it-jobs,,full_time,London,2026-08-29 11:42:40+00,2026-08-29,2026-08-29,45000,83000,64000.000000000000
5861001611,Senior AI Architect,Liberty Global,it-jobs,,full_time,London,2026-08-29 11:42:40+00,2026-08-29,2026-08-29,61000,91000,76000.000000000000
5860750489,Data Engineer,DWP Digital,it-jobs,permanent,,Wales,2026-08-29 05:48:16+00,2026-08-29,2026-08-29,50000,50000,50000.000000000000
5860750488,Data Engineer,DWP Digital,it-jobs,permanent,,North West England,2026-08-29 05:48:16+00,2026-08-29,2026-08-29,50000,50000,50000.000000000000
5859492510,Data Analyst (AI Training),OneForma,part-time-jobs,permanent,part_time,London,2026-08-28 09:16:41+00,2026-08-28,2026-08-30,22880,22880,22880.000000000000
5858662598,eFront Data & Integration Consultant (Private Markets),Square One Resources,it-jobs,contract,full_time,London,2026-08-27 21:14:35+00,2026-08-28,2026-08-30,182000,208000,195000.000000000000
5858654847,BI Developer (Power BI / Power Platform),MCS Group,it-jobs,contract,,Northern Ireland,2026-08-27 20:53:40+00,2026-08-28,2026-08-30,60000,60000,60000.000000000000
5858628580,Data Analyst,Hays Technology,it-jobs,contract,,Yorkshire And The Humber,2026-08-27 20:28:48+00,2026-08-28,2026-08-30,66560,76180,71370.000000000000
5858627464,Data and Insights Analyst,Newlon Housing Trust,it-jobs,permanent,full_time,London,2026-08-27 20:23:59+00,2026-08-28,2026-08-30,41380,41380,41380.000000000000
5858411950,Asset Data Analyst – Existing Homes,Moat Homes,it-jobs,permanent,full_time,South East England,2026-08-27 16:39:26+00,2026-08-28,2026-08-30,36308,45385,40846.500000000000
5858389764,Data Analyst,Ageas,it-jobs,contract,part_time,South East England,2026-08-27 16:34:47+00,2026-08-27,2026-08-30,50000,65000,57500.000000000000
5858374270,Fraud Data Analytics | S2 | Fraud Analytics | Milton Keynes | Internal Mobility,Santander UK,it-jobs,,full_time,,2026-08-27 16:26:33+00,2026-08-27,2026-08-30,35452,53178,44315.000000000000
5858373645,Asset Data Analyst - Property Services,Moat Homes,it-jobs,permanent,full_time,South East England,2026-08-27 16:26:09+00,2026-08-27,2026-08-30,36308,45385,40846.500000000000
5862027895,Data Engineer,DWP Digital,it-jobs,permanent,,North West England,2026-08-30 09:50:54+00,2026-08-30,2026-08-30,50000,50000,50000.000000000000
5862027893,Data Engineer,DWP Digital,it-jobs,permanent,,North East England,2026-08-30 09:50:54+00,2026-08-30,2026-08-30,50000,50000,50000.000000000000
5862027894,Data Engineer,DWP Digital,it-jobs,permanent,,Yorkshire And The Humber,2026-08-30 09:50:54+00,2026-08-30,2026-08-30,50000,50000,50000.000000000000
5861003146,Data Engineer,BAE Systems,it-jobs,,full_time,London,2026-08-29 11:42:54+00,2026-08-29,2026-08-30,59000,99000,79000.000000000000
5861003078,Forward Deployed Enablement Engineer,Palantir Technologies,it-jobs,,full_time,London,2026-08-29 11:42:54+00,2026-08-29,2026-08-30,54000,94000,74000.000000000000
5861002937,Data Engineer III,JP Morgan Chase,it-jobs,,full_time,Scotland,2026-08-29 11:42:53+00,2026-08-29,2026-08-30,62000,102000,82000.000000000000
5861002982,Senior Engineer GCP Cloud Identity London,Photon Infotech,it-jobs,,full_time,London,2026-08-29 11:42:53+00,2026-08-29,2026-08-30,58000,98000,78000.000000000000
5861002984,Senior DevOps / Platform Engineer (Google Cloud),Datatonic,it-jobs,,full_time,London,2026-08-29 11:42:53+00,2026-08-29,2026-08-30,61000,101000,81000.000000000000
5861002899,Senior Staff Data Engineer,Boehringer Ingelheim,it-jobs,,full_time,South East England,2026-08-29 11:42:53+00,2026-08-29,2026-08-30,70000,110000,90000.000000000000
5861002893,"Senior Engineer, Payout Network",TapTap Send,it-jobs,,full_time,London,2026-08-29 11:42:53+00,2026-08-29,2026-08-30,59000,91000,75000.000000000000
5861002977,Scientific Data Engineer,Biovia,scientific-qa-jobs,,full_time,Eastern England,2026-08-29 11:42:53+00,2026-08-29,2026-08-30,68000,108000,88000.000000000000
5861003011,Data Engineering Lead,Citigroup,it-jobs,,full_time,Northern Ireland,2026-08-29 11:42:53+00,2026-08-29,2026-08-30,62000,102000,82000.000000000000
5861002850,Data Science Associate Manager,Accenture,it-jobs,,full_time,London,2026-08-29 11:42:52+00,2026-08-29,2026-08-30,50000,75000,62500.000000000000
5861002792,Principal Data Engineer - AWS,Capco,it-jobs,,full_time,London,2026-08-29 11:42:52+00,2026-08-29,2026-08-30,65000,105000,85000.000000000000
5861002688,Cybersecurity Senior Associate,State Street Bank,it-jobs,contract,full_time,London,2026-08-29 11:42:52+00,2026-08-29,2026-08-30,60000,90000,75000.000000000000
5861002743,Data Engineer,Advanced Resource Managers ,it-jobs,contract,full_time,London,2026-08-29 11:42:52+00,2026-08-30,2026-08-30,41000,81000,61000.000000000000
5861002516,Lead ML Engineer / Scientist,Wise,it-jobs,,full_time,London,2026-08-29 11:42:51+00,2026-08-29,2026-08-30,66000,106000,86000.000000000000
5861002562,Data Architect,Luxoft,it-jobs,,full_time,London,2026-08-29 11:42:51+00,2026-08-29,2026-08-30,33500,47500,40500.000000000000
5861002634,Senior Data Engineer (Data Platform),Rightmove,it-jobs,,full_time,London,2026-08-29 11:42:51+00,2026-08-29,2026-08-30,52000,71000,61500.000000000000
5861002561,Principal Data Engineer - London,Anaplan,it-jobs,,full_time,London,2026-08-29 11:42:51+00,2026-08-29,2026-08-30,52000,92000,72000.000000000000
5861002591,Senior Machine Learning Engineer,Wise,it-jobs,,full_time,London,2026-08-29 11:42:51+00,2026-08-29,2026-08-30,66000,106000,86000.000000000000
5861002637,"Senior Solutions Architect, WWPS Global Defence Partners",AmazonWebServices,it-jobs,,full_time,London,2026-08-29 11:42:51+00,2026-08-29,2026-08-30,63000,103000,83000.000000000000
5861002657,Software Engineer III – Data Engineering KYC,JP Morgan Chase,it-jobs,,full_time,Scotland,2026-08-29 11:42:51+00,2026-08-29,2026-08-30,62000,102000,82000.000000000000
5861002350,Senior Developer,Menzies LLP,it-jobs,,full_time,London,2026-08-29 11:42:50+00,2026-08-29,2026-08-30,21000,61000,41000.000000000000
5861222592,Head of AI Transformation | S5 | Data & AI Domain | Milton Keynes,Banco Santander,it-jobs,,full_time,,2026-08-29 16:19:18+00,2026-08-30,2026-08-30,108000,162000,135000.000000000000
5861079746,Data Science Manager,Hackajob Ltd,consultancy-jobs,permanent,,London,2026-08-29 13:49:38+00,2026-08-30,2026-08-30,100000,100000,100000.000000000000
5861079744,"Data Scientist, Research, DeepMind",Hackajob Ltd,scientific-qa-jobs,permanent,,London,2026-08-29 13:49:38+00,2026-08-30,2026-08-30,100000,100000,100000.000000000000
5861079180,AI Architect,Hackajob Ltd,it-jobs,permanent,,London,2026-08-29 13:48:47+00,2026-08-30,2026-08-30,100000,100000,100000.000000000000
5861069693,"Senior Manager, Data, AI & Performance Analytics",Cotswold Outdoor Group Ltd,it-jobs,,,South West England,2026-08-29 13:36:10+00,2026-08-30,2026-08-30,70000,70000,70000.000000000000
5861004215,Senior Software Engineer,KLA-Tencor,it-jobs,,full_time,Wales,2026-08-29 11:43:00+00,2026-08-29,2026-08-30,34000,52000,43000.000000000000
5861004087,Staff Software Engineer - AI,Moodys,it-jobs,,full_time,London,2026-08-29 11:42:59+00,2026-08-29,2026-08-30,64000,104000,84000.000000000000
5861003980,Machine Learning Engineer,Hyper Recruitment Solutions,it-jobs,,full_time,London,2026-08-29 11:42:58+00,2026-08-29,2026-08-30,33000,73000,53000.000000000000
5861003849,Software Engineer,Rover.com,it-jobs,permanent,full_time,London,2026-08-29 11:42:58+00,2026-08-29,2026-08-30,52000,63000,57500.000000000000
5861004024,Junior AI Developer,Linked HR,it-jobs,,full_time,West Midlands,2026-08-29 11:42:58+00,2026-08-29,2026-08-30,25000,25000,25000.000000000000
5861004034,Context Plane Python Engineer,JP Morgan Chase,it-jobs,,full_time,Scotland,2026-08-29 11:42:58+00,2026-08-29,2026-08-30,62000,102000,82000.000000000000
5861003623,Senior Python Developer - Microservices,Lyst,it-jobs,,full_time,London,2026-08-29 11:42:57+00,2026-08-29,2026-08-30,69000,106000,87500.000000000000
5861003650,Senior AI & Compute Systems Engineer,ARM,it-jobs,,full_time,Eastern England,2026-08-29 11:42:57+00,2026-08-29,2026-08-30,45000,80000,62500.000000000000
5861003607,Data Science and AI Consultant,Deloitte,it-jobs,,full_time,London,2026-08-29 11:42:57+00,2026-08-29,2026-08-30,95000,130000,112500.000000000000
5861003583,Lead AI/ML Technologist,Digital Catapult,it-jobs,,full_time,London,2026-08-29 11:42:57+00,2026-08-29,2026-08-30,70000,110000,90000.000000000000
5861003703,Full-Stack Machine Learning Engineer,LexisNexis Risk Solutions Group,it-jobs,,full_time,London,2026-08-29 11:42:57+00,2026-08-29,2026-08-30,56000,96000,76000.000000000000
5861003572,Data Scientist,Stanton House,it-jobs,permanent,full_time,London,2026-08-29 11:42:57+00,2026-08-30,2026-08-30,24000,64000,44000.000000000000
5861003350,Senior Statistician,Optimizely,it-jobs,,full_time,London,2026-08-29 11:42:56+00,2026-08-29,2026-08-30,63000,103000,83000.000000000000
5861003186,Senior Golang Engineer,Checkout.com,engineering-jobs,,full_time,London,2026-08-29 11:42:55+00,2026-08-29,2026-08-30,45000,83000,64000.000000000000
5861003318,Analytics Solutions Lead,Chubb,it-jobs,,full_time,London,2026-08-29 11:42:55+00,2026-08-29,2026-08-30,60000,100000,80000.000000000000
5861003260,Senior Product Data Scientist,TripAdvisor,it-jobs,,full_time,London,2026-08-29 11:42:55+00,2026-08-29,2026-08-30,71000,99000,85000.000000000000
5861003287,Applied AI Engineer,Castleton Commodities International,it-jobs,,full_time,London,2026-08-29 11:42:55+00,2026-08-29,2026-08-30,34000,57000,45500.000000000000
5861003076,Forward Deployed Software Engineer,Palantir Technologies,it-jobs,,full_time,London,2026-08-29 11:42:54+00,2026-08-29,2026-08-30,54000,94000,74000.000000000000
5861003160,AI Deployment Strategist,Pigment,it-jobs,,full_time,London,2026-08-29 11:42:54+00,2026-08-29,2026-08-30,66000,106000,86000.000000000000
5861003016,AI/ML Governance Strategy Senior Associate,JP Morgan Chase,it-jobs,,full_time,London,2026-08-29 11:42:53+00,2026-08-29,2026-08-30,62000,102000,82000.000000000000
5861002989,Senior MLOps Engineer - Edge,Hudl,engineering-jobs,,full_time,London,2026-08-29 11:42:53+00,2026-08-29,2026-08-30,31000,67000,49000.000000000000
5861002928,Senior Data Scientist,carwow,it-jobs,,full_time,London,2026-08-29 11:42:53+00,2026-08-29,2026-08-30,55000,95000,75000.000000000000
5861002916,Staff/Principal Machine Learning Scientist,TripAdvisor,it-jobs,,full_time,London,2026-08-29 11:42:53+00,2026-08-29,2026-08-30,71000,99000,85000.000000000000
5861002979,"Analyst, Practice Technology",White & Case,legal-jobs,,full_time,London,2026-08-29 11:42:53+00,2026-08-29,2026-08-30,70000,110000,90000.000000000000
5861002925,"Backend Software Engineer – Python, AWS",Intellectual Capital Resources,it-jobs,,full_time,South East England,2026-08-29 11:42:53+00,2026-08-29,2026-08-30,59000,99000,79000.000000000000
5861003002,Senior Data Scientist - Product Analytics,Intercom,it-jobs,contract,full_time,London,2026-08-29 11:42:53+00,2026-08-29,2026-08-30,62000,102000,82000.000000000000
5861002946,Lead/Senior Software Engineer,Rover.com,it-jobs,permanent,full_time,London,2026-08-29 11:42:53+00,2026-08-29,2026-08-30,52000,63000,57500.000000000000
5861003022,Machine Learning Engineer – Defence Sector,Newton Colmore Consulting,engineering-jobs,,full_time,West Midlands,2026-08-29 11:42:53+00,2026-08-29,2026-08-30,45000,85000,65000.000000000000
5861003060,Applied AI/ML Lead - Agentic AI & Python,JP Morgan Chase,it-jobs,,full_time,Scotland,2026-08-29 11:42:53+00,2026-08-29,2026-08-30,62000,102000,82000.000000000000
5859775369,Performance Analyst - 3 Month FTC,Together Housing,it-jobs,contract,,Yorkshire And The Humber,2026-08-28 16:35:01+00,2026-08-28,2026-08-30,33758,33758,33758.000000000000
5859775363,Performance Analyst - 3 Month FTC,Together Housing,it-jobs,contract,,Yorkshire And The Humber,2026-08-28 16:35:01+00,2026-08-29,2026-08-30,33758,33758,33758.000000000000
5859775373,Performance Analyst - 3 Month FTC,Together Housing,it-jobs,contract,,Yorkshire And The Humber,2026-08-28 16:35:01+00,2026-08-29,2026-08-30,33758,33758,33758.000000000000
5859774271,Finance Business Partner,Boden Group,accounting-finance-jobs,contract,,West Midlands,2026-08-28 16:33:56+00,2026-08-29,2026-08-30,78000,91000,84500.000000000000
5859768687,Resource Planning Analyst,Belron UK Limited,it-jobs,,full_time,,2026-08-28 16:29:12+00,2026-08-28,2026-08-30,35000,40000,37500.000000000000
5862185416,Trainee Product Manager | No experience needed (Ref: 9401),Qualify Nation Recruitment,it-jobs,,full_time,London,2026-08-30 12:03:03+00,2026-08-30,2026-08-30,28000,38000,33000.000000000000
5862185413,Web Analyst,Harnham - Data & Analytics Recruitment,it-jobs,,full_time,North West England,2026-08-30 12:03:03+00,2026-08-30,2026-08-30,30000,33000,31500.000000000000
5862140308,Software QA,DD Products & Services,it-jobs,permanent,full_time,Eastern England,2026-08-30 11:45:24+00,2026-08-30,2026-08-30,35000,40000,37500.000000000000
5862139651,Digital Training Products Manager,Royal College of General Practitioners,it-jobs,contract,full_time,London,2026-08-30 11:45:20+00,2026-08-30,2026-08-30,48592,48592,48592.000000000000
5862138885,Digital Trade Assistant,Ann Summers,pr-advertising-marketing-jobs,permanent,full_time,South East England,2026-08-30 11:45:03+00,2026-08-30,2026-08-30,26500,26500,26500.000000000000
5862136931,Compliance Manager,Trident Group,trade-construction-jobs,permanent,full_time,West Midlands,2026-08-30 11:44:44+00,2026-08-30,2026-08-30,45000,45000,45000.000000000000
5862029062,Supply Chain Manager,Sigma Retail Solutions Limited,logistics-warehouse-jobs,permanent,,Yorkshire And The Humber,2026-08-30 09:53:00+00,2026-08-30,2026-08-30,35000,35000,35000.000000000000
5862028623,Product Manager,Get Recruited  Ltd,it-jobs,permanent,,Yorkshire And The Humber,2026-08-30 09:51:48+00,2026-08-30,2026-08-30,45000,45000,45000.000000000000
5862028591,Final Mile Territory Manager,Evri,logistics-warehouse-jobs,permanent,,Yorkshire And The Humber,2026-08-30 09:51:47+00,2026-08-30,2026-08-30,35000,35000,35000.000000000000
5862028539,"Strategic Partner Manager, YouTube, Early Careers - Spanish, English",Hackajob Ltd,pr-advertising-marketing-jobs,permanent,,London,2026-08-30 09:51:40+00,2026-08-30,2026-08-30,90000,90000,90000.000000000000
5862028546,Vehicle Recovery Lead,Solus Accident Repair Centres,logistics-warehouse-jobs,permanent,,West Midlands,2026-08-30 09:51:40+00,2026-08-30,2026-08-30,30000,30000,30000.000000000000
5862028525,Head of Rent and Service Charges,Paradigm Housing,accounting-finance-jobs,permanent,,South East England,2026-08-30 09:51:39+00,2026-08-30,2026-08-30,75000,75000,75000.000000000000
5862028505,Head of Marketplace,Zachary Daniels,sales-jobs,permanent,full_time,North West England,2026-08-30 09:51:38+00,2026-08-30,2026-08-30,70000,70000,70000.000000000000
5862028430,Head of Estate Services,Paradigm Housing,trade-construction-jobs,permanent,,South East England,2026-08-30 09:51:35+00,2026-08-30,2026-08-30,70000,70000,70000.000000000000
5862027995,PPC Account Manager,Cluett Reeve,pr-advertising-marketing-jobs,permanent,,South East England,2026-08-30 09:51:00+00,2026-08-30,2026-08-30,55000,55000,55000.000000000000
5862027919,Electronics Engineer,Bright Purple Resourcing,engineering-jobs,permanent,,Scotland,2026-08-30 09:50:58+00,2026-08-30,2026-08-30,60000,60000,60000.000000000000
5862027909,Brand Manager,Nter Talent,pr-advertising-marketing-jobs,permanent,,Eastern England,2026-08-30 09:50:57+00,2026-08-30,2026-08-30,50000,50000,50000.000000000000
5862027850,Chromatography Field Service Engineer,Roundhouse Recruitment Limited,engineering-jobs,permanent,,London,2026-08-30 09:50:52+00,2026-08-30,2026-08-30,60000,60000,60000.000000000000
5862027839,Technical Specialist - Storage Platforms,Hackajob Ltd,it-jobs,permanent,,South East England,2026-08-30 09:50:52+00,2026-08-30,2026-08-30,65000,65000,65000.000000000000
5862027802,Storage Engineer,Hackajob Ltd,it-jobs,permanent,,North West England,2026-08-30 09:50:45+00,2026-08-30,2026-08-30,85000,85000,85000.000000000000
5862027671,Accounts Senior,SI Recruitment,accounting-finance-jobs,permanent,,Scotland,2026-08-30 09:50:32+00,2026-08-30,2026-08-30,45000,45000,45000.000000000000
5862027679,Internal Audit Manager,Cedar Recruitment,accounting-finance-jobs,permanent,,North West England,2026-08-30 09:50:32+00,2026-08-30,2026-08-30,55000,55000,55000.000000000000
5862027639,Senior Pay and Rewards and Pensions Administrator,Solus Accident Repair Centres,accounting-finance-jobs,permanent,,South East England,2026-08-30 09:50:30+00,2026-08-30,2026-08-30,45000,45000,45000.000000000000
5862027569,Senior Surveyor,The Joseph Rowntree Foundation,trade-construction-jobs,permanent,full_time,Yorkshire And The Humber,2026-08-30 09:50:19+00,2026-08-30,2026-08-30,45000,45000,45000.000000000000
5862027462,Quality Assurance Technician,Insight Employment Ltd,manufacturing-jobs,contract,,South East England,2026-08-30 09:50:06+00,2026-08-30,2026-08-30,29993,29993,29993.000000000000
5862027439,Senior Quality Engineer,Hunter Selection,engineering-jobs,permanent,,South West England,2026-08-30 09:50:05+00,2026-08-30,2026-08-30,50000,50000,50000.000000000000
5862027447,Production Engineer,Heybridge Associates Ltd,engineering-jobs,permanent,,Yorkshire And The Humber,2026-08-30 09:50:05+00,2026-08-30,2026-08-30,40000,40000,40000.000000000000
5862027441,Product Development Engineer,M-Tec Engineering Solutions Limited,engineering-jobs,permanent,,West Midlands,2026-08-30 09:50:05+00,2026-08-30,2026-08-30,45000,45000,45000.000000000000
5862027425,Lead Nights Engineer,KAG Recruitment Consultancy Ltd,engineering-jobs,permanent,,Yorkshire And The Humber,2026-08-30 09:50:04+00,2026-08-30,2026-08-30,55000,55000,55000.000000000000
5862027374,IT Field Service Engineer,Sanderson Recruitment,it-jobs,permanent,full_time,South West England,2026-08-30 09:49:56+00,2026-08-30,2026-08-30,26000,26000,26000.000000000000
5860750768,Project Management Business Partner,Morson Edge,consultancy-jobs,contract,,North West England,2026-08-29 05:49:08+00,2026-08-29,2026-08-30,62462,83574,73018.000000000000
5861918382,Onshoring - Capacity Manager,HAYS,it-jobs,contract,,London,2026-08-30 05:50:51+00,2026-08-30,2026-08-30,143000,156000,149500.000000000000
5861918121,Interaction Designer,Experis,it-jobs,contract,,West Midlands,2026-08-30 05:50:14+00,2026-08-30,2026-08-30,104000,119600,111800.000000000000
5861918058,Brand Technology Manager,Compass UK & Ireland,it-jobs,permanent,,West Midlands,2026-08-30 05:50:04+00,2026-08-30,2026-08-30,50000,50000,50000.000000000000
5861917870,Mechanical Estimator - Milton Keynes,Buildspace Group,trade-construction-jobs,permanent,,South East England,2026-08-30 05:49:39+00,2026-08-30,2026-08-30,70000,70000,70000.000000000000
5861917805,Process Engineer,Redmore Recruitment Limited,engineering-jobs,permanent,full_time,Wales,2026-08-30 05:49:26+00,2026-08-30,2026-08-30,45000,45000,45000.000000000000
5861860494,"Building Safety, Compliance and Assurance Co-ordinator",Nuneaton & Bedworth Borough Council,admin-jobs,,,West Midlands,2026-08-30 04:33:35+00,2026-08-30,2026-08-30,30515,32046,31280.500000000000
5861918453,Quality Manager,HAYS,engineering-jobs,permanent,,Northern Ireland,2026-08-30 05:51:08+00,2026-08-30,2026-08-30,50000,50000,50000.000000000000
5861917942,"Senior Manager, Data, AI & Performance Analytics",Cotswold Outdoor Group Ltd,it-jobs,permanent,,South West England,2026-08-30 05:49:50+00,2026-08-30,2026-08-30,70000,70000,70000.000000000000
5862028601,Procurement Administrator FTC,SourceCo,admin-jobs,contract,,East Midlands,2026-08-30 09:51:47+00,2026-08-30,2026-08-31,30000,30000,30000.000000000000
5860088039,Data Graduate,NorthStandard,graduate-jobs,,,,2026-08-28 22:48:53+00,2026-08-29,2026-09-01,30000,,
5861373396,Entry Level Data Consultant No Experience Required,NEWTO TRAINING LIMITED,it-jobs,permanent,,North West England,2026-08-29 17:49:48+00,2026-08-30,2026-08-31,65000,65000,65000.000000000000
5859752658,Chris Sole,Rutherford Cross,accounting-finance-jobs,,,Scotland,2026-08-28 16:10:22+00,2026-08-28,2026-08-31,75000,75000,75000.000000000000
5859602901,Principal Data Analyst,United Kingdom Government,it-jobs,,full_time,West Midlands,2026-08-28 11:42:40+00,2026-08-28,2026-08-31,68000,108000,88000.000000000000
5859525159,Management Accountant,Hackajob Ltd,accounting-finance-jobs,permanent,,South East England,2026-08-28 09:51:25+00,2026-08-28,2026-08-31,75000,75000,75000.000000000000
5859522148,Software Engineer II - Databricks,Hackajob Ltd,it-jobs,permanent,,South West England,2026-08-28 09:48:51+00,2026-08-28,2026-08-31,100000,100000,100000.000000000000
5861211679,Data Architect,Young's Employment Services Ltd,it-jobs,,full_time,London,2026-08-29 16:00:03+00,2026-08-30,2026-08-31,95000,100000,97500.000000000000
5861101079,Data Architect,Youngs Employment Services,it-jobs,,full_time,London,2026-08-29 14:50:51+00,2026-08-30,2026-08-31,95000,100000,97500.000000000000
5861004100,Senior Data Engineer,Solirius Consulting,it-jobs,,full_time,London,2026-08-29 11:42:59+00,2026-08-29,2026-08-31,55000,95000,75000.000000000000
5861004122,Enterprise Databricks Data Architect,Robert Half,it-jobs,contract,full_time,London,2026-08-29 11:42:59+00,2026-08-29,2026-08-31,61000,101000,81000.000000000000
5861003951,Solutions Architect,Burberry,it-jobs,,full_time,London,2026-08-29 11:42:58+00,2026-08-29,2026-08-31,32000,72000,52000.000000000000
5861003937,Senior AI Data Engineer,ComplySci,it-jobs,,full_time,London,2026-08-29 11:42:58+00,2026-08-29,2026-08-31,69000,109000,89000.000000000000
5861003911,AWS Cloud Engineer,hireful,it-jobs,,full_time,East Midlands,2026-08-29 11:42:58+00,2026-08-29,2026-08-31,65000,70000,67500.000000000000
5861003851,Data Engineer - AWS (FTC),Coventry Building Society,it-jobs,contract,full_time,North West England,2026-08-29 11:42:58+00,2026-08-29,2026-08-31,41430,55470,48450.000000000000
5861730064,Data Engineer,DWP Digital,it-jobs,permanent,,Yorkshire And The Humber,2026-08-30 01:50:28+00,2026-08-31,2026-08-31,50000,50000,50000.000000000000
5861004031,Systems Developer,Massenhove Recruitment Limited,it-jobs,,full_time,East Midlands,2026-08-29 11:42:58+00,2026-08-29,2026-08-31,42000,55000,48500.000000000000
5861003845,Data Engineer,Siamo Recruitment a division of Siamo Group,it-jobs,,full_time,South West England,2026-08-29 11:42:58+00,2026-08-29,2026-08-31,34500,36500,35500.000000000000
5861003846,Lead Technical Solution Architect,Catchfish,it-jobs,,full_time,South East England,2026-08-29 11:42:58+00,2026-08-30,2026-08-31,45000,85000,65000.000000000000
5861003708,Data Engineer,Edwards Vacuum,engineering-jobs,,full_time,South East England,2026-08-29 11:42:57+00,2026-08-29,2026-08-31,68000,108000,88000.000000000000
5861003579,Technical Solutions Architect,World Wide Technology,it-jobs,,full_time,London,2026-08-29 11:42:57+00,2026-08-29,2026-08-31,62000,102000,82000.000000000000
5861003635,Data Engineer,Pepper Media Holding,it-jobs,,full_time,London,2026-08-29 11:42:57+00,2026-08-29,2026-08-31,33000,35000,34000.000000000000
5861003358,Senior Data Engineer,Boehringer Ingelheim,scientific-qa-jobs,,full_time,South East England,2026-08-29 11:42:56+00,2026-08-29,2026-08-31,70000,110000,90000.000000000000
5861003537,Technical Project Manager,Tria Recruitment,it-jobs,permanent,full_time,South West England,2026-08-29 11:42:56+00,2026-08-29,2026-08-31,54000,94000,74000.000000000000
5861003363,Senior Software Engineer Data & Intelligence Platform,Tesco,it-jobs,,full_time,Eastern England,2026-08-29 11:42:56+00,2026-08-29,2026-08-31,36000,76000,56000.000000000000
5861003525,Analytics Engineer,PaymentSense,it-jobs,,full_time,London,2026-08-29 11:42:56+00,2026-08-29,2026-08-31,25000,65000,45000.000000000000
5861003461,Lead Data Scientist,Catchfish,it-jobs,,full_time,South East England,2026-08-29 11:42:56+00,2026-08-30,2026-08-31,45000,85000,65000.000000000000
5861003325,Senior Software Engineer - Data,Elliptic,it-jobs,,full_time,London,2026-08-29 11:42:55+00,2026-08-29,2026-08-31,43000,83000,63000.000000000000
5861003263,Senior Python Developer - Quant Models AI Automation,Citigroup,it-jobs,,full_time,London,2026-08-29 11:42:55+00,2026-08-29,2026-08-31,62000,102000,82000.000000000000
5861003276,Azure Data Support Engineer,Avanade,it-jobs,permanent,full_time,London,2026-08-29 11:42:55+00,2026-08-29,2026-08-31,50000,80000,65000.000000000000
5861003339,Data Tech Lead,Morson Group,it-jobs,,full_time,North West England,2026-08-29 11:42:55+00,2026-08-29,2026-08-31,63000,103000,83000.000000000000
5861428239,Pricing Actuary,High Finance  Limited,accounting-finance-jobs,permanent,,London,2026-08-29 21:49:48+00,2026-08-30,2026-08-31,100000,100000,100000.000000000000
5861237818,Data Scientist - Manchester Hybrid,Inrix,scientific-qa-jobs,permanent,full_time,North West England,2026-08-29 16:31:12+00,2026-08-30,2026-08-31,40000,52000,46000.000000000000
5861232099,Data Discovery and Enrichment Expert – SEP Intelligence Lead,RELX,it-jobs,,full_time,London,2026-08-29 16:26:52+00,2026-08-30,2026-08-31,71600,119400,95500.000000000000
5861231590,Senior Principal Data Scientist,Novartis,scientific-qa-jobs,,full_time,London,2026-08-29 16:26:31+00,2026-08-30,2026-08-31,57050,105950,81500.000000000000
5861080073,Logistics & Transport Management Analyst,Blue Arrow- Logistics,logistics-warehouse-jobs,permanent,full_time,East Midlands,2026-08-29 13:49:56+00,2026-08-30,2026-08-31,55000,55000,55000.000000000000
5860066685,Data Engineer,DWP Digital,it-jobs,,,North West England,2026-08-28 21:35:47+00,2026-08-29,2026-08-31,50000,50000,50000.000000000000
5860066688,Data Engineer,DWP Digital,it-jobs,,,Wales,2026-08-28 21:35:47+00,2026-08-30,2026-08-31,50000,50000,50000.000000000000
5860066700,Data Engineer,DWP Digital,it-jobs,,,North East England,2026-08-28 21:35:47+00,2026-08-29,2026-08-31,50000,50000,50000.000000000000
5860066699,Data Engineer,DWP Digital,it-jobs,,,West Midlands,2026-08-28 21:35:47+00,2026-08-29,2026-08-31,50000,50000,50000.000000000000
5859992548,Data Engineer,FDM Group,it-jobs,contract,full_time,North West England,2026-08-28 19:56:21+00,2026-08-29,2026-08-31,40000,50000,45000.000000000000
5859992549,Data Engineer,FDM Group,it-jobs,contract,full_time,North West England,2026-08-28 19:56:21+00,2026-08-29,2026-08-31,40000,50000,45000.000000000000
5859992545,Data Engineer,FDM Group,it-jobs,contract,full_time,London,2026-08-28 19:56:21+00,2026-08-29,2026-08-31,40000,50000,45000.000000000000
5859940135,Business Development Officer,Leadership Skills Foundation,sales-jobs,permanent,,South East England,2026-08-28 17:51:43+00,2026-08-29,2026-08-31,30000,30000,30000.000000000000
5862909950,Trainee Product Manager | No experience needed (Ref: 9401),Qualify Nation Recruitment,it-jobs,,full_time,London,2026-08-31 12:06:06+00,2026-08-31,2026-08-31,28000,38000,33000.000000000000
5862871870,Finance Business Partner,Building Careers UK,accounting-finance-jobs,permanent,full_time,North West England,2026-08-31 10:43:56+00,2026-08-31,2026-08-31,60000,65000,62500.000000000000
5862871762,Assistant Quantity Surveyor,Building Careers UK,trade-construction-jobs,permanent,full_time,North West England,2026-08-31 10:43:14+00,2026-08-31,2026-08-31,30000,38000,34000.000000000000
5862871534,Pre-Construction Quantity Surveyor,Building Careers UK,trade-construction-jobs,permanent,full_time,North West England,2026-08-31 10:41:28+00,2026-08-31,2026-08-31,60000,75000,67500.000000000000
5862862939,SC Cleared Business Analyst,VIQU Limited,it-jobs,contract,,London,2026-08-31 09:57:30+00,2026-08-31,2026-08-31,117000,143000,130000.000000000000
5862862563,Transport Administrator,Great Bear,admin-jobs,permanent,full_time,East Midlands,2026-08-31 09:53:30+00,2026-08-31,2026-08-31,26000,26000,26000.000000000000
5862861968,SEO Specialist,Zinc Digital,pr-advertising-marketing-jobs,permanent,full_time,East Midlands,2026-08-31 09:52:02+00,2026-08-31,2026-08-31,35000,35000,35000.000000000000
5862861936,Immigration Solicitor,JAM Recruitment Ltd,legal-jobs,permanent,,,2026-08-31 09:51:56+00,2026-08-31,2026-08-31,100000,100000,100000.000000000000
5862837494,.NET Developer,Noir,it-jobs,permanent,full_time,London,2026-08-31 09:17:32+00,2026-08-31,2026-08-31,35000,65000,50000.000000000000
5862837496,.NET Developer - Cowes,Noir,it-jobs,permanent,full_time,South East England,2026-08-31 09:17:32+00,2026-08-31,2026-08-31,45000,55000,50000.000000000000
5862837459,.NET Developer,Noir,it-jobs,permanent,full_time,South East England,2026-08-31 09:17:32+00,2026-08-31,2026-08-31,45000,75000,60000.000000000000
5862837443,.NET Developer,Noir,it-jobs,permanent,full_time,North West England,2026-08-31 09:17:31+00,2026-08-31,2026-08-31,45000,75000,60000.000000000000
5862837432,.NET Developer,Noir,it-jobs,permanent,full_time,North East England,2026-08-31 09:17:31+00,2026-08-31,2026-08-31,35000,65000,50000.000000000000
5862800517,Employment Solicitor,G2 Legal Limited,legal-jobs,,,West Midlands,2026-08-31 07:55:44+00,2026-08-31,2026-08-31,40000,60000,50000.000000000000
5862761944,Assistant Buyer,Cotswold Outdoor Group Ltd,retail-jobs,permanent,,South West England,2026-08-31 05:52:07+00,2026-08-31,2026-08-31,28000,28000,28000.000000000000
5862761909,Senior/Supervising Social Worker,FCA Scotland,social-work-jobs,permanent,full_time,Scotland,2026-08-31 05:51:43+00,2026-08-31,2026-08-31,40000,40000,40000.000000000000
5862761839,Quality Manager,Hays,engineering-jobs,permanent,,Northern Ireland,2026-08-31 05:50:38+00,2026-08-31,2026-08-31,50000,50000,50000.000000000000
5862748522,Retail Merchandiser,Strive Supply Chain Services Ltd,logistics-warehouse-jobs,permanent,,Eastern England,2026-08-31 05:37:56+00,2026-08-31,2026-08-31,40000,40000,40000.000000000000
5861079369,Data Architect,Fruition Group,it-jobs,permanent,,North West England,2026-08-29 13:49:06+00,2026-08-30,2026-09-01,85000,85000,85000.000000000000
5860438431,Data Engineer,DWP Digital,it-jobs,permanent,,North East England,2026-08-29 01:48:15+00,2026-08-29,2026-08-31,50000,50000,50000.000000000000
5861001917,Senior Data Analyst,LexisNexis Risk Solutions Group,it-jobs,,full_time,London,2026-08-29 11:42:45+00,2026-08-29,2026-09-01,56000,96000,76000.000000000000
5861001845,Senior Data Analyst,Client Server,it-jobs,,full_time,London,2026-08-29 11:42:44+00,2026-08-29,2026-09-01,40000,70000,55000.000000000000
5861001888,"Portfolio Data Analyst, Infrastructure (m/f/d)",Patrizia,it-jobs,,full_time,London,2026-08-29 11:42:44+00,2026-08-29,2026-09-01,60000,70000,65000.000000000000
5861001748,Tech Lead / Senior Architect – Data Engineering,Virtusa,it-jobs,,full_time,London,2026-08-29 11:42:43+00,2026-08-29,2026-09-01,62000,88000,75000.000000000000
5861001756,TikTok Shop - Senior Data Scientist Operations,TikTok,it-jobs,,full_time,London,2026-08-29 11:42:43+00,2026-08-29,2026-09-01,200000,250000,225000.000000000000
5861001595,Lead Data Analyst,GoPuff,it-jobs,,full_time,London,2026-08-29 11:42:40+00,2026-08-29,2026-09-01,31000,71000,51000.000000000000
5861001630,Senior Data Analyst,Viber,it-jobs,,full_time,London,2026-08-29 11:42:40+00,2026-08-29,2026-09-01,55000,95000,75000.000000000000
5861001314,Data Analyst,Robert Half,it-jobs,contract,full_time,West Midlands,2026-08-29 11:42:29+00,2026-08-29,2026-09-01,61000,101000,81000.000000000000
5860068596,Junior Data Analyst,IO Associates,it-jobs,,,South West England,2026-08-28 21:36:49+00,2026-08-29,2026-09-01,35000,35000,35000.000000000000
5860066671,Data Analyst,We Are Fr Group,pr-advertising-marketing-jobs,contract,,North West England,2026-08-28 21:35:47+00,2026-08-29,2026-09-01,60000,60000,60000.000000000000
5860066687,Data Analyst,FBI &TMT,it-jobs,contract,,South East England,2026-08-28 21:35:47+00,2026-08-29,2026-09-01,65000,75400,70200.000000000000
5859994674,Business & Data Analyst,Exposed Solutions,it-jobs,,full_time,North West England,2026-08-28 20:30:09+00,2026-08-29,2026-09-01,30000,32000,31000.000000000000
5862657665,"Appeals, Conduct and Complaints Manager",Queens University,legal-jobs,,,Northern Ireland,2026-08-31 02:19:09+00,2026-08-31,2026-08-31,60000,60000,60000.000000000000
5859994642,Data Analyst (Building Surveying & Housing Asset Data),Exposed Solutions,it-jobs,,full_time,North West England,2026-08-28 20:29:51+00,2026-08-29,2026-09-01,30000,33000,31500.000000000000
5859994646,Data Analyst - SAP Success Factors,Pertemps Thames Water,it-jobs,contract,,South East England,2026-08-28 20:29:51+00,2026-08-29,2026-09-01,104000,104000,104000.000000000000
5859992645,Technical Data Analyst (Building Surveying & Housing Asset Data),Exposed Solutions,it-jobs,,full_time,North West England,2026-08-28 19:56:23+00,2026-08-29,2026-09-01,30000,33000,31500.000000000000
5861373528,Data Analyst Placement Programme No Experience Needed,IT Online Learning,it-jobs,permanent,,North West England,2026-08-29 17:50:22+00,2026-08-30,2026-09-01,65000,65000,65000.000000000000
5859992676,Business & Data Analyst,Exposed Solutions,it-jobs,,full_time,North West England,2026-08-28 19:56:23+00,2026-08-29,2026-09-01,30000,32000,31000.000000000000
5859904931,Data Engineer,Active Care Group,it-jobs,,,,2026-08-28 17:40:46+00,2026-08-28,2026-09-01,35000,45000,40000.000000000000
5859820616,Business Intelligence & Data Team Lead,Michael Page,it-jobs,,full_time,West Midlands,2026-08-28 16:42:40+00,2026-08-29,2026-09-01,51356,51356,51356.000000000000
5859809944,Military Intelligence & Data Analyst Coach,Find Recruitment Group LTD,teaching-jobs,,full_time,Eastern England,2026-08-28 16:41:00+00,2026-08-29,2026-09-01,35000,35000,35000.000000000000
5859772453,Data Engineer,Network Plus,it-jobs,,full_time,North West England,2026-08-28 16:32:39+00,2026-08-28,2026-09-01,55000,65000,60000.000000000000
5859761566,Insights Data Analyst Apprentice,Berkmann Wine Cellars,sales-jobs,permanent,,North West England,2026-08-28 16:22:33+00,2026-08-28,2026-09-01,18000,21000,19500.000000000000
5859746224,Business Intelligence & Data Team Lead,Michael Page Technology,it-jobs,,full_time,West Midlands,2026-08-28 15:56:34+00,2026-08-28,2026-09-01,51356,51356,51356.000000000000
5863612703,AWS Cloud Engineer,hireful,it-jobs,permanent,,South West England,2026-09-01 01:53:21+00,2026-09-01,2026-09-01,70000,70000,70000.000000000000
5863127032,Lead Data Engineer,Hatched Recruitment,it-jobs,permanent,full_time,London,2026-08-31 21:17:22+00,2026-09-01,2026-09-01,80000,95000,87500.000000000000
5863110000,Data Engineer (start up),Harnham - Data & Analytics Recruitment,it-jobs,,full_time,London,2026-08-31 20:07:39+00,2026-09-01,2026-09-01,80000,90000,85000.000000000000
5863109933,Data Engineer,VIQU Limited,it-jobs,contract,,Wales,2026-08-31 19:58:31+00,2026-09-01,2026-09-01,78000,84500,81250.000000000000
5863090290,Senior Data & Analytics Engineer,Hackajob Ltd,it-jobs,permanent,,Yorkshire And The Humber,2026-08-31 17:52:30+00,2026-09-01,2026-09-01,85000,85000,85000.000000000000
5862953962,Senior Data Engineer Microsoft Azure data,SThree UK,it-jobs,permanent,full_time,London,2026-08-31 15:18:34+00,2026-09-01,2026-09-01,50000,70000,60000.000000000000
5862292607,Senior Product Manager,Focal Systems,it-jobs,,full_time,,2026-08-30 16:34:17+00,2026-08-31,2026-09-01,90000,105000,97500.000000000000
5862287856,Data Software Engineer,Hexegic,it-jobs,,,South West England,2026-08-30 16:29:46+00,2026-08-31,2026-09-01,50000,70000,60000.000000000000
5862287418,"Member of Technical Staff - Applied AI Software Engineer, Health",Microsoft,it-jobs,contract,full_time,London,2026-08-30 16:29:23+00,2026-08-31,2026-09-01,93500,161800,127650.000000000000
5862285484,Data Engineer - AWS (12-month FTC),Coventry Building Society Careers,it-jobs,contract,,West Midlands,2026-08-30 16:27:35+00,2026-08-31,2026-09-01,41430,55470,48450.000000000000
5862277214,AI Security Researcher,Apollo Research,it-jobs,,full_time,London,2026-08-30 16:20:44+00,2026-08-31,2026-09-01,144000,188000,166000.000000000000
5862027497,Machine Learning Engineering Lead,Hackajob Ltd,it-jobs,permanent,,London,2026-08-30 09:50:08+00,2026-08-31,2026-09-01,100000,100000,100000.000000000000
5861427413,Data Architect,Young's Employment Services Ltd,it-jobs,,,London,2026-08-29 21:38:19+00,2026-08-30,2026-09-01,100000,100000,100000.000000000000
5861373485,Data Engineer,DWP Digital,it-jobs,permanent,,Wales,2026-08-29 17:50:17+00,2026-09-01,2026-09-01,50000,50000,50000.000000000000
5861373394,Principal Data Engineer,Hackajob Ltd,it-jobs,permanent,part_time,South West England,2026-08-29 17:49:47+00,2026-08-30,2026-09-01,65000,65000,65000.000000000000
5863109911,Senior Product Engineer,Warden AI,it-jobs,,full_time,London,2026-08-31 19:57:27+00,2026-09-01,2026-09-01,100000,120000,110000.000000000000
5862861757,Lead Software Engineer - Application Owner and Release Manager,Hackajob Ltd,it-jobs,permanent,,Scotland,2026-08-31 09:51:24+00,2026-09-01,2026-09-01,100000,100000,100000.000000000000
5862761844,"Senior Manager, Data, AI & Performance Analytics",Cotswold Outdoor Group Ltd,it-jobs,permanent,,South West England,2026-08-31 05:50:47+00,2026-09-01,2026-09-01,70000,70000,70000.000000000000
5862734869,Head of Data Science,Michael Page Technology,it-jobs,permanent,full_time,London,2026-08-31 04:05:17+00,2026-08-31,2026-09-01,110000,140000,125000.000000000000
5862641566,AI Engineer Placement Programme No Experience Needed,IT Online Learning,it-jobs,permanent,,South West England,2026-08-31 01:50:49+00,2026-09-01,2026-09-01,75000,75000,75000.000000000000
5862555365,Head of Data Science,Michael Page,it-jobs,permanent,full_time,London,2026-08-31 00:41:08+00,2026-08-31,2026-09-01,110000,140000,125000.000000000000
5862426589,Data Science Team Leader,Hackajob Ltd,it-jobs,permanent,,London,2026-08-30 21:50:49+00,2026-08-31,2026-09-01,100000,100000,100000.000000000000
5862276303,Senior Advanced Analytics Analyst,Lloyds Bank,it-jobs,,full_time,,2026-08-30 16:20:01+00,2026-08-31,2026-09-01,72702,80780,76741.000000000000
5861227466,Reporting Analyst,Alzheimer's Society,it-jobs,contract,,London,2026-08-29 16:23:18+00,2026-08-30,2026-09-01,39866,44295,42080.500000000000
5861003902,BI Developer,YourCode Recruitment,it-jobs,,full_time,Yorkshire And The Humber,2026-08-29 11:42:58+00,2026-08-29,2026-09-01,46000,86000,66000.000000000000
5861003524,Backend Software Engineer (AI Squad),Spendesk,engineering-jobs,,full_time,London,2026-08-29 11:42:56+00,2026-08-29,2026-09-01,30000,32000,31000.000000000000
5861003096,Senior Analytics Solution Architect,AmazonWebServices,it-jobs,,full_time,London,2026-08-29 11:42:54+00,2026-08-29,2026-09-01,63000,103000,83000.000000000000
5861002882,Business Intelligence Analyst,Soldo,it-jobs,,full_time,London,2026-08-29 11:42:53+00,2026-08-29,2026-09-01,54000,77000,65500.000000000000
5861002807,BI & Data Engineer,Ashdown Group,it-jobs,,full_time,London,2026-08-29 11:42:52+00,2026-08-29,2026-09-01,50000,85000,67500.000000000000
5861002549,Power Apps Developer (Power BI Specialism),Methods Consulting,it-jobs,permanent,full_time,London,2026-08-29 11:42:51+00,2026-08-29,2026-09-01,70000,110000,90000.000000000000
5861001986,Data Engineer – Data Science & Technology,Castleton Commodities International,it-jobs,,full_time,London,2026-08-29 11:42:47+00,2026-08-29,2026-09-01,34000,57000,45500.000000000000
5861001818,Senior Oracle PPM Cloud Functional Consultant - London,Version 1,it-jobs,,full_time,London,2026-08-29 11:42:44+00,2026-08-29,2026-09-01,49000,66000,57500.000000000000
5861001881,SAP Analyst - Business Intelligence / Data Warehouse,System Canada Technologies,it-jobs,contract,full_time,London,2026-08-29 11:42:44+00,2026-08-29,2026-09-01,47000,87000,67000.000000000000
5861001738,Business Intelligence Data Engineer,NTT DATA,it-jobs,,full_time,London,2026-08-29 11:42:43+00,2026-08-29,2026-09-01,55000,95000,75000.000000000000
5861001730,Lead Ruby Engineer,RedCat Digital,it-jobs,,full_time,London,2026-08-29 11:42:43+00,2026-08-29,2026-09-01,65000,105000,85000.000000000000
5861001661,Business Intelligence Engineer,Amazon,it-jobs,,full_time,London,2026-08-29 11:42:42+00,2026-08-29,2026-09-01,60000,110000,85000.000000000000
5861001606,Lead Data Engineer,Liberis,engineering-jobs,,full_time,London,2026-08-29 11:42:40+00,2026-08-29,2026-09-01,60000,88000,74000.000000000000
5861001538,Engineering Manager - Data & Analytics,Amazon,it-jobs,,full_time,London,2026-08-29 11:42:39+00,2026-08-29,2026-09-01,42000,77000,59500.000000000000
5861001320,CPG/FMCG Business Intelligence Lead,Circana,it-jobs,,full_time,London,2026-08-29 11:42:29+00,2026-08-29,2026-09-01,61000,87000,74000.000000000000
5860750532,Data Engineer,DWP Digital,it-jobs,permanent,,Yorkshire And The Humber,2026-08-29 05:48:20+00,2026-08-29,2026-09-01,50000,50000,50000.000000000000
5860498843,Business Development Researcher,Castle Employment,sales-jobs,permanent,full_time,Yorkshire And The Humber,2026-08-29 02:57:51+00,2026-08-29,2026-09-01,28000,30000,29000.000000000000
5860066710,Project Management Business Partner,Morson Edge,consultancy-jobs,contract,,North West England,2026-08-28 21:35:48+00,2026-08-29,2026-09-01,62462,83574,73018.000000000000
5860066693,Data Engineer,DWP Digital,it-jobs,,,North West England,2026-08-28 21:35:47+00,2026-08-29,2026-09-01,50000,50000,50000.000000000000
5860066683,Data Engineer,DWP Digital,it-jobs,,,Yorkshire And The Humber,2026-08-28 21:35:47+00,2026-08-29,2026-09-01,50000,50000,50000.000000000000
5860066692,Data Engineer,DWP Digital,it-jobs,,,Yorkshire And The Humber,2026-08-28 21:35:47+00,2026-08-29,2026-09-01,50000,50000,50000.000000000000
5864408300,Finance Manager,Liberty,accounting-finance-jobs,permanent,full_time,North West England,2026-09-01 11:47:28+00,2026-09-01,2026-09-01,49000,55000,52000.000000000000
5864394828,Business Manager - Wealth Management - London,Artemis Recruitment Consultants,accounting-finance-jobs,,,London,2026-09-01 11:45:54+00,2026-09-01,2026-09-01,40000,47000,43500.000000000000
5864334257,Senior NPD Technologist,The Authentic Food Company,scientific-qa-jobs,permanent,full_time,North West England,2026-09-01 11:35:50+00,2026-09-01,2026-09-01,38000,40000,39000.000000000000
5864303098,Senior Key Account Manager,Zachary Daniels Recruitment,sales-jobs,,full_time,London,2026-09-01 11:16:13+00,2026-09-01,2026-09-01,70000,80000,75000.000000000000
5864302576,Telesales Business Development Executive,Zachary Daniels Recruitment,sales-jobs,,full_time,North West England,2026-09-01 11:16:06+00,2026-09-01,2026-09-01,25000,30000,27500.000000000000
5864302017,Buyer,Talent Guardian,logistics-warehouse-jobs,contract,full_time,,2026-09-01 11:15:56+00,2026-09-01,2026-09-01,37853,37853,37853.000000000000
5864301743,Executive Assistant,Hays Business Support,admin-jobs,contract,,South East England,2026-09-01 11:15:49+00,2026-09-01,2026-09-01,39520,45760,42640.000000000000
5864296344,Interim Contracts Manager,Michael Page,retail-jobs,contract,,West Midlands,2026-09-01 11:15:00+00,2026-09-01,2026-09-01,130000,130000,130000.000000000000
5864295847,Social Media Manager,Mixxos Group,creative-design-jobs,permanent,full_time,South East England,2026-09-01 11:14:49+00,2026-09-01,2026-09-01,30000,35000,32500.000000000000
5864295751,Technologist,MorePeople,scientific-qa-jobs,permanent,full_time,East Midlands,2026-09-01 11:14:48+00,2026-09-01,2026-09-01,34000,34000,34000.000000000000
5864295018,Systems Integration Architect,Matchtech,it-jobs,contract,,South East England,2026-09-01 11:14:26+00,2026-09-01,2026-09-01,156000,176800,166400.000000000000
5864293483,Lab Analyst,Thorn Baker Industrial,scientific-qa-jobs,contract,,East Midlands,2026-09-01 11:13:52+00,2026-09-01,2026-09-01,32531,32531,32531.000000000000
5864293120,Criminal Paralegal,Brandon James,legal-jobs,,full_time,Eastern England,2026-09-01 11:13:37+00,2026-09-01,2026-09-01,26000,28000,27000.000000000000
5864292071,Senior Project Manager,AWE,it-jobs,contract,full_time,South East England,2026-09-01 11:13:14+00,2026-09-01,2026-09-01,64780,64780,64780.000000000000
5864288625,HR Administrator,Pertemps Coventry,hr-jobs,,full_time,West Midlands,2026-09-01 11:12:09+00,2026-09-01,2026-09-01,25000,29000,27000.000000000000
5864283458,English Teacher,Supply Desk,teaching-jobs,contract,full_time,South East England,2026-09-01 11:10:39+00,2026-09-01,2026-09-01,29344,44919,37131.500000000000
5864278445,Humanities Teacher,Smile Education Recruitment,teaching-jobs,,full_time,West Midlands,2026-09-01 11:10:04+00,2026-09-01,2026-09-01,36400,57200,46800.000000000000
5864270728,Finance Analyst,Michael Page,accounting-finance-jobs,permanent,full_time,West Midlands,2026-09-01 11:08:49+00,2026-09-01,2026-09-01,50000,55000,52500.000000000000
5864269642,Financial Accountant,Michael Page,accounting-finance-jobs,permanent,full_time,East Midlands,2026-09-01 11:08:38+00,2026-09-01,2026-09-01,50000,55000,52500.000000000000
5864269723,Management Accountant,Michael Page,accounting-finance-jobs,permanent,full_time,East Midlands,2026-09-01 11:08:38+00,2026-09-01,2026-09-01,35000,45000,40000.000000000000
5864267608,Corporate CRE Underwriter,LJ Recruitment,accounting-finance-jobs,,full_time,London,2026-09-01 11:08:19+00,2026-09-01,2026-09-01,60000,60000,60000.000000000000
5864267610,Management Accountant,Nxtgen Recruitment,accounting-finance-jobs,,full_time,Eastern England,2026-09-01 11:08:19+00,2026-09-01,2026-09-01,45000,60000,52500.000000000000
5864259346,"Health, Safety & Environment Manager",Morson Edge,scientific-qa-jobs,permanent,full_time,London,2026-09-01 11:07:07+00,2026-09-01,2026-09-01,58000,67800,62900.000000000000
5864254580,Civil Design Engineer,Matchtech,engineering-jobs,contract,,South East England,2026-09-01 11:06:18+00,2026-09-01,2026-09-01,83200,124800,104000.000000000000
5864250066,Senior Civil Engineer,Matchtech,engineering-jobs,contract,,South East England,2026-09-01 11:05:23+00,2026-09-01,2026-09-01,93600,135200,114400.000000000000
5864245657,Project Quality Manager (Major Projects),URENCO UK Ltd,scientific-qa-jobs,,full_time,North West England,2026-09-01 11:04:25+00,2026-09-01,2026-09-01,74502,82781,78641.500000000000
5864245646,Product Process Technologist (Metals Industry),Reed Specialist Recruitment,engineering-jobs,,full_time,Yorkshire And The Humber,2026-09-01 11:04:25+00,2026-09-01,2026-09-01,32000,40000,36000.000000000000
5864245618,Senior Instrument Technician,S & D Trade Recruitment Ltd,engineering-jobs,,full_time,North West England,2026-09-01 11:04:24+00,2026-09-01,2026-09-01,34500,46000,40250.000000000000
5864245537,Senior Civil Design Engineer,Matchtech,engineering-jobs,contract,,South East England,2026-09-01 11:04:23+00,2026-09-01,2026-09-01,93600,145600,119600.000000000000
5864245533,Structural Engineer,ARV Solutions Contracts,engineering-jobs,permanent,full_time,South West England,2026-09-01 11:04:23+00,2026-09-01,2026-09-01,40000,60000,50000.000000000000
5864238258,AEM Developer,Pracyva ltd,it-jobs,contract,,,2026-09-01 11:02:55+00,2026-09-01,2026-09-01,104000,111800,107900.000000000000
5864235851,Senior Quantity Surveyor,Contract Scotland,trade-construction-jobs,contract,full_time,Scotland,2026-09-01 11:02:24+00,2026-09-01,2026-09-01,50000,60000,55000.000000000000
5864226638,Quantity Surveyor,Build Recruitment,trade-construction-jobs,,full_time,Eastern England,2026-09-01 10:59:20+00,2026-09-01,2026-09-01,55000,70000,62500.000000000000
5864218165,Chess Teacher,Apprentus Ltd,teaching-jobs,permanent,part_time,Eastern England,2026-09-01 10:49:30+00,2026-09-01,2026-09-01,52000,145600,98800.000000000000
5864190944,Procurement Officer - Belfast,Sodexo,admin-jobs,contract,,Northern Ireland,2026-09-01 10:06:27+00,2026-09-01,2026-09-01,38200,41300,39750.000000000000
5864190192,Quantity Surveyor - Belfast,Sodexo,trade-construction-jobs,,,Northern Ireland,2026-09-01 10:06:19+00,2026-09-01,2026-09-01,38000,43000,40500.000000000000
5864189031,Human Resources Advisor - HMP Peterborough Saville Road,Sodexo,hr-jobs,contract,,Eastern England,2026-09-01 10:06:07+00,2026-09-01,2026-09-01,32000,38000,35000.000000000000
5864189090,Senior Hard FM Manager - Stoke On Trent,Sodexo,engineering-jobs,,,West Midlands,2026-09-01 10:06:07+00,2026-09-01,2026-09-01,62000,65500,63750.000000000000
5864188942,Maintenance Assist - Prestwick,Sodexo,maintenance-jobs,,full_time,Scotland,2026-09-01 10:06:06+00,2026-09-01,2026-09-01,30596,30596,30596.000000000000
5864188201,Retail Supervisor - Qatar,Society,retail-jobs,,,,2026-09-01 10:05:54+00,2026-09-01,2026-09-01,48000,96000,72000.000000000000
5864187641,People Manager - London,Virgin Active,hr-jobs,contract,,London,2026-09-01 10:05:45+00,2026-09-01,2026-09-01,60000,60000,60000.000000000000
5864187535,Digital Executive - Search Optimisation,iQ Student Accommodation,it-jobs,,,London,2026-09-01 10:05:41+00,2026-09-01,2026-09-01,35000,40000,37500.000000000000
5864187542,Project Manager FM - Greenwich,Sodexo,admin-jobs,,,London,2026-09-01 10:05:41+00,2026-09-01,2026-09-01,48000,52000,50000.000000000000
5864187223,Accounts and Payroll Administrator - Leicester Grammar Stoneygate School,Sodexo,accounting-finance-jobs,,,East Midlands,2026-09-01 10:05:32+00,2026-09-01,2026-09-01,30160,30160,30160.000000000000
5864186862,Marketing Manager - Fulham,Sodexo,pr-advertising-marketing-jobs,,,London,2026-09-01 10:05:27+00,2026-09-01,2026-09-01,38000,42000,40000.000000000000
5864186217,Divisional Clinical Lead - Birmingham,Barchester Healthcare,social-work-jobs,,,West Midlands,2026-09-01 10:05:19+00,2026-09-01,2026-09-01,70000,70000,70000.000000000000
5864186216,Divisional Clinical Lead - Milton Keynes,Barchester Healthcare,social-work-jobs,,,South East England,2026-09-01 10:05:19+00,2026-09-01,2026-09-01,70000,70000,70000.000000000000
5864185190,Host Manager - London,Arcade Food Hall,hospitality-catering-jobs,,,London,2026-09-01 10:05:06+00,2026-09-01,2026-09-01,45000,45000,45000.000000000000
5864184829,Financial Analyst - London,Arcade Food Hall,accounting-finance-jobs,,,London,2026-09-01 10:05:01+00,2026-09-01,2026-09-01,55000,55000,55000.000000000000
5864184773,Digital Marketing Manager - London,Poolhouse,pr-advertising-marketing-jobs,,,London,2026-09-01 10:05:00+00,2026-09-01,2026-09-01,55000,55000,55000.000000000000
5864184115,Clinical Development Nurse - Hailey Nr Witney,Barchester Healthcare,healthcare-nursing-jobs,,,South East England,2026-09-01 10:04:53+00,2026-09-01,2026-09-01,54000,54000,54000.000000000000
5866532948,Data Analyst Placement Programme No Experience Needed,IT Online Learning,it-jobs,permanent,,Yorkshire And The Humber,2026-09-02 05:55:35+00,2026-09-02,2026-09-02,65000,65000,65000.000000000000
5866532947,Data Analyst Placement Programme No Experience Needed,IT Online Learning,it-jobs,permanent,,Wales,2026-09-02 05:55:35+00,2026-09-02,2026-09-02,65000,65000,65000.000000000000
5864190376,"Applications Manager - Epsom, Surrey",Royal Automobile Club,it-jobs,,,South East England,2026-09-01 10:06:20+00,2026-09-01,2026-09-01,63380,63380,63380.000000000000
5864186799,Customer Service Centre Advisor - Preston,Places for People,customer-services-jobs,,,North West England,2026-09-01 10:05:26+00,2026-09-01,2026-09-02,27030,27030,27030.000000000000
5866532950,Data Analyst Placement Programme No Experience Needed,IT Online Learning,it-jobs,permanent,,South West England,2026-09-02 05:55:36+00,2026-09-02,2026-09-02,65000,65000,65000.000000000000
5866532945,Data Analyst Placement Programme No Experience Needed,IT Online Learning,it-jobs,permanent,,North West England,2026-09-02 05:55:35+00,2026-09-02,2026-09-02,65000,65000,65000.000000000000
5866532949,Data Analyst Placement Programme No Experience Needed,IT Online Learning,it-jobs,permanent,,Scotland,2026-09-02 05:55:35+00,2026-09-02,2026-09-02,65000,65000,65000.000000000000
5866033292,Senior Data Analyst,Develop,it-jobs,permanent,,London,2026-09-02 01:54:42+00,2026-09-02,2026-09-02,70000,70000,70000.000000000000
5863132806,Data Analyst,VIQU IT Recruitment,it-jobs,,,West Midlands,2026-08-31 21:39:19+00,2026-09-01,2026-09-02,35000,35000,35000.000000000000
5863111168,FP&A Manager,Rutherford Cross,accounting-finance-jobs,,,Scotland,2026-08-31 20:36:41+00,2026-09-01,2026-09-02,75000,75000,75000.000000000000
5863109993,Data Analyst,VIQU IT Recruitment,it-jobs,,full_time,West Midlands,2026-08-31 20:07:39+00,2026-09-01,2026-09-02,30000,35000,32500.000000000000
5862989176,Senior Data Analyst (Marketing Analytics),Montu UK,it-jobs,,full_time,London,2026-08-31 16:27:45+00,2026-09-01,2026-09-02,60000,70000,65000.000000000000
5862861997,Entry Level Data Consultant No Experience Required,NEWTO TRAINING LIMITED,it-jobs,permanent,,South West England,2026-08-31 09:52:07+00,2026-09-01,2026-09-02,65000,65000,65000.000000000000
5861397280,Data Analyst - SAP Success Factors,Pertemps,it-jobs,contract,full_time,South East England,2026-08-29 19:10:56+00,2026-08-30,2026-09-02,104000,104000,104000.000000000000
5861239358,Business Data Analyst,L R S,it-jobs,contract,,,2026-08-29 16:32:22+00,2026-08-30,2026-09-02,135200,156000,145600.000000000000
5861045460,Scrum Master – Digital,Saga Plc,it-jobs,,,,2026-08-29 12:37:48+00,2026-08-29,2026-09-02,45000,50000,47500.000000000000
5861004130,Business & Data Analyst,Exposed Solutions,it-jobs,,full_time,South East England,2026-08-29 11:42:59+00,2026-08-29,2026-09-02,30000,32000,31000.000000000000
5861003359,Staff Data Scientist - AML,Wise,it-jobs,,full_time,London,2026-08-29 11:42:56+00,2026-08-29,2026-09-02,66000,106000,86000.000000000000
5861002918,Principal Google Cloud Architect,Datatonic,it-jobs,,full_time,London,2026-08-29 11:42:53+00,2026-08-29,2026-09-02,61000,101000,81000.000000000000
5861003030,Data Analyst Security Analytics,wayve,it-jobs,,full_time,London,2026-08-29 11:42:53+00,2026-08-29,2026-09-02,60000,60000,60000.000000000000
5861002735,Data Analyst,Manual,it-jobs,,full_time,London,2026-08-29 11:42:52+00,2026-08-29,2026-09-02,63000,69000,66000.000000000000
5861002755,Senior Data Analyst,On the Beach Group plc,it-jobs,,full_time,North West England,2026-08-29 11:42:52+00,2026-08-29,2026-09-02,61000,93000,77000.000000000000
5861002650,Operations Data Analyst,Taylor James Resourcing,accounting-finance-jobs,contract,full_time,London,2026-08-29 11:42:51+00,2026-08-29,2026-09-02,46000,83000,64500.000000000000
5861002600,Senior Implementation Analyst,Kingfisher,it-jobs,,full_time,London,2026-08-29 11:42:51+00,2026-08-29,2026-09-02,48000,88000,68000.000000000000
5861002538,Data Analyst,Solirius Consulting,it-jobs,,full_time,London,2026-08-29 11:42:51+00,2026-08-29,2026-09-02,55000,95000,75000.000000000000
5861002371,Lead Data Analyst,Kainos,it-jobs,,full_time,Northern Ireland,2026-08-29 11:42:50+00,2026-08-29,2026-09-02,28000,51000,39500.000000000000
5861001906,"Senior Data Analyst, Business Intelligence",Turo,it-jobs,,full_time,London,2026-08-29 11:42:45+00,2026-08-29,2026-09-02,52000,67000,59500.000000000000
5866765329,Elasticsearch Consultant,Identifi Global Resources Ltd,it-jobs,contract,,West Midlands,2026-09-02 09:58:19+00,2026-09-02,2026-09-02,100000,100000,100000.000000000000
5865302109,Data Engineer,Hackajob Ltd,it-jobs,permanent,part_time,London,2026-09-01 21:56:28+00,2026-09-02,2026-09-02,65000,65000,65000.000000000000
5865301474,Data Solutions Systems Analyst,West Bromwich Building Society,it-jobs,permanent,,West Midlands,2026-09-01 21:55:33+00,2026-09-02,2026-09-02,40000,40000,40000.000000000000
5866762129,SQL Server Developer,Reqwest Limited,it-jobs,permanent,,South East England,2026-09-02 09:56:24+00,2026-09-02,2026-09-02,60000,60000,60000.000000000000
5865810679,BI Developer,Essential Employment,it-jobs,contract,full_time,East Midlands,2026-09-02 00:48:35+00,2026-09-02,2026-09-02,37377,49358,43367.500000000000
5865267726,Lead Data Engineer,Nextech Group Limited,it-jobs,,full_time,London,2026-09-01 21:40:14+00,2026-09-02,2026-09-02,100000,100000,100000.000000000000
5865265507,Senior Data Engineer - Databricks,Anson Mccade,it-jobs,contract,,London,2026-09-01 21:39:03+00,2026-09-02,2026-09-02,149500,149500,149500.000000000000
5865264898,Forward Deployed AI Engineer,Fruition Group,it-jobs,permanent,,Yorkshire And The Humber,2026-09-01 21:38:47+00,2026-09-02,2026-09-02,100000,100000,100000.000000000000
5865264830,AI Architect,Anson Mccade,it-jobs,contract,,,2026-09-01 21:38:46+00,2026-09-02,2026-09-02,169000,169000,169000.000000000000
5865231447,Insurance Data Consultant,SR2 REC LTD,accounting-finance-jobs,permanent,full_time,London,2026-09-01 21:21:12+00,2026-09-02,2026-09-02,156000,182000,169000.000000000000
5865230641,DV Cleared Data Engineer,Experis UK,it-jobs,contract,full_time,South West England,2026-09-01 21:19:34+00,2026-09-02,2026-09-02,104000,130000,117000.000000000000
5865193118,Data Engineer,Harnham - Data & Analytics Recruitment,it-jobs,,full_time,London,2026-09-01 20:10:48+00,2026-09-02,2026-09-02,60000,70000,65000.000000000000
5865193114,Senior Data Engineer,Harnham - Data & Analytics Recruitment,it-jobs,,full_time,London,2026-09-01 20:10:48+00,2026-09-02,2026-09-02,70000,80000,75000.000000000000
5865193080,Senior Analytics Engineer,Harnham - Data & Analytics Recruitment,it-jobs,permanent,full_time,South East England,2026-09-01 20:10:47+00,2026-09-02,2026-09-02,85000,90000,87500.000000000000
5865193033,Data Engineer,Harnham - Data & Analytics Recruitment,it-jobs,,full_time,North West England,2026-09-01 20:10:47+00,2026-09-02,2026-09-02,35000,45000,40000.000000000000
5865193064,Senior Data Architect,Harnham - Data & Analytics Recruitment,it-jobs,,full_time,Yorkshire And The Humber,2026-09-01 20:10:47+00,2026-09-02,2026-09-02,80000,90000,85000.000000000000
5865169403,Forward Deployment Engineer,Infinity Quest UK,it-jobs,,,,2026-09-01 19:16:26+00,2026-09-02,2026-09-02,119600,119600,119600.000000000000
5865073821,Principal Product Manager,Anson Mccade,it-jobs,permanent,,North East England,2026-09-01 17:57:23+00,2026-09-02,2026-09-02,90000,90000,90000.000000000000
5865015943,DV Cleared Data Engineer,Experis,it-jobs,contract,,South West England,2026-09-01 16:54:29+00,2026-09-02,2026-09-02,104000,130000,117000.000000000000
5864851418,Management Information Analyst,Crown Commercial Service,it-jobs,permanent,full_time,North West England,2026-09-01 16:32:07+00,2026-09-02,2026-09-02,37845,42007,39926.000000000000
5864791858,Senior Data Engineer (Databricks),Tenth Revolution Group,it-jobs,,full_time,South East England,2026-09-01 16:10:01+00,2026-09-02,2026-09-02,75000,90000,82500.000000000000
5864791871,Senior Data Engineer,Tenth Revolution Group,it-jobs,,full_time,London,2026-09-01 16:10:01+00,2026-09-02,2026-09-02,75000,90000,82500.000000000000
5864791687,Lead Data Engineer,Harnham - Data & Analytics Recruitment,it-jobs,,full_time,South West England,2026-09-01 16:10:00+00,2026-09-02,2026-09-02,90000,120000,105000.000000000000
5864791773,Lead Data Engineer,Harnham - Data & Analytics Recruitment,it-jobs,,full_time,London,2026-09-01 16:10:00+00,2026-09-02,2026-09-02,90000,120000,105000.000000000000
5864625356,Data Lead (Financial Crime),Experis,it-jobs,permanent,full_time,London,2026-09-01 15:01:04+00,2026-09-02,2026-09-02,100000,120000,110000.000000000000
5864625332,Data Engineer,Synapri,it-jobs,contract,,London,2026-09-01 15:00:54+00,2026-09-02,2026-09-02,119600,122200,120900.000000000000
5864625286,Senior Data Engineer,Vallum Associates,it-jobs,,full_time,London,2026-09-01 15:00:43+00,2026-09-02,2026-09-02,111800,130000,120900.000000000000
5864614008,Data Engineer,VANRATH,it-jobs,,,Northern Ireland,2026-09-01 14:41:41+00,2026-09-02,2026-09-02,50000,50000,50000.000000000000
5864528677,Lead Data Engineer,Nextech,it-jobs,,full_time,London,2026-09-01 12:09:58+00,2026-09-02,2026-09-02,150000,165000,157500.000000000000
5864175015,Senior Data Engineer,Belong,it-jobs,,full_time,North West England,2026-09-01 10:01:52+00,2026-09-01,2026-09-02,61920,61920,61920.000000000000
5864158427,"Vice President, AI Machine Learning Software Engineer",Hackajob Ltd,it-jobs,permanent,,North West England,2026-09-01 09:54:01+00,2026-09-01,2026-09-02,100000,100000,100000.000000000000
5864158364,Senior Software Engineer - Data Engineering,Hackajob Ltd,it-jobs,permanent,,North West England,2026-09-01 09:54:00+00,2026-09-02,2026-09-02,100000,100000,100000.000000000000
5863613095,Data Engineer,DWP Digital,it-jobs,permanent,,North West England,2026-09-01 01:54:05+00,2026-09-02,2026-09-02,50000,50000,50000.000000000000
5863612796,Informatica Subject Matter Exptert,Hackajob Ltd,it-jobs,permanent,,North East England,2026-09-01 01:53:35+00,2026-09-01,2026-09-02,90000,90000,90000.000000000000
5863612773,Security Consultant,Anson Mccade,it-jobs,permanent,,South West England,2026-09-01 01:53:31+00,2026-09-02,2026-09-02,85000,85000,85000.000000000000
5863154896,Back End Developer / Data Engineer,Stratospherec Ltd,it-jobs,,full_time,South West England,2026-08-31 22:41:32+00,2026-09-01,2026-09-02,40000,50000,45000.000000000000
5863132803,Senior Data Engineer Microsoft Azure data,Huxley Associates,it-jobs,permanent,,London,2026-08-31 21:39:19+00,2026-09-01,2026-09-02,70000,70000,70000.000000000000
5866761956,Treasury Manager,Experis,accounting-finance-jobs,permanent,,Yorkshire And The Humber,2026-09-02 09:56:15+00,2026-09-02,2026-09-02,70000,70000,70000.000000000000
5866532014,AI Engineer Placement Programme No Experience Needed,IT Online Learning,it-jobs,permanent,,London,2026-09-02 05:54:43+00,2026-09-02,2026-09-02,75000,75000,75000.000000000000
5866532007,AI Engineer Placement Programme No Experience Needed,IT Online Learning,it-jobs,permanent,,Wales,2026-09-02 05:54:42+00,2026-09-02,2026-09-02,75000,75000,75000.000000000000
5866532009,AI Engineer Placement Programme No Experience Needed,IT Online Learning,it-jobs,permanent,,West Midlands,2026-09-02 05:54:42+00,2026-09-02,2026-09-02,75000,75000,75000.000000000000
5866531820,AI Engineer Placement Programme No Experience Needed,IT Online Learning,it-jobs,permanent,,North West England,2026-09-02 05:54:27+00,2026-09-02,2026-09-02,75000,75000,75000.000000000000
5866531821,AI Engineer Placement Programme No Experience Needed,IT Online Learning,it-jobs,permanent,,North West England,2026-09-02 05:54:27+00,2026-09-02,2026-09-02,75000,75000,75000.000000000000
5866531819,AI Engineer Placement Programme No Experience Needed,IT Online Learning,it-jobs,permanent,,Yorkshire And The Humber,2026-09-02 05:54:27+00,2026-09-02,2026-09-02,75000,75000,75000.000000000000
5866531815,AI Engineer Placement Programme No Experience Needed,IT Online Learning,it-jobs,permanent,,Scotland,2026-09-02 05:54:27+00,2026-09-02,2026-09-02,75000,75000,75000.000000000000
5866531816,AI Engineer Placement Programme No Experience Needed,IT Online Learning,it-jobs,permanent,,Scotland,2026-09-02 05:54:27+00,2026-09-02,2026-09-02,75000,75000,75000.000000000000
5866218215,Data Scientist (Contract),YourShortlist,it-jobs,contract,,Scotland,2026-09-02 03:51:14+00,2026-09-02,2026-09-02,156000,182000,169000.000000000000
5866033167,AI Engineer Placement Programme No Experience Needed,IT Online Learning,it-jobs,permanent,,South West England,2026-09-02 01:54:21+00,2026-09-02,2026-09-02,75000,75000,75000.000000000000
5865264846,AI Engineer Placement Programme No Experience Needed,IT Online Learning,it-jobs,,,Wales,2026-09-01 21:38:46+00,2026-09-02,2026-09-02,75000,75000,75000.000000000000
5865264863,AI Engineer Placement Programme No Experience Needed,IT Online Learning,it-jobs,,,London,2026-09-01 21:38:46+00,2026-09-02,2026-09-02,75000,75000,75000.000000000000
5865264841,Senior AI Engineer - Product,INFUSED SOLUTIONS LIMITED,it-jobs,contract,full_time,London,2026-09-01 21:38:46+00,2026-09-02,2026-09-02,130000,156000,143000.000000000000
5865264083,Research & Innovation Fellows,Scotland's Rural College ,scientific-qa-jobs,,,Scotland,2026-09-01 21:38:08+00,2026-09-02,2026-09-02,50000,50000,50000.000000000000
5865261640,Trainee AI Engineer No Experience Needed,IT Online Learning,it-jobs,,,,2026-09-01 21:37:04+00,2026-09-02,2026-09-02,75000,75000,75000.000000000000
5865193025,Senior Customer Analyst,Harnham - Data & Analytics Recruitment,it-jobs,,full_time,London,2026-09-01 20:10:47+00,2026-09-02,2026-09-02,45000,50000,47500.000000000000
5865193059,Marketing Analytics Manager,Harnham - Data & Analytics Recruitment,it-jobs,,full_time,London,2026-09-01 20:10:47+00,2026-09-02,2026-09-02,65000,75000,70000.000000000000
5865190443,AI Engineer Placement Programme,Ad Warrior Ltd,it-jobs,,,North West England,2026-09-01 20:00:06+00,2026-09-02,2026-09-02,45000,75000,60000.000000000000
5865190442,AI Engineer Placement Programme,Ad Warrior Ltd,it-jobs,,,North West England,2026-09-01 20:00:06+00,2026-09-02,2026-09-02,45000,75000,60000.000000000000
5865190445,AI Engineer Placement Programme,Ad Warrior Ltd,it-jobs,,,West Midlands,2026-09-01 20:00:06+00,2026-09-02,2026-09-02,45000,75000,60000.000000000000
5865190440,AI Engineer Placement Programme,Ad Warrior Ltd,it-jobs,,,London,2026-09-01 20:00:06+00,2026-09-02,2026-09-02,45000,75000,60000.000000000000
5865162768,Treasury Manager,Experis,accounting-finance-jobs,,full_time,Yorkshire And The Humber,2026-09-01 19:09:33+00,2026-09-02,2026-09-02,60000,70000,65000.000000000000
5865141505,Senior AI Engineer - Product,Infused Solutions Ltd,it-jobs,contract,full_time,London,2026-09-01 19:02:35+00,2026-09-02,2026-09-02,130000,156000,143000.000000000000
5864791624,Senior Product Analyst,Harnham - Data & Analytics Recruitment,it-jobs,,full_time,North West England,2026-09-01 16:10:00+00,2026-09-02,2026-09-02,60000,70000,65000.000000000000
5864671329,Data Scientist - 12-Month Contract,Square One Resources,it-jobs,contract,full_time,London,2026-09-01 15:21:50+00,2026-09-02,2026-09-02,130000,182000,156000.000000000000
5864598454,AI Trainee Engineer,Ad Warrior Ltd,it-jobs,,,North West England,2026-09-01 13:58:57+00,2026-09-02,2026-09-02,45000,75000,60000.000000000000
5864598455,AI Trainee Engineer,Ad Warrior Ltd,it-jobs,,,North West England,2026-09-01 13:58:57+00,2026-09-02,2026-09-02,45000,75000,60000.000000000000
5864598462,AI Trainee Engineer,Ad Warrior Ltd,it-jobs,,,West Midlands,2026-09-01 13:58:57+00,2026-09-02,2026-09-02,45000,75000,60000.000000000000
5864598449,AI Trainee Engineer,Ad Warrior Ltd,it-jobs,,,London,2026-09-01 13:58:57+00,2026-09-02,2026-09-02,45000,75000,60000.000000000000
5864509202,Commercial Operations Associate,Kooth,sales-jobs,,full_time,London,2026-09-01 12:05:29+00,2026-09-02,2026-09-02,28000,33000,30500.000000000000
5864160559,Senior AI Governance Consultant,Anson McCade,it-jobs,permanent,,South West England,2026-09-01 09:54:38+00,2026-09-01,2026-09-02,95000,95000,95000.000000000000
5864148011,Big Data Scientist (IT),Nexus Jobs Limited,it-jobs,permanent,,North West England,2026-09-01 09:48:27+00,2026-09-01,2026-09-02,90000,90000,90000.000000000000
5864148012,Data Scientist - Manchester (IT),Nexus Jobs Limited,it-jobs,permanent,,North West England,2026-09-01 09:48:27+00,2026-09-01,2026-09-02,85000,85000,85000.000000000000
5863612783,Paid Media Manager Hybrid,We Are Fr Group,pr-advertising-marketing-jobs,permanent,,North West England,2026-09-01 01:53:33+00,2026-09-01,2026-09-02,45000,45000,45000.000000000000
5865208313,Delegate Sales Manager,Lipton Media,sales-jobs,,full_time,London,2026-09-01 21:00:12+00,2026-09-02,2026-09-02,38000,48000,43000.000000000000
5865200543,Financial Controller,MFK Recruitment,accounting-finance-jobs,permanent,full_time,London,2026-09-01 20:51:30+00,2026-09-02,2026-09-02,80000,100000,90000.000000000000
5865200395,Renewables Project Controller,Magpie Recruitment,accounting-finance-jobs,,full_time,,2026-09-01 20:51:20+00,2026-09-02,2026-09-02,60000,80000,70000.000000000000
5865197757,Digital transformation Programme manager - Exclusive to Vanrath,VANRATH,it-jobs,permanent,,Northern Ireland,2026-09-01 20:32:49+00,2026-09-02,2026-09-02,65000,65000,65000.000000000000
5865197805,Cost/ Commerical Analyst,HAYS Specialist Recruitment,accounting-finance-jobs,permanent,,Northern Ireland,2026-09-01 20:32:49+00,2026-09-02,2026-09-02,40000,40000,40000.000000000000
5865190430,Business Analyst Placement Programme,Ad Warrior Ltd,it-jobs,,,London,2026-09-01 20:00:06+00,2026-09-02,2026-09-02,28000,80000,54000.000000000000
5865190432,Business Analyst Placement Programme,Ad Warrior Ltd,it-jobs,,,West Midlands,2026-09-01 20:00:06+00,2026-09-02,2026-09-02,28000,80000,54000.000000000000
5865190435,Business Analyst Placement Programme,Ad Warrior Ltd,it-jobs,,,North West England,2026-09-01 20:00:06+00,2026-09-02,2026-09-02,28000,80000,54000.000000000000
5865167785,Business Central Functional Consultant,SoCode Limited,it-jobs,permanent,full_time,London,2026-09-01 19:15:12+00,2026-09-02,2026-09-02,60000,70000,65000.000000000000
5865162937,Head of Finance,Sewell Wallis Ltd,accounting-finance-jobs,permanent,full_time,South East England,2026-09-01 19:09:47+00,2026-09-02,2026-09-02,100000,100000,100000.000000000000
5865017902,Senior Sponsorship Sales Manager - Cyber,Lipton Media,sales-jobs,,full_time,London,2026-09-01 16:56:53+00,2026-09-02,2026-09-02,45000,60000,52500.000000000000
5864598451,Trainee Business Analyst,Ad Warrior Ltd,it-jobs,,,London,2026-09-01 13:58:57+00,2026-09-02,2026-09-02,28000,80000,54000.000000000000
5864598448,Trainee Business Analyst,Ad Warrior Ltd,it-jobs,,,East Midlands,2026-09-01 13:58:57+00,2026-09-02,2026-09-02,28000,80000,54000.000000000000
5864598450,Trainee Business Analyst,Ad Warrior Ltd,it-jobs,,,North West England,2026-09-01 13:58:57+00,2026-09-02,2026-09-02,28000,80000,54000.000000000000
5864552308,Head of HSEQ Performance and Compliance,Network Plus,consultancy-jobs,,,North West England,2026-09-01 13:02:26+00,2026-09-02,2026-09-02,80000,95000,87500.000000000000
5864552307,Head of HSEQ Performance and Compliance,Network Plus,consultancy-jobs,,,North West England,2026-09-01 13:02:26+00,2026-09-02,2026-09-02,80000,95000,87500.000000000000
5864552306,Head of HSEQ Performance and Compliance,Network Plus,consultancy-jobs,,,North West England,2026-09-01 13:02:25+00,2026-09-02,2026-09-02,80000,95000,87500.000000000000
5864552305,Head of HSEQ Performance and Compliance,Network Plus,consultancy-jobs,,,North West England,2026-09-01 13:02:25+00,2026-09-02,2026-09-02,80000,95000,87500.000000000000
5864552304,Head of HSEQ Performance and Compliance,Network Plus,consultancy-jobs,,,North West England,2026-09-01 13:02:25+00,2026-09-02,2026-09-02,80000,95000,87500.000000000000
5864189197,Business Intelligence Administrator - Addiewell,Sodexo,admin-jobs,,,Scotland,2026-09-01 10:06:08+00,2026-09-01,2026-09-02,26227,26227,26227.000000000000
5863110331,Commercial Operations Lead,VANRATH,sales-jobs,permanent,full_time,Northern Ireland,2026-08-31 20:24:36+00,2026-09-01,2026-09-02,45000,45000,45000.000000000000
5863090025,Senior Oracle PPM Cloud Functional Consultant,Hackajob Ltd,it-jobs,permanent,,London,2026-08-31 17:51:41+00,2026-09-01,2026-09-02,100000,100000,100000.000000000000
5862761921,Data Engineer,DWP Digital,it-jobs,permanent,,Yorkshire And The Humber,2026-08-31 05:51:55+00,2026-08-31,2026-09-02,50000,50000,50000.000000000000
5862761887,Senior Data Engineer,DWP Digital,it-jobs,permanent,,West Midlands,2026-08-31 05:51:24+00,2026-09-01,2026-09-02,75000,75000,75000.000000000000
5862641621,Data & Application Developer,Ascent,it-jobs,permanent,,North West England,2026-08-31 01:51:35+00,2026-08-31,2026-09-02,45000,45000,45000.000000000000
5862290379,"Director, Strategic Research & Evidence",WVI,scientific-qa-jobs,,full_time,,2026-08-30 16:32:00+00,2026-08-31,2026-09-02,102700,136930,119815.000000000000
5866898585,Senior Magnet Engineer (Superconducting Magnets / Fusion Energy),Tokamak Energy,engineering-jobs,,full_time,North West England,2026-09-02 11:32:41+00,2026-09-02,2026-09-02,60000,75000,67500.000000000000
5866898575,Bid Manager,Prevail,consultancy-jobs,,full_time,London,2026-09-02 11:32:41+00,2026-09-02,2026-09-02,70000,75000,72500.000000000000
5866898150,Event Management and Support Specialist (German),Eventogy,it-jobs,,,London,2026-09-02 11:32:18+00,2026-09-02,2026-09-02,32000,40000,36000.000000000000
5866868240,Assistant Manager,Zachary Daniels Recruitment,sales-jobs,,full_time,London,2026-09-02 11:22:21+00,2026-09-02,2026-09-02,38000,45000,41500.000000000000
5866868196,Assistant Manager,Zachary Daniels Recruitment,sales-jobs,,full_time,London,2026-09-02 11:22:17+00,2026-09-02,2026-09-02,38000,45000,41500.000000000000
5866868144,Merchandiser,Zachary Daniels Recruitment,retail-jobs,,full_time,North West England,2026-09-02 11:22:12+00,2026-09-02,2026-09-02,40000,45000,42500.000000000000
5866866446,People & Culture Advisor,smart managed solutions,hr-jobs,,full_time,London,2026-09-02 11:21:12+00,2026-09-02,2026-09-02,40000,44000,42000.000000000000
5866859290,Quality Manager,Matchtech,engineering-jobs,permanent,full_time,London,2026-09-02 11:18:51+00,2026-09-02,2026-09-02,80000,80000,80000.000000000000
5866857660,Head of Sales and Service,C&M Travel Recruitment,sales-jobs,,full_time,London,2026-09-02 11:18:02+00,2026-09-02,2026-09-02,50000,60000,55000.000000000000
5866856968,Rating Surveyor,Hays Construction and Property,property-jobs,permanent,full_time,Scotland,2026-09-02 11:17:04+00,2026-09-02,2026-09-02,45000,55000,50000.000000000000
5866855375,Psychology Teacher,Prospero Teaching,teaching-jobs,contract,full_time,Yorkshire And The Humber,2026-09-02 11:14:29+00,2026-09-02,2026-09-02,39000,62400,50700.000000000000
5866854856,A-level Chemistry Teacher (Maternity Cover),Prospero Teaching,teaching-jobs,contract,,Yorkshire And The Humber,2026-09-02 11:13:39+00,2026-09-02,2026-09-02,39000,59800,49400.000000000000
5866852632,Management Accountant,Gillespie Recruitment Ltd,accounting-finance-jobs,permanent,full_time,North East England,2026-09-02 11:10:23+00,2026-09-02,2026-09-02,50000,55000,52500.000000000000
5866852337,Capital Accountant,Sellick Partnership,accounting-finance-jobs,contract,,East Midlands,2026-09-02 11:09:58+00,2026-09-02,2026-09-02,104000,130000,117000.000000000000
5866852209,Continuous Improvement Manager,Gleeson Recruitment Group,retail-jobs,,full_time,Yorkshire And The Humber,2026-09-02 11:09:45+00,2026-09-02,2026-09-02,40000,50000,45000.000000000000
5866851717,Design Engineer - LV-33kV,Matchtech,engineering-jobs,permanent,full_time,London,2026-09-02 11:08:30+00,2026-09-02,2026-09-02,45000,55000,50000.000000000000
5866851719,Senior Civil Engineer,Strata Construction Consulting UK Ltd,engineering-jobs,,full_time,South East England,2026-09-02 11:08:30+00,2026-09-02,2026-09-02,44000,50000,47000.000000000000
5866851449,Civil Design Technician,Acorn by Synergie,engineering-jobs,permanent,full_time,South West England,2026-09-02 11:07:40+00,2026-09-02,2026-09-02,27000,35000,31000.000000000000
5866851448,Quality Engineer,Orion Electrotech,engineering-jobs,,full_time,South East England,2026-09-02 11:07:40+00,2026-09-02,2026-09-02,35000,39000,37000.000000000000
5866850489,Geo-Environement Engineer,Carrington West,trade-construction-jobs,permanent,full_time,East Midlands,2026-09-02 11:06:35+00,2026-09-02,2026-09-02,32000,40000,36000.000000000000
5866850487,Supply Chain and Production Planning Manager,White Label Recruitment Ltd,logistics-warehouse-jobs,,full_time,Yorkshire And The Humber,2026-09-02 11:06:35+00,2026-09-02,2026-09-02,42000,48000,45000.000000000000
5866849811,Quality Assurance Technician,Position 1 Recruitment,engineering-jobs,,full_time,Eastern England,2026-09-02 11:05:30+00,2026-09-02,2026-09-02,30000,34000,32000.000000000000
5866849796,Associate Transport Planner,Carrington West,engineering-jobs,,full_time,West Midlands,2026-09-02 11:05:29+00,2026-09-02,2026-09-02,65000,75000,70000.000000000000
5866849794,NPI Engineer,Owen Daniels,engineering-jobs,,full_time,South East England,2026-09-02 11:05:29+00,2026-09-02,2026-09-02,40000,45000,42500.000000000000
5866848453,"Head of Health & Safety - Home Based, Travelling Nationally",Portakabin,trade-construction-jobs,permanent,full_time,,2026-09-02 11:03:00+00,2026-09-02,2026-09-02,75000,80000,77500.000000000000
5866848462,HSE Advisor Hamilton - Scotland (must live locally),Portakabin,logistics-warehouse-jobs,permanent,full_time,Scotland,2026-09-02 11:03:00+00,2026-09-02,2026-09-02,35000,42000,38500.000000000000
5866843930,Strategy & Assets Lead,Adecco,admin-jobs,contract,full_time,South East England,2026-09-02 11:02:03+00,2026-09-02,2026-09-02,73929,73929,73929.000000000000
5866837982,Senior Estimator,Fawkes & Reece London,trade-construction-jobs,,full_time,South East England,2026-09-02 11:01:06+00,2026-09-02,2026-09-02,60000,85000,72500.000000000000
5866838019,Graduate Quantity Surveyor,Nicholas Associates Graduate Placements,graduate-jobs,,full_time,South West England,2026-09-02 11:01:06+00,2026-09-02,2026-09-02,28000,29000,28500.000000000000
5866766274,Quality Manager,Optima UK,engineering-jobs,permanent,,South West England,2026-09-02 09:59:18+00,2026-09-02,2026-09-02,65000,65000,65000.000000000000
5866766009,Commercial Manager - Civils,Hays,trade-construction-jobs,permanent,full_time,Eastern England,2026-09-02 09:59:02+00,2026-09-02,2026-09-02,70000,70000,70000.000000000000
5866766014,Planning Specialist,Yolk Recruitment Limited,customer-services-jobs,permanent,,Wales,2026-09-02 09:59:02+00,2026-09-02,2026-09-02,35000,35000,35000.000000000000
5866765995,Assistant Commercial Manager - Civils,Hays,trade-construction-jobs,permanent,full_time,Eastern England,2026-09-02 09:59:01+00,2026-09-02,2026-09-02,55000,55000,55000.000000000000
5866765879,Senior Property Manager,Jackson Sims Recruitment,property-jobs,permanent,,North West England,2026-09-02 09:58:52+00,2026-09-02,2026-09-02,60000,60000,60000.000000000000
5866765790,Field Sales Account Manager,CoStar Group UK Ltd,sales-jobs,permanent,,Yorkshire And The Humber,2026-09-02 09:58:46+00,2026-09-02,2026-09-02,55000,55000,55000.000000000000
5866765670,Senior Retail Account Manager EMEA,Zachary Daniels,sales-jobs,permanent,,London,2026-09-02 09:58:36+00,2026-09-02,2026-09-02,100000,100000,100000.000000000000
5866765639,Foiling Team Leader,Eurocell Group PLC,manufacturing-jobs,permanent,full_time,East Midlands,2026-09-02 09:58:35+00,2026-09-02,2026-09-02,37440,37440,37440.000000000000
5866765601,Senior Recruitment Consultant,Rec 2 Rec Search,consultancy-jobs,permanent,full_time,Yorkshire And The Humber,2026-09-02 09:58:34+00,2026-09-02,2026-09-02,50000,50000,50000.000000000000
5866765338,Strategic ER Client Partner - CIPD Level 5. UK Remote,Recruitment Revolution,sales-jobs,permanent,,Scotland,2026-09-02 09:58:20+00,2026-09-02,2026-09-02,65000,65000,65000.000000000000
5866765369,Medical Affairs Specialist,Dahlia Recruitment Ltd,scientific-qa-jobs,permanent,,West Midlands,2026-09-02 09:58:20+00,2026-09-02,2026-09-02,70000,70000,70000.000000000000
5866765305,Technical Administrator - C&M,Morson Edge,engineering-jobs,contract,,Eastern England,2026-09-02 09:58:19+00,2026-09-02,2026-09-02,34320,37440,35880.000000000000
5866765254,Driving Range Manager,Golf,hospitality-catering-jobs,permanent,,West Midlands,2026-09-02 09:58:16+00,2026-09-02,2026-09-02,30000,30000,30000.000000000000
5866764667,Quality Technician,SBR ,engineering-jobs,permanent,,South East England,2026-09-02 09:57:52+00,2026-09-02,2026-09-02,35000,35000,35000.000000000000
5866764575,Multi Skilled Machine Tool Fitter,Optima UK,engineering-jobs,permanent,,West Midlands,2026-09-02 09:57:50+00,2026-09-02,2026-09-02,35000,35000,35000.000000000000
5866764434,Category Controller,Magnus Search - Midlands/NW,retail-jobs,permanent,,London,2026-09-02 09:57:45+00,2026-09-02,2026-09-02,90000,90000,90000.000000000000
5866764028,"Assistant Director - Relationship Manager, Insurance",Hackajob Ltd,sales-jobs,permanent,,London,2026-09-02 09:57:33+00,2026-09-02,2026-09-02,95000,95000,95000.000000000000
5866764009,Commercial Director,Building Careers UK Ltd,trade-construction-jobs,permanent,,North West England,2026-09-02 09:57:32+00,2026-09-02,2026-09-02,100000,100000,100000.000000000000
5866763992,National Account Manager - Foodservice,Nter Talent,sales-jobs,permanent,,Eastern England,2026-09-02 09:57:32+00,2026-09-02,2026-09-02,55000,55000,55000.000000000000
5866763932,Paid Media Specialist,Nextech Group Limited,pr-advertising-marketing-jobs,permanent,,East Midlands,2026-09-02 09:57:31+00,2026-09-02,2026-09-02,35000,35000,35000.000000000000
5866763927,Category Manager,Magnus Search - Midlands/NW,retail-jobs,permanent,,Yorkshire And The Humber,2026-09-02 09:57:31+00,2026-09-02,2026-09-02,60000,60000,60000.000000000000
5866763817,ECM Analytics Manager,Datatech Analytics,accounting-finance-jobs,permanent,,London,2026-09-02 09:57:28+00,2026-09-02,2026-09-02,90000,90000,90000.000000000000
5866763784,HR Analyst SAP SuccessFactors,Oakleaf Partnership,hr-jobs,permanent,,London,2026-09-02 09:57:27+00,2026-09-02,2026-09-02,60000,60000,60000.000000000000
5866763374,Bilingual Customer Service Representative Dutch & English,CMS Recruitment Limited,customer-services-jobs,permanent,,North East England,2026-09-02 09:57:14+00,2026-09-02,2026-09-02,27456,27456,27456.000000000000
5866763341,Finance Business Partner,Accountable Recruitment,accounting-finance-jobs,permanent,,North West England,2026-09-02 09:57:13+00,2026-09-02,2026-09-02,90000,90000,90000.000000000000
5866763283,Senior Accountant,SI Recruitment,accounting-finance-jobs,permanent,full_time,Yorkshire And The Humber,2026-09-02 09:57:10+00,2026-09-02,2026-09-02,45000,45000,45000.000000000000
5866763263,Head of Resilience & Reward - HR,Northern Gas,hr-jobs,permanent,,Yorkshire And The Humber,2026-09-02 09:57:09+00,2026-09-02,2026-09-02,70000,70000,70000.000000000000
5866763167,Cost Manager - Civils,Hays,trade-construction-jobs,permanent,full_time,Eastern England,2026-09-02 09:57:08+00,2026-09-02,2026-09-02,75000,75000,75000.000000000000
5866763190,Consultant Neuropsychiatrist & Medical Lead,Elysium Healthcare,healthcare-nursing-jobs,,,Eastern England,2026-09-02 09:57:08+00,2026-09-02,2026-09-02,100000,100000,100000.000000000000
5866762976,Quality Engineer,ODIN RECRUITMENT GROUP LIMITED,engineering-jobs,permanent,,North West England,2026-09-02 09:56:57+00,2026-09-02,2026-09-02,40000,40000,40000.000000000000
5866762797,Overhead Crane Engineer,Get Staffed Online Recruitment,engineering-jobs,permanent,,Yorkshire And The Humber,2026-09-02 09:56:51+00,2026-09-02,2026-09-02,75000,75000,75000.000000000000
5866762774,Electrical Shift Engineer,Yolk Recruitment Limited,engineering-jobs,permanent,,South West England,2026-09-02 09:56:51+00,2026-09-02,2026-09-02,50000,50000,50000.000000000000
5866762783,Overhead Crane Engineer,Get Staffed Online Recruitment,engineering-jobs,permanent,,North East England,2026-09-02 09:56:51+00,2026-09-02,2026-09-02,75000,75000,75000.000000000000
5866762757,Marketing Automation Lead,South West Water,pr-advertising-marketing-jobs,permanent,,South West England,2026-09-02 09:56:50+00,2026-09-02,2026-09-02,45000,45000,45000.000000000000
5866762729,Operations Analyst,Alexander Steele Ltd,manufacturing-jobs,permanent,,Scotland,2026-09-02 09:56:48+00,2026-09-02,2026-09-02,40000,40000,40000.000000000000
5868292468,Sustainability Senior Data Analyst,Morson Edge,consultancy-jobs,contract,full_time,Scotland,2026-09-03 05:54:08+00,2026-09-03,2026-09-03,65000,65000,65000.000000000000
5868148603,Entry Level Data Consultant No Experience Required,NEWTO TRAINING LIMITED,it-jobs,permanent,,London,2026-09-03 03:52:10+00,2026-09-03,2026-09-03,65000,65000,65000.000000000000
5868148351,Sustainability Senior Data Analyst,Morson Edge,consultancy-jobs,contract,full_time,Scotland,2026-09-03 03:51:45+00,2026-09-03,2026-09-03,65000,65000,65000.000000000000
5867730506,Data Analyst,MCS Group,it-jobs,,,Northern Ireland,2026-09-03 00:12:15+00,2026-09-03,2026-09-03,40000,40000,40000.000000000000
5867726461,Junior BI & Reporting Analyst,ZIGUP,it-jobs,contract,,North East England,2026-09-03 00:05:48+00,2026-09-03,2026-09-03,27000,28000,27500.000000000000
5867702477,Senior Data Analyst,Develop,it-jobs,permanent,,London,2026-09-02 23:54:48+00,2026-09-03,2026-09-03,70000,70000,70000.000000000000
5867645772,Senior Data Analyst,BRIAN DURHAM RECRUITMENT SERVICES LIMITED,it-jobs,,,London,2026-09-02 23:16:17+00,2026-09-03,2026-09-03,80000,80000,80000.000000000000
5867643027,Trainee Data Analyst No Experience Needed,NEWTO TRAINING LIMITED,it-jobs,,,,2026-09-02 23:10:19+00,2026-09-03,2026-09-03,65000,65000,65000.000000000000
5867643019,Data Analyst,First Databank,it-jobs,contract,part_time,South West England,2026-09-02 23:10:18+00,2026-09-03,2026-09-03,20000,20000,20000.000000000000
5867414466,Data Analyst,Workman LLP,it-jobs,,full_time,London,2026-09-02 18:33:01+00,2026-09-03,2026-09-03,38000,45000,41500.000000000000
5867306037,Junior Data Analyst (Financial Crime),CPS Group  Limited,it-jobs,,full_time,Wales,2026-09-02 17:26:01+00,2026-09-03,2026-09-03,25000,28000,26500.000000000000
5867254321,Sr. Real Estate Financial Data Analyst,Investment Real Estate,accounting-finance-jobs,,full_time,,2026-09-02 17:13:01+00,2026-09-03,2026-09-03,125000,150000,137500.000000000000
5867244123,Surface Fleet Analyst,Prevailance,it-jobs,,full_time,,2026-09-02 17:08:28+00,2026-09-03,2026-09-03,85000,95000,90000.000000000000
5867239072,Senior AI Engineer,Car Finance 247,it-jobs,,full_time,North West England,2026-09-02 17:06:07+00,2026-09-03,2026-09-03,80000,80000,80000.000000000000
5867237111,Senior Metrics and Data Analyst - US Navy,TLN Worldwide Enterprises,it-jobs,,full_time,,2026-09-02 17:05:09+00,2026-09-03,2026-09-03,120000,150000,135000.000000000000
5867227685,Senior Civil Engineering Project Manager,Trilon Group,engineering-jobs,,full_time,,2026-09-02 17:01:32+00,2026-09-03,2026-09-03,140000,170000,155000.000000000000
5867151553,Power BI/SQL Data Analyst,VANRATH,it-jobs,,,Northern Ireland,2026-09-02 14:55:47+00,2026-09-03,2026-09-03,40000,40000,40000.000000000000
5867143767,Kickstart Your 2026 Career in Tech or Change - Roles Available UK Wide,La Fosse,it-jobs,,full_time,Yorkshire And The Humber,2026-09-02 14:30:05+00,2026-09-03,2026-09-03,30000,30000,30000.000000000000
5867143764,Kickstart Your 2026 Career in Tech or Change - Roles Available UK Wide,La Fosse,it-jobs,,full_time,Eastern England,2026-09-02 14:30:05+00,2026-09-03,2026-09-03,30000,30000,30000.000000000000
5867143765,Kickstart Your 2026 Career in Tech or Change - Roles Available UK Wide,La Fosse,it-jobs,,full_time,East Midlands,2026-09-02 14:30:05+00,2026-09-03,2026-09-03,30000,30000,30000.000000000000
5867143766,Kickstart Your 2026 Career in Tech or Change - Roles Available UK Wide,La Fosse,it-jobs,,full_time,London,2026-09-02 14:30:05+00,2026-09-03,2026-09-03,30000,30000,30000.000000000000
5867061975,Data Analyst - Scala,CBSbutler Holdings Limited trading as CBSbutler,it-jobs,contract,,London,2026-09-02 12:46:42+00,2026-09-03,2026-09-03,156000,169000,162500.000000000000
5866960555,Senior Data Analyst,develop,it-jobs,permanent,full_time,Yorkshire And The Humber,2026-09-02 11:52:53+00,2026-09-03,2026-09-03,70000,70000,70000.000000000000
5866960580,Data Analyst,Scrumconnect Consulting,it-jobs,,full_time,South East England,2026-09-02 11:52:53+00,2026-09-03,2026-09-03,53000,93000,73000.000000000000
5866960595,Transaction Monitoring Data Analyst,Harvey Nash,it-jobs,,full_time,Northern Ireland,2026-09-02 11:52:53+00,2026-09-03,2026-09-03,130000,135200,132600.000000000000
5866960464,Data Analyst,Computappoint,it-jobs,permanent,full_time,London,2026-09-02 11:52:52+00,2026-09-03,2026-09-03,35000,40000,37500.000000000000
5866960442,Senior Data/AI Engineer Manager,Anson McCade,it-jobs,permanent,full_time,North West England,2026-09-02 11:52:52+00,2026-09-03,2026-09-03,37000,68500,52750.000000000000
5866849198,Quantitative Research Analyst,Spectrum IT Recruitment,it-jobs,,full_time,South East England,2026-09-02 11:04:02+00,2026-09-02,2026-09-03,65000,75000,70000.000000000000
5866532951,Data Analyst Placement Programme No Experience Needed,IT Online Learning,it-jobs,permanent,,Scotland,2026-09-02 05:55:36+00,2026-09-02,2026-09-03,65000,65000,65000.000000000000
5866532943,Data Analyst Placement Programme No Experience Needed,IT Online Learning,it-jobs,permanent,,West Midlands,2026-09-02 05:55:35+00,2026-09-02,2026-09-03,65000,65000,65000.000000000000
5866532944,Data Analyst Placement Programme No Experience Needed,IT Online Learning,it-jobs,permanent,,Yorkshire And The Humber,2026-09-02 05:55:35+00,2026-09-02,2026-09-03,65000,65000,65000.000000000000
5866532946,Data Analyst Placement Programme No Experience Needed,IT Online Learning,it-jobs,permanent,,North West England,2026-09-02 05:55:35+00,2026-09-02,2026-09-03,65000,65000,65000.000000000000
5865822407,Business Intelligence Lead,United Response,it-jobs,permanent,full_time,London,2026-09-02 00:51:13+00,2026-09-02,2026-09-03,45000,45000,45000.000000000000
5865301759,Transaction Monitoring Implementation Data Analyst,Harvey Nash,it-jobs,contract,,Northern Ireland,2026-09-01 21:55:47+00,2026-09-02,2026-09-03,130000,135200,132600.000000000000
5865269133,Data Insight Analyst - Retail,Sanderson Recruitment,it-jobs,contract,,London,2026-09-01 21:41:17+00,2026-09-02,2026-09-03,130000,143000,136500.000000000000
5865267720,Graduate Data Analyst,Citrus Recruit Ltd,graduate-jobs,permanent,,Wales,2026-09-01 21:40:14+00,2026-09-02,2026-09-03,28000,28000,28000.000000000000
5865267722,Trainee Data Analyst No experience needed,IT Online Learning,it-jobs,,,,2026-09-01 21:40:14+00,2026-09-02,2026-09-03,65000,65000,65000.000000000000
5865267724,Graduate Data Analyst,Suez Recycling & Recovery UK,graduate-jobs,contract,,South East England,2026-09-01 21:40:14+00,2026-09-02,2026-09-03,30000,30000,30000.000000000000
5865265463,Data Analyst Placement Programme No Experience Needed,IT Online Learning,it-jobs,,,London,2026-09-01 21:39:02+00,2026-09-02,2026-09-03,65000,65000,65000.000000000000
5865265469,Data Analyst,Morson Edge,it-jobs,,,London,2026-09-01 21:39:02+00,2026-09-02,2026-09-03,65000,104000,84500.000000000000
5865265477,Data Analyst Placement Programme No Experience Needed,IT Online Learning,it-jobs,,,Wales,2026-09-01 21:39:02+00,2026-09-02,2026-09-03,65000,65000,65000.000000000000
5865201283,Data Engineer,Netbox Recruitment,it-jobs,,full_time,South East England,2026-09-01 20:51:55+00,2026-09-02,2026-09-03,60000,70000,65000.000000000000
5865197791,Business/ Data Analyst,HAYS Specialist Recruitment,it-jobs,permanent,,Northern Ireland,2026-09-01 20:32:49+00,2026-09-02,2026-09-03,127185,127185,127185.000000000000
5865190461,Data Analyst Placement Programme,Ad Warrior Ltd,it-jobs,,,East Midlands,2026-09-01 20:00:07+00,2026-09-02,2026-09-03,30000,80000,55000.000000000000
5865190460,Data Analyst Placement Programme,Ad Warrior Ltd,it-jobs,,,South East England,2026-09-01 20:00:07+00,2026-09-02,2026-09-03,30000,80000,55000.000000000000
5865190459,Data Analyst Placement Programme,Ad Warrior Ltd,it-jobs,,,North West England,2026-09-01 20:00:06+00,2026-09-02,2026-09-03,30000,80000,55000.000000000000
5865190431,Trainee Data Analyst,Ad Warrior Ltd,it-jobs,,,West Midlands,2026-09-01 20:00:06+00,2026-09-02,2026-09-03,35000,80000,57500.000000000000
5865190428,Trainee Data Analyst,Ad Warrior Ltd,it-jobs,,,London,2026-09-01 20:00:06+00,2026-09-02,2026-09-03,35000,80000,57500.000000000000
5865190456,Data Analyst Placement Programme,Ad Warrior Ltd,it-jobs,,,London,2026-09-01 20:00:06+00,2026-09-02,2026-09-03,30000,80000,55000.000000000000
5865190433,Trainee Data Analyst,Ad Warrior Ltd,it-jobs,,,East Midlands,2026-09-01 20:00:06+00,2026-09-02,2026-09-03,35000,80000,57500.000000000000
5865190429,Trainee Data Analyst,Ad Warrior Ltd,it-jobs,,,North West England,2026-09-01 20:00:06+00,2026-09-02,2026-09-03,35000,80000,57500.000000000000
5865162761,Business/ Data Analyst,Hays Technology,it-jobs,contract,,Northern Ireland,2026-09-01 19:09:33+00,2026-09-02,2026-09-03,136240,136240,136240.000000000000
5864981083,Data Analyst / Wastewater Modeller,Advance TRS,it-jobs,,full_time,Northern Ireland,2026-09-01 16:48:17+00,2026-09-02,2026-09-03,35000,50000,42500.000000000000
5864792047,"Technical Data Analyst - 10 months FTC - up to £50,000",Vaerdi Recruitment Limited,it-jobs,contract,full_time,Yorkshire And The Humber,2026-09-01 16:10:02+00,2026-09-02,2026-09-03,40000,50000,45000.000000000000
5864671247,Technology Consultant - Data Analyst,Sparta Global Limited,it-jobs,permanent,full_time,London,2026-09-01 15:21:46+00,2026-09-02,2026-09-03,25000,26000,25500.000000000000
5864613990,BI Data Engineer,VANRATH,it-jobs,,,Northern Ireland,2026-09-01 14:41:40+00,2026-09-02,2026-09-03,50000,50000,50000.000000000000
5864548426,Data Analyst,Computappoint,it-jobs,permanent,full_time,London,2026-09-01 12:42:16+00,2026-09-02,2026-09-03,35000,40000,37500.000000000000
5868481078,Software Developer,Pioneering People,it-jobs,,,Yorkshire And The Humber,2026-09-03 08:29:32+00,2026-09-03,2026-09-03,35000,45000,40000.000000000000
5868458561,Elasticsearch Consultant,Identifi Global Resources Ltd,it-jobs,contract,,West Midlands,2026-09-03 07:30:33+00,2026-09-03,2026-09-03,100000,100000,100000.000000000000
5868457696,Senior DevOps Engineer,Candour Solutions Limited,it-jobs,permanent,,North West England,2026-09-03 07:29:30+00,2026-09-03,2026-09-03,65000,65000,65000.000000000000
5868457354,Senior Data Engineer,Hackajob Ltd,it-jobs,permanent,,Northern Ireland,2026-09-03 07:28:56+00,2026-09-03,2026-09-03,90000,90000,90000.000000000000
5868099039,Lead Data Engineer,Prism Digital,it-jobs,permanent,full_time,London,2026-09-03 02:31:31+00,2026-09-03,2026-09-03,80000,110000,95000.000000000000
5868098976,Data Scientist,DeepRec.ai,it-jobs,contract,full_time,London,2026-09-03 02:31:31+00,2026-09-03,2026-09-03,169000,195000,182000.000000000000
5868099038,Senior Data Engineer,Prism Digital,it-jobs,permanent,full_time,London,2026-09-03 02:31:31+00,2026-09-03,2026-09-03,70000,100000,85000.000000000000
5868099018,Data Engineer,Trust in SODA,it-jobs,contract,full_time,,2026-09-03 02:31:31+00,2026-09-03,2026-09-03,117000,156000,136500.000000000000
5867730504,Senior Data Engineer,Ocho,it-jobs,,,Northern Ireland,2026-09-03 00:12:15+00,2026-09-03,2026-09-03,60000,60000,60000.000000000000
5867707774,Principal Product Manager,Anson McCade,it-jobs,permanent,,West Midlands,2026-09-02 23:55:40+00,2026-09-03,2026-09-03,90000,90000,90000.000000000000
5867391878,Digital Product Manager - Data Services,ShareForce,it-jobs,contract,full_time,,2026-09-02 17:59:27+00,2026-09-03,2026-09-03,130000,143000,136500.000000000000
5867391534,Data Architect,Essential Employment,it-jobs,contract,full_time,East Midlands,2026-09-02 17:56:47+00,2026-09-03,2026-09-03,63003,84468,73735.500000000000
5867338617,Python Developer with Data experience,Solirius Reply,it-jobs,,full_time,London,2026-09-02 17:34:23+00,2026-09-03,2026-09-03,50000,85000,67500.000000000000
5867274200,Senior Engineering Manager,Tenth Revolution Group,it-jobs,,full_time,London,2026-09-02 17:17:59+00,2026-09-03,2026-09-03,85000,115000,100000.000000000000
5867273375,Platform Engineer (DevOps / MLOps Focus),The Portfolio Group,it-jobs,,full_time,London,2026-09-02 17:17:37+00,2026-09-03,2026-09-03,100000,100000,100000.000000000000
5867244721,Data Engineering Manager,Tesco Bank,it-jobs,permanent,full_time,Scotland,2026-09-02 17:08:44+00,2026-09-03,2026-09-03,95500,95500,95500.000000000000
5867225885,MI/BI and Analytics Manager,Tesco Bank,it-jobs,permanent,full_time,Scotland,2026-09-02 17:00:32+00,2026-09-03,2026-09-03,95500,95500,95500.000000000000
5867223352,Full Stack Software Engineer - Platform Software,Reframe Systems,engineering-jobs,,full_time,,2026-09-02 16:58:58+00,2026-09-03,2026-09-03,140000,180000,160000.000000000000
5867171512,Technical Data Architect,Ocho People,it-jobs,permanent,full_time,Northern Ireland,2026-09-02 15:35:17+00,2026-09-03,2026-09-03,70000,80000,75000.000000000000
5867167303,Business Intelligence Data Engineer (CYPE),Adecco,it-jobs,contract,full_time,London,2026-09-02 15:26:41+00,2026-09-03,2026-09-03,169000,169000,169000.000000000000
5867155012,Azure Data Architect,IntaPeople,it-jobs,contract,,Wales,2026-09-02 15:02:45+00,2026-09-03,2026-09-03,149500,162500,156000.000000000000
5867155016,Platform Engineer (DevOps / MLOps Focus),The Portfolio Group,it-jobs,,full_time,London,2026-09-02 15:02:45+00,2026-09-03,2026-09-03,100000,100000,100000.000000000000
5867151585,Technical Data Architect,Ocho,it-jobs,,,Northern Ireland,2026-09-02 14:55:47+00,2026-09-03,2026-09-03,80000,80000,80000.000000000000
5867151592,Junior Data Engineer,VANRATH,it-jobs,,full_time,Northern Ireland,2026-09-02 14:55:47+00,2026-09-03,2026-09-03,40000,40000,40000.000000000000
5867151598,BI Data Engineer,VANRATH,it-jobs,,full_time,Northern Ireland,2026-09-02 14:55:47+00,2026-09-03,2026-09-03,55000,55000,55000.000000000000
5867043122,Data Engineer,Tenth Revolution Group,it-jobs,permanent,full_time,North West England,2026-09-02 12:18:21+00,2026-09-03,2026-09-03,50000,55000,52500.000000000000
5866960569,Cloud Architect,Next Ventures,it-jobs,,full_time,London,2026-09-02 11:52:53+00,2026-09-03,2026-09-03,65000,105000,85000.000000000000
5866960596,MLOps AI Lead & Databricks Platform Specialist,DSR Global,it-jobs,permanent,full_time,London,2026-09-02 11:52:53+00,2026-09-03,2026-09-03,34000,56000,45000.000000000000
5866960520,Databricks Lead Engineer,Anson McCade,it-jobs,contract,full_time,London,2026-09-02 11:52:53+00,2026-09-03,2026-09-03,37000,68500,52750.000000000000
5866960472,Machine Learning Engineering Lead,Hackajob Ltd,it-jobs,,full_time,London,2026-09-02 11:52:52+00,2026-09-03,2026-09-03,100000,100000,100000.000000000000
5866960498,Senior AI Engineer - London,Infused Solutions Ltd,it-jobs,permanent,full_time,North West England,2026-09-02 11:52:52+00,2026-09-03,2026-09-03,65000,75000,70000.000000000000
5866960496,Data Engineer,Solirius Reply,it-jobs,,full_time,London,2026-09-02 11:52:52+00,2026-09-03,2026-09-03,55000,95000,75000.000000000000
5866960332,Software Engineer Data Engineering,Hackajob Ltd,it-jobs,,full_time,North West England,2026-09-02 11:52:50+00,2026-09-03,2026-09-03,90000,90000,90000.000000000000
5866960081,Principal Data Engineer - Hounslow,Hackajob Ltd,it-jobs,,full_time,London,2026-09-02 11:52:43+00,2026-09-03,2026-09-03,100000,100000,100000.000000000000
5866960044,Senior Data Engineer,Manpower,it-jobs,contract,full_time,North East England,2026-09-02 11:52:42+00,2026-09-03,2026-09-03,41600,45760,43680.000000000000
5866959955,Data Engineer,Voyage Care,it-jobs,,full_time,West Midlands,2026-09-02 11:52:39+00,2026-09-03,2026-09-03,30000,55000,42500.000000000000
5866849194,Azure Data Consultant,Devonshire Appointments,it-jobs,contract,,,2026-09-02 11:04:02+00,2026-09-02,2026-09-03,35000,45000,40000.000000000000
5866765345,Elasticsearch Consultant,Identifi Global Resources Ltd,it-jobs,contract,,West Midlands,2026-09-02 09:58:20+00,2026-09-02,2026-09-03,130446,130446,130446.000000000000
5866763408,Principal Data Scientist - Healthcare,Hackajob Ltd,it-jobs,permanent,,London,2026-09-02 09:57:15+00,2026-09-02,2026-09-03,100000,100000,100000.000000000000
5866531717,Forward Deployed Engineer - Specialist - Palantir,Hackajob Ltd,it-jobs,permanent,,London,2026-09-02 05:54:16+00,2026-09-02,2026-09-03,90000,90000,90000.000000000000
5866522022,Data Consultant - Insurance,Morson Edge,accounting-finance-jobs,,,London,2026-09-02 05:40:31+00,2026-09-02,2026-09-03,156000,169000,162500.000000000000
5866522021,"Data Engineering Consultant, Data Bricks, Snowflake, Fabric Consulting",Carrington Recruitment Solutions Limited,it-jobs,,,London,2026-09-02 05:40:31+00,2026-09-02,2026-09-03,100000,100000,100000.000000000000
5866345952,"Data Engineering Consultant, Data Bricks, Snowflake, Fabric, Consulting, City of London",Carrington Recruitment Solutions Ltd,it-jobs,,full_time,London,2026-09-02 04:20:12+00,2026-09-02,2026-09-03,120000,160000,140000.000000000000
5868457334,AI Engineer Placement Programme No Experience Needed,IT Online Learning,it-jobs,permanent,,South West England,2026-09-03 07:28:55+00,2026-09-03,2026-09-03,75000,75000,75000.000000000000
5868457333,AI Engineer Placement Programme No Experience Needed,IT Online Learning,it-jobs,permanent,,Wales,2026-09-03 07:28:55+00,2026-09-03,2026-09-03,75000,75000,75000.000000000000
5868457345,AI Engineer Placement Programme No Experience Needed,IT Online Learning,it-jobs,permanent,,London,2026-09-03 07:28:55+00,2026-09-03,2026-09-03,75000,75000,75000.000000000000
5868456782,AI Engineer Placement Programme No Experience Needed,IT Online Learning,it-jobs,permanent,,Scotland,2026-09-03 07:27:33+00,2026-09-03,2026-09-03,75000,75000,75000.000000000000
5868456784,AI Engineer Placement Programme No Experience Needed,IT Online Learning,it-jobs,permanent,,North West England,2026-09-03 07:27:33+00,2026-09-03,2026-09-03,75000,75000,75000.000000000000
5868456780,AI Engineer Placement Programme No Experience Needed,IT Online Learning,it-jobs,permanent,,Scotland,2026-09-03 07:27:33+00,2026-09-03,2026-09-03,75000,75000,75000.000000000000
5868456783,AI Engineer Placement Programme No Experience Needed,IT Online Learning,it-jobs,permanent,,North West England,2026-09-03 07:27:33+00,2026-09-03,2026-09-03,75000,75000,75000.000000000000
5868417657,Data Insights Lead,The Opportunity Hub UK,pr-advertising-marketing-jobs,permanent,full_time,London,2026-09-03 06:33:28+00,2026-09-03,2026-09-03,35000,45000,40000.000000000000
5867702470,Quantitative Analyst,Spectrum It Recruitment Limited,it-jobs,permanent,,London,2026-09-02 23:54:48+00,2026-09-03,2026-09-03,100000,100000,100000.000000000000
5867702356,Sports Trading Quantitative Analyst,Spectrum It Recruitment Limited,it-jobs,permanent,,London,2026-09-02 23:54:41+00,2026-09-03,2026-09-03,90000,90000,90000.000000000000
5867320266,Data Science Manager,SVGC Limited,it-jobs,,full_time,South East England,2026-09-02 17:31:22+00,2026-09-03,2026-09-03,65000,75000,70000.000000000000
5867274337,Senior Software Developer,Spectrum IT Recruitment,it-jobs,,full_time,London,2026-09-02 17:18:00+00,2026-09-03,2026-09-03,120000,150000,135000.000000000000
5867251474,Senior Software Engineer - FDE - Security Check (SC) Clearance,Microsoft,it-jobs,contract,full_time,London,2026-09-02 17:11:44+00,2026-09-03,2026-09-03,74700,122600,98650.000000000000
5867251423,Innovation Business Partner,BSI Group,it-jobs,contract,full_time,,2026-09-02 17:11:42+00,2026-09-03,2026-09-03,58500,78000,68250.000000000000
5867248624,"Manager, Data & AI Strategy",TELUS Digital,it-jobs,,full_time,,2026-09-02 17:10:27+00,2026-09-03,2026-09-03,122165,143724,132944.500000000000
5867246395,AI Project / Delivery Manager,Ntt Data,it-jobs,contract,,London,2026-09-02 17:09:31+00,2026-09-03,2026-09-03,62400,62400,62400.000000000000
5867243164,Sr Data Scientist - FDE - Security Check (SC) Clearance,Microsoft,it-jobs,contract,full_time,London,2026-09-02 17:08:04+00,2026-09-03,2026-09-03,74700,122600,98650.000000000000
5867243126,"(Senior) Backend Engineer, Marketplace",Wheely,it-jobs,,full_time,London,2026-09-02 17:08:03+00,2026-09-03,2026-09-03,90000,120000,105000.000000000000
5867238329,"Software Engineer, Integrity Foundations - London",OpenAI,it-jobs,,full_time,London,2026-09-02 17:05:43+00,2026-09-03,2026-09-03,221000,370000,295500.000000000000
5867233083,Senior Subject Matter Expert (SME) – Analytics - US Navy,TLN Worldwide Enterprises,energy-oil-gas-jobs,,full_time,,2026-09-02 17:03:48+00,2026-09-03,2026-09-03,140000,170000,155000.000000000000
5867232610,"(Senior) Backend Engineer, Maps",Wheely,it-jobs,,,London,2026-09-02 17:03:40+00,2026-09-03,2026-09-03,90000,120000,105000.000000000000
5867227706,Industry Architect - R&D,Microsoft,it-jobs,contract,full_time,South East England,2026-09-02 17:01:33+00,2026-09-03,2026-09-03,77600,132500,105050.000000000000
5867072630,Head of Performance Marketing,Recruitment Solutions  Ltd,pr-advertising-marketing-jobs,,full_time,North West England,2026-09-02 12:57:25+00,2026-09-03,2026-09-03,70000,80000,75000.000000000000
5867061977,Quantitative Analyst,Spectrum IT Recruitment,it-jobs,,full_time,London,2026-09-02 12:46:42+00,2026-09-03,2026-09-03,80000,100000,90000.000000000000
5867727691,Business Intelligence Analyst,Cathcart Technology,it-jobs,,full_time,Scotland,2026-09-03 00:08:37+00,2026-09-03,2026-09-03,35000,40000,37500.000000000000
5867645067,Sales Executive,Coburg Banks Limited,sales-jobs,,,London,2026-09-02 23:14:12+00,2026-09-03,2026-09-03,70000,70000,70000.000000000000
5867531679,Sales Executive,Coburg Banks Limited,sales-jobs,,full_time,London,2026-09-02 20:42:20+00,2026-09-03,2026-09-03,65000,70000,67500.000000000000
5867531666,Internal Account Manager,Alcedo Selection Limited,sales-jobs,,full_time,Eastern England,2026-09-02 20:42:19+00,2026-09-03,2026-09-03,30000,40000,35000.000000000000
5867515337,Business Intelligence Analyst,Cathcart Technology,it-jobs,,full_time,Scotland,2026-09-02 20:11:01+00,2026-09-03,2026-09-03,35000,40000,37500.000000000000
5867279864,IT Director,Linear Executive Search,it-jobs,,full_time,London,2026-09-02 17:21:19+00,2026-09-03,2026-09-03,110000,130000,120000.000000000000
5867279378,Finance Delivery Analyst,Experis,accounting-finance-jobs,contract,,West Midlands,2026-09-02 17:21:14+00,2026-09-03,2026-09-03,65000,77740,71370.000000000000
5867274332,Digital Product Manager London,DiSRUPT Agency,it-jobs,contract,full_time,London,2026-09-02 17:18:00+00,2026-09-03,2026-09-03,45000,60000,52500.000000000000
5867274328,Digital Product Manager Bristol,DiSRUPT Agency,it-jobs,contract,full_time,South West England,2026-09-02 17:18:00+00,2026-09-03,2026-09-03,45000,60000,52500.000000000000
5867274298,Digital Product Manager Windsor,DiSRUPT Agency,it-jobs,contract,full_time,South East England,2026-09-02 17:18:00+00,2026-09-03,2026-09-03,45000,60000,52500.000000000000
5867274325,Digital Product Manager Glasgow,DiSRUPT Agency,it-jobs,contract,full_time,Scotland,2026-09-02 17:18:00+00,2026-09-03,2026-09-03,45000,60000,52500.000000000000
5867274340,Digital Product Manager Manchester,DiSRUPT Agency,it-jobs,contract,full_time,North West England,2026-09-02 17:18:00+00,2026-09-03,2026-09-03,45000,60000,52500.000000000000
5867274253,Digital Product Manager Notts,DiSRUPT Agency,it-jobs,contract,full_time,East Midlands,2026-09-02 17:18:00+00,2026-09-03,2026-09-03,45000,60000,52500.000000000000
5867239459,Strategic Planning & Project Management Support,Prevailance,admin-jobs,,full_time,,2026-09-02 17:06:17+00,2026-09-03,2026-09-03,92000,112000,102000.000000000000
5867235554,General Manager 716,WhiteWater Express Car Wash,sales-jobs,,full_time,,2026-09-02 17:04:34+00,2026-09-03,2026-09-03,50000,55000,52500.000000000000
5867232769,Financial Controller,Chesterton House,accounting-finance-jobs,,full_time,East Midlands,2026-09-02 17:03:43+00,2026-09-03,2026-09-03,60000,70000,65000.000000000000
5867228412,Database & Digital Fundraising Manager,Whro,pr-advertising-marketing-jobs,,full_time,,2026-09-02 17:01:55+00,2026-09-03,2026-09-03,70000,80000,75000.000000000000
5867225096,Senior Marketing Analyst,Current,pr-advertising-marketing-jobs,,full_time,,2026-09-02 17:00:09+00,2026-09-03,2026-09-03,85000,130000,107500.000000000000
5867221183,Senior Cloud & AI Solution Area Specialist - Global Strategic Consumer Goods,Microsoft,it-jobs,contract,full_time,London,2026-09-02 16:57:28+00,2026-09-03,2026-09-03,95300,136100,115700.000000000000
5867110684,Chief Data Officer,Police Scotland,it-jobs,,part_time,Scotland,2026-09-02 13:39:04+00,2026-09-03,2026-09-03,100000,100000,100000.000000000000
5867043080,Head of MIS,Morgan Hunt Recruitment,it-jobs,permanent,full_time,Eastern England,2026-09-02 12:18:20+00,2026-09-03,2026-09-03,54292,60462,57377.000000000000
5866960230,Head of Data and Insight,Edinburgh Napier University,it-jobs,,full_time,Scotland,2026-09-02 11:52:48+00,2026-09-03,2026-09-03,65000,65000,65000.000000000000
5866868004,Chief Data Officer,Police Scotland,it-jobs,,full_time,Scotland,2026-09-02 11:21:59+00,2026-09-02,2026-09-03,111164,121906,116535.000000000000
5866803830,"Applications Manager - Epsom, Surrey",Royal Automobile Club,it-jobs,,,South East England,2026-09-02 10:26:14+00,2026-09-03,2026-09-03,63380,63380,63380.000000000000
5866718600,Business Intelligence Analyst - Facilities & Innovation,ABM UK,it-jobs,,full_time,London,2026-09-02 09:24:18+00,2026-09-02,2026-09-03,45000,45000,45000.000000000000
5866533572,CRM Officer,University of Salford,it-jobs,contract,,North West England,2026-09-02 05:56:35+00,2026-09-02,2026-09-03,35000,35000,35000.000000000000
5865304433,Strategic Customer Success Manager,MFK Recruitment Ltd,it-jobs,permanent,,South East England,2026-09-01 21:57:39+00,2026-09-02,2026-09-03,70000,70000,70000.000000000000
5865266346,CRM Officer,University of Salford,it-jobs,contract,,North West England,2026-09-01 21:39:27+00,2026-09-02,2026-09-03,35000,35000,35000.000000000000
5868679218,Senior Technical SEO Account Manager,Profile 29,pr-advertising-marketing-jobs,permanent,,,2026-09-03 11:31:03+00,2026-09-03,2026-09-03,65000,65000,65000.000000000000
5868679152,Senior Recruitment Consultant,Rec 2 Rec Search,consultancy-jobs,permanent,full_time,Yorkshire And The Humber,2026-09-03 11:31:01+00,2026-09-03,2026-09-03,50000,50000,50000.000000000000
5868678073,Marketing Automation Lead,South West Water,pr-advertising-marketing-jobs,permanent,,South West England,2026-09-03 11:30:01+00,2026-09-03,2026-09-03,45000,45000,45000.000000000000
5868678052,Operations Analyst,Alexander Steele Ltd,manufacturing-jobs,permanent,,Scotland,2026-09-03 11:29:59+00,2026-09-03,2026-09-03,40000,40000,40000.000000000000
5868632769,"Group People Officer - Leamington Spa, Warwickshire",Castlebridge Hospitality,hr-jobs,,,West Midlands,2026-09-03 10:53:56+00,2026-09-03,2026-09-03,41000,41000,41000.000000000000
5868632195,Online Delivery & Partnerships Manager - London,Thesleff Group,it-jobs,,full_time,London,2026-09-03 10:53:24+00,2026-09-03,2026-09-03,50000,55000,52500.000000000000
5868631376,Payroll Administrator - Manchester,Troo Hospitality,accounting-finance-jobs,,,North West England,2026-09-03 10:52:06+00,2026-09-03,2026-09-03,28000,30000,29000.000000000000
5868556056,.NET Developer,Noir,it-jobs,permanent,full_time,London,2026-09-03 09:48:23+00,2026-09-03,2026-09-03,75000,95000,85000.000000000000
5868476593,Supply & Demand Planner,PerkinElmer,logistics-warehouse-jobs,,full_time,East Midlands,2026-09-03 08:21:31+00,2026-09-03,2026-09-03,30000,36000,33000.000000000000
5868460482,Quality Technician,Eclectic Recruitment Ltd,manufacturing-jobs,permanent,,Eastern England,2026-09-03 07:33:28+00,2026-09-03,2026-09-03,35000,35000,35000.000000000000
5868460233,QA Technologist,Henderson Brown Recruitment Limited,manufacturing-jobs,permanent,,East Midlands,2026-09-03 07:32:57+00,2026-09-03,2026-09-03,30000,30000,30000.000000000000
5868460186,Commercial Manager,CBW Staffing Solutions Ltd,other-general-jobs,permanent,,London,2026-09-03 07:32:47+00,2026-09-03,2026-09-03,85000,85000,85000.000000000000
5868460178,Interim Merchandiser,Zachary Daniels,retail-jobs,permanent,,London,2026-09-03 07:32:47+00,2026-09-03,2026-09-03,45000,45000,45000.000000000000
5868460163,Procurement & Supplier Management Lead,Ayvens,logistics-warehouse-jobs,permanent,,South West England,2026-09-03 07:32:47+00,2026-09-03,2026-09-03,50000,50000,50000.000000000000
5868460156,Senior Supply Planner,Midas,logistics-warehouse-jobs,permanent,,South East England,2026-09-03 07:32:47+00,2026-09-03,2026-09-03,50000,50000,50000.000000000000
5868460161,Transport Supervisor,RE Group,logistics-warehouse-jobs,permanent,full_time,South West England,2026-09-03 07:32:47+00,2026-09-03,2026-09-03,40000,40000,40000.000000000000
5866763098,Educational Psychologist,Outcomes First Group,teaching-jobs,permanent,part_time,London,2026-09-02 09:57:05+00,2026-09-02,2026-09-02,60000,60000,60000.000000000000
5868457872,Data Analyst Placement Programme No Experience Needed,IT Online Learning,it-jobs,permanent,,Yorkshire And The Humber,2026-09-03 07:29:41+00,2026-09-03,2026-09-03,65000,65000,65000.000000000000
5868457216,Data Analyst Placement Programme No Experience Needed,IT Online Learning,it-jobs,permanent,,South West England,2026-09-03 07:28:37+00,2026-09-03,2026-09-03,65000,65000,65000.000000000000
5868148993,Quantitative Research Analyst,Spectrum It Recruitment Limited,it-jobs,permanent,,South East England,2026-09-03 03:52:39+00,2026-09-03,2026-09-03,75000,75000,75000.000000000000
5868148593,Chief Data Officer,Police Scotland,it-jobs,permanent,part_time,Scotland,2026-09-03 03:52:09+00,2026-09-03,2026-09-03,100000,100000,100000.000000000000
5868460170,"Operations Manager, Chinese Speaking, Freight, Logistics, Leeds, COR7673",Corriculo Ltd,logistics-warehouse-jobs,permanent,,Yorkshire And The Humber,2026-09-03 07:32:47+00,2026-09-03,2026-09-03,35000,35000,35000.000000000000
5868460033,Business Development Manager,Nextech Group Limited,sales-jobs,permanent,full_time,South East England,2026-09-03 07:32:32+00,2026-09-03,2026-09-03,55000,55000,55000.000000000000
5868459986,HR Business Partner,High Profile Resourcing Ltd,hr-jobs,permanent,,South West England,2026-09-03 07:32:26+00,2026-09-03,2026-09-03,50000,50000,50000.000000000000
5868459924,Senior Value Strategy Consultant,Walsh Employment,it-jobs,permanent,,London,2026-09-03 07:32:21+00,2026-09-03,2026-09-03,100000,100000,100000.000000000000
5868459200,Senior Ecommerce Executive,Zachary Daniels,retail-jobs,permanent,,North West England,2026-09-03 07:31:19+00,2026-09-03,2026-09-03,40000,40000,40000.000000000000
5868459127,Senior Project Manager,Hackajob Ltd,accounting-finance-jobs,permanent,,London,2026-09-03 07:31:10+00,2026-09-03,2026-09-03,100000,100000,100000.000000000000
5868459119,Data Solution Architect,Hackajob Ltd,it-jobs,permanent,,South East England,2026-09-03 07:31:09+00,2026-09-03,2026-09-03,85000,85000,85000.000000000000
5868458984,Plant Genomics and Variation Team Leader,EMBL-EBI,scientific-qa-jobs,contract,,Eastern England,2026-09-03 07:31:06+00,2026-09-03,2026-09-03,100000,100000,100000.000000000000
5868458978,Senior KYC Onboarding Specialist,Bucks & Berks Recruitment PLC,accounting-finance-jobs,permanent,,South East England,2026-09-03 07:31:06+00,2026-09-03,2026-09-03,45000,45000,45000.000000000000
5868458837,Senior / Principal Transport Planner,ALDWYCH CONSULTING LTD,trade-construction-jobs,permanent,,South West England,2026-09-03 07:30:54+00,2026-09-03,2026-09-03,60000,60000,60000.000000000000
5868458787,Management Accountant,JMF ASSOCIATES,accounting-finance-jobs,permanent,,South East England,2026-09-03 07:30:49+00,2026-09-03,2026-09-03,65000,65000,65000.000000000000
5868458781,Management Accountant (Stock),Kennedy Pearce Consulting,accounting-finance-jobs,permanent,,Eastern England,2026-09-03 07:30:48+00,2026-09-03,2026-09-03,60000,60000,60000.000000000000
5868458774,Management Accountant,Juice Recruitment Ltd,accounting-finance-jobs,permanent,,South West England,2026-09-03 07:30:48+00,2026-09-03,2026-09-03,60000,60000,60000.000000000000
5868458729,Financial Ledger Officer,Niyaa People,accounting-finance-jobs,permanent,,West Midlands,2026-09-03 07:30:47+00,2026-09-03,2026-09-03,30000,30000,30000.000000000000
5868458743,Senior Group Accountant,Astute Recruitment Limited,accounting-finance-jobs,permanent,,West Midlands,2026-09-03 07:30:47+00,2026-09-03,2026-09-03,70000,70000,70000.000000000000
5868458739,Credit Control - Part Time Administrator - 12 FTC Maternity Cover,Centric Talent,part-time-jobs,contract,part_time,Yorkshire And The Humber,2026-09-03 07:30:47+00,2026-09-03,2026-09-03,31200,31200,31200.000000000000
5868458705,People Partner 12-month FTC,Oakleaf Partnership,hr-jobs,contract,full_time,South East England,2026-09-03 07:30:47+00,2026-09-03,2026-09-03,65000,65000,65000.000000000000
5868458745,Accountant,Hays,accounting-finance-jobs,permanent,,Wales,2026-09-03 07:30:47+00,2026-09-03,2026-09-03,40000,40000,40000.000000000000
5868458647,Driving Range Manager,Golf,hospitality-catering-jobs,permanent,,West Midlands,2026-09-03 07:30:39+00,2026-09-03,2026-09-03,30000,30000,30000.000000000000
5868458628,Corporate Health and Safety Advisor,Essential Employment,hr-jobs,contract,full_time,South East England,2026-09-03 07:30:37+00,2026-09-03,2026-09-03,54579,54579,54579.000000000000
5870168720,Data Analytics Engineer,Asset Resourcing,it-jobs,permanent,,South West England,2026-09-04 07:34:22+00,2026-09-04,2026-09-04,60000,60000,60000.000000000000
5870168113,Deputy Examinations Officer,Eton College,teaching-jobs,permanent,,South East England,2026-09-04 07:33:29+00,2026-09-04,2026-09-04,40000,40000,40000.000000000000
5870167398,Data Analyst Placement Programme No Experience Needed,IT Online Learning,it-jobs,permanent,,Yorkshire And The Humber,2026-09-04 07:31:55+00,2026-09-04,2026-09-04,65000,65000,65000.000000000000
5869887072,Trainee Project Manager - no experience needed,NEWTO TRAINING LIMITED,it-jobs,permanent,full_time,Wales,2026-09-04 03:33:23+00,2026-09-04,2026-09-04,55000,55000,55000.000000000000
5869887071,Trainee Project Manager - no experience needed,NEWTO TRAINING LIMITED,it-jobs,permanent,full_time,Scotland,2026-09-04 03:33:23+00,2026-09-04,2026-09-04,55000,55000,55000.000000000000
5869887066,Trainee Project Manager - no experience needed,NEWTO TRAINING LIMITED,it-jobs,permanent,full_time,Yorkshire And The Humber,2026-09-04 03:33:23+00,2026-09-04,2026-09-04,55000,55000,55000.000000000000
5869886960,Transaction Monitoring Implementation Data Analyst,Harvey Nash,it-jobs,contract,,Northern Ireland,2026-09-04 03:33:21+00,2026-09-04,2026-09-04,130000,135200,132600.000000000000
5869886955,Trainee Data Analyst No Experience Required,NEWTO TRAINING LIMITED,it-jobs,permanent,,Yorkshire And The Humber,2026-09-04 03:33:20+00,2026-09-04,2026-09-04,65000,65000,65000.000000000000
5869886950,Trainee Data Analyst No Experience Required,NEWTO TRAINING LIMITED,it-jobs,permanent,,Yorkshire And The Humber,2026-09-04 03:33:20+00,2026-09-04,2026-09-04,65000,65000,65000.000000000000
5869886953,Trainee Data Analyst No Experience Required,NEWTO TRAINING LIMITED,it-jobs,permanent,,Wales,2026-09-04 03:33:20+00,2026-09-04,2026-09-04,65000,65000,65000.000000000000
5869886952,Trainee Data Analyst No Experience Required,NEWTO TRAINING LIMITED,it-jobs,permanent,,South West England,2026-09-04 03:33:20+00,2026-09-04,2026-09-04,65000,65000,65000.000000000000
5869886957,Trainee Data Analyst No Experience Required,NEWTO TRAINING LIMITED,it-jobs,permanent,,Scotland,2026-09-04 03:33:20+00,2026-09-04,2026-09-04,65000,65000,65000.000000000000
5869886951,Trainee Data Analyst No Experience Required,NEWTO TRAINING LIMITED,it-jobs,permanent,,North West England,2026-09-04 03:33:20+00,2026-09-04,2026-09-04,65000,65000,65000.000000000000
5869886956,Trainee Data Analyst No Experience Required,NEWTO TRAINING LIMITED,it-jobs,permanent,,Scotland,2026-09-04 03:33:20+00,2026-09-04,2026-09-04,65000,65000,65000.000000000000
5869883206,Entry Level Data Consultant No Experience Required,NEWTO TRAINING LIMITED,it-jobs,permanent,,Scotland,2026-09-04 03:31:23+00,2026-09-04,2026-09-04,65000,65000,65000.000000000000
5869622943,Entry Level Data Consultant No Experience Required,NEWTO TRAINING LIMITED,it-jobs,permanent,,North West England,2026-09-03 23:36:34+00,2026-09-04,2026-09-04,65000,65000,65000.000000000000
5869622491,Entry Level Data Consultant No Experience Required,NEWTO TRAINING LIMITED,it-jobs,permanent,,Yorkshire And The Humber,2026-09-03 23:36:03+00,2026-09-04,2026-09-04,65000,65000,65000.000000000000
5869622486,Entry Level Data Consultant No Experience Required,NEWTO TRAINING LIMITED,it-jobs,permanent,,Scotland,2026-09-03 23:36:02+00,2026-09-04,2026-09-04,65000,65000,65000.000000000000
5869622484,Entry Level Data Consultant No Experience Required,NEWTO TRAINING LIMITED,it-jobs,permanent,,Scotland,2026-09-03 23:36:02+00,2026-09-04,2026-09-04,65000,65000,65000.000000000000
5869622483,Entry Level Data Consultant No Experience Required,NEWTO TRAINING LIMITED,it-jobs,permanent,,West Midlands,2026-09-03 23:36:01+00,2026-09-04,2026-09-04,65000,65000,65000.000000000000
5869549945,Trainee Project Manager - no experience needed,NEWTO TRAINING LIMITED,it-jobs,,full_time,Scotland,2026-09-03 21:46:48+00,2026-09-04,2026-09-04,55000,55000,55000.000000000000
5869457182,Deputy Examinations Officer,Eton College,teaching-jobs,,full_time,South East England,2026-09-03 18:09:41+00,2026-09-04,2026-09-04,37500,40000,38750.000000000000
5869444118,Business Data Analyst,Randstad Technologies Recruitment,it-jobs,contract,,London,2026-09-03 18:00:23+00,2026-09-04,2026-09-04,65000,72800,68900.000000000000
5869444098,Data Analyst,Third Nexus Group Limited,it-jobs,contract,,East Midlands,2026-09-03 18:00:15+00,2026-09-04,2026-09-04,78000,91000,84500.000000000000
5869444100,Business Data Analyst,Randstad Technologies Recruitment,it-jobs,contract,,London,2026-09-03 18:00:15+00,2026-09-04,2026-09-04,52000,65000,58500.000000000000
5869213473,Senior Data Analyst,tem,it-jobs,,full_time,,2026-09-03 16:58:45+00,2026-09-04,2026-09-04,75000,92500,83750.000000000000
5869151509,Business Analyst,EF Recruitment,it-jobs,contract,,London,2026-09-03 16:40:29+00,2026-09-04,2026-09-04,65000,67600,66300.000000000000
5869105942,Senior Data Analyst,Brian Durham Recruitment Services,it-jobs,,full_time,London,2026-09-03 16:30:11+00,2026-09-04,2026-09-04,60000,80000,70000.000000000000
5868984171,Data Analyst,MCS Group,it-jobs,,,Northern Ireland,2026-09-03 15:30:32+00,2026-09-04,2026-09-04,40000,40000,40000.000000000000
5868918352,Data Analyst,Chiltern Railways,engineering-jobs,permanent,full_time,South East England,2026-09-03 14:11:46+00,2026-09-04,2026-09-04,35000,40000,37500.000000000000
5868906237,Junior Digital Analyst,Harnham - Data & Analytics Recruitment,it-jobs,,full_time,North West England,2026-09-03 13:54:05+00,2026-09-04,2026-09-04,40000,45000,42500.000000000000
5868906243,Digital Analyst,Harnham - Data & Analytics Recruitment,it-jobs,,full_time,North West England,2026-09-03 13:54:05+00,2026-09-04,2026-09-04,40000,45000,42500.000000000000
5868806004,Lead Data Analyst,RedCat Digital,it-jobs,,full_time,London,2026-09-03 12:34:12+00,2026-09-04,2026-09-04,65000,105000,85000.000000000000
5868805873,Data Analyst,Scrumconnect Consulting,it-jobs,,full_time,South East England,2026-09-03 12:34:10+00,2026-09-04,2026-09-04,53000,93000,73000.000000000000
5868805681,Business & Data Analyst,Exposed Solutions,it-jobs,,full_time,South East England,2026-09-03 12:34:06+00,2026-09-04,2026-09-04,30000,32000,31000.000000000000
5868804734,Data Analyst,Artis Recruitment,it-jobs,permanent,full_time,South West England,2026-09-03 12:33:52+00,2026-09-04,2026-09-04,28000,35000,31500.000000000000
5868804757,Data Analyst,V7 Recruitment,it-jobs,,full_time,North West England,2026-09-03 12:33:52+00,2026-09-04,2026-09-04,29000,30000,29500.000000000000
5868767979,CAD Data Analyst,Public Sector Resourcing,it-jobs,,full_time,London,2026-09-03 12:05:55+00,2026-09-04,2026-09-04,37700,42350,40025.000000000000
5868767667,Data Analyst - Marston Green,VIQU IT,it-jobs,,full_time,West Midlands,2026-09-03 12:05:53+00,2026-09-04,2026-09-04,30000,35000,32500.000000000000
5870168986,Elasticsearch Consultant,Identifi Global Resources Ltd,it-jobs,contract,,West Midlands,2026-09-04 07:34:55+00,2026-09-04,2026-09-04,130446,130446,130446.000000000000
5870168295,Data Architect,Essential Employment,it-jobs,contract,full_time,East Midlands,2026-09-04 07:33:42+00,2026-09-04,2026-09-04,63003,84468,73735.500000000000
5870167714,Forward Deployed AI Engineer,Fruition Group,it-jobs,permanent,,Yorkshire And The Humber,2026-09-04 07:32:53+00,2026-09-04,2026-09-04,100000,100000,100000.000000000000
5870167476,Head of Data & AI,Asset Resourcing,it-jobs,permanent,,East Midlands,2026-09-04 07:32:17+00,2026-09-04,2026-09-04,100000,100000,100000.000000000000
5870167399,Data Engineer,Data Careers,it-jobs,permanent,,East Midlands,2026-09-04 07:31:55+00,2026-09-04,2026-09-04,50000,50000,50000.000000000000
5870167392,Senior & mid-level Data Platform Engineers,ITSS Recruitment Ltd,it-jobs,permanent,,North West England,2026-09-04 07:31:55+00,2026-09-04,2026-09-04,100000,100000,100000.000000000000
5869891535,Data Engineer,Data Careers,it-jobs,permanent,full_time,East Midlands,2026-09-04 03:35:27+00,2026-09-04,2026-09-04,50000,54000,52000.000000000000
5869884352,Cloud Engineer - AWS Python,Hireful,it-jobs,permanent,,South West England,2026-09-04 03:31:58+00,2026-09-04,2026-09-04,70000,70000,70000.000000000000
5869805011,Microsoft Fabric SME,Focus Cloud Group,it-jobs,contract,full_time,London,2026-09-04 02:31:31+00,2026-09-04,2026-09-04,169000,182000,175500.000000000000
5869805018,Data and Ingestion Engineer - Robotics Sector,Focus Cloud Group,it-jobs,contract,full_time,London,2026-09-04 02:31:31+00,2026-09-04,2026-09-04,156000,169000,162500.000000000000
5869660416,Principle Data Lead,83zero Ltd,it-jobs,contract,,South West England,2026-09-04 00:45:53+00,2026-09-04,2026-09-04,91000,104000,97500.000000000000
5869559754,Data Engineer,Tenth Revolution Group,it-jobs,,full_time,West Midlands,2026-09-03 22:06:56+00,2026-09-04,2026-09-04,60000,60000,60000.000000000000
5869559768,Data Engineer,Tenth Revolution Group,it-jobs,,full_time,South East England,2026-09-03 22:06:56+00,2026-09-04,2026-09-04,60000,60000,60000.000000000000
5869559741,Data Engineer,Tenth Revolution Group,it-jobs,,full_time,South West England,2026-09-03 22:06:55+00,2026-09-04,2026-09-04,60000,60000,60000.000000000000
5869559740,Data Engineer,Tenth Revolution Group,it-jobs,,full_time,South East England,2026-09-03 22:06:55+00,2026-09-04,2026-09-04,60000,60000,60000.000000000000
5869559597,DevOps Engineer- London,FDM Group,it-jobs,contract,full_time,London,2026-09-03 22:06:50+00,2026-09-04,2026-09-04,80000,90000,85000.000000000000
5869559553,Data Engineer,Tenth Revolution Group,it-jobs,,full_time,South West England,2026-09-03 22:06:48+00,2026-09-04,2026-09-04,60000,60000,60000.000000000000
5869559555,Data Engineer,Tenth Revolution Group,it-jobs,,full_time,South East England,2026-09-03 22:06:48+00,2026-09-04,2026-09-04,60000,60000,60000.000000000000
5869559560,Data Engineer,Tenth Revolution Group,it-jobs,,full_time,South West England,2026-09-03 22:06:48+00,2026-09-04,2026-09-04,60000,60000,60000.000000000000
5869554812,Senior AI Engineering Consultant,Lynx Recruitment Limited,it-jobs,,,London,2026-09-03 21:53:03+00,2026-09-04,2026-09-04,80000,80000,80000.000000000000
5869552171,Data Engineer,Sanderson Recruitment,it-jobs,contract,,Wales,2026-09-03 21:49:38+00,2026-09-04,2026-09-04,156000,182000,169000.000000000000
5869552141,Lead Data Engineer,IO Associates,it-jobs,,,London,2026-09-03 21:49:37+00,2026-09-04,2026-09-04,104000,143000,123500.000000000000
5869552145,Senior Data Engineer Microsoft Fabric Azure data,Huxley Associates,it-jobs,permanent,,London,2026-09-03 21:49:37+00,2026-09-04,2026-09-04,75000,75000,75000.000000000000
5869551809,Senior AI Engineering Consultant,Lynx Recruitment Limited,it-jobs,,,North West England,2026-09-03 21:49:04+00,2026-09-04,2026-09-04,80000,80000,80000.000000000000
5869549720,GCP data engineer,EUROPEAN SOFTWARE SOLUTIONS  LIMITED,it-jobs,,,South West England,2026-09-03 21:46:43+00,2026-09-04,2026-09-04,130000,130000,130000.000000000000
5869548176,Senior Data Engineer Microsoft Fabric Azure data,SThree UK,it-jobs,permanent,full_time,London,2026-09-03 21:41:05+00,2026-09-04,2026-09-04,50000,75000,62500.000000000000
5869494000,Senior Data Engineer,Brio Digital,it-jobs,contract,,Yorkshire And The Humber,2026-09-03 20:34:48+00,2026-09-04,2026-09-04,130000,143000,136500.000000000000
5869493996,Senior & mid-level Data Platform Engineers,ITSS Recruitment,it-jobs,,full_time,North West England,2026-09-03 20:34:47+00,2026-09-04,2026-09-04,70000,100000,85000.000000000000
5869444136,Data Engineer,Synergy Resourcing Solutions Limited,it-jobs,,full_time,London,2026-09-03 18:00:33+00,2026-09-04,2026-09-04,80000,90000,85000.000000000000
5869444117,Senior Data Engineer Microsoft Fabric Azure data,Huxley Associates,it-jobs,permanent,full_time,London,2026-09-03 18:00:23+00,2026-09-04,2026-09-04,50000,75000,62500.000000000000
5869394254,Data Engineers (IT),LA International Computer Consultants Ltd,it-jobs,permanent,,London,2026-09-03 17:46:58+00,2026-09-04,2026-09-04,65000,65000,65000.000000000000
5869219847,Senior BI Developer,Compass Community,it-jobs,,full_time,West Midlands,2026-09-03 17:00:40+00,2026-09-04,2026-09-04,75000,75000,75000.000000000000
5869202628,Senior Staff Front End Engineer,Matillion,it-jobs,,full_time,North West England,2026-09-03 16:55:20+00,2026-09-04,2026-09-04,76000,114000,95000.000000000000
5869193216,Data Engineer - Hybrid,Cygnet Health Care,it-jobs,,full_time,West Midlands,2026-09-03 16:52:14+00,2026-09-04,2026-09-04,60000,60000,60000.000000000000
5869183304,Senior Data Quality Assurance Analyst,Islington Council,it-jobs,,full_time,London,2026-09-03 16:49:58+00,2026-09-04,2026-09-04,54360,57495,55927.500000000000
5869166760,"Member of Technical Staff - Applied AI Lead, Health",Microsoft,engineering-jobs,contract,full_time,London,2026-09-03 16:44:50+00,2026-09-04,2026-09-04,93500,161800,127650.000000000000
5869165351,2027 Graduate Analyst,Zopa,graduate-jobs,,full_time,London,2026-09-03 16:44:25+00,2026-09-04,2026-09-04,45000,45000,45000.000000000000
5870229370,Data Officer - GLA15907,Glasgow,it-jobs,,,,2026-09-04 08:48:48+00,2026-09-04,2026-09-04,40001,50000,45000.500000000000
5870198856,Digital Marketing Manager,Brellis Recruitment,pr-advertising-marketing-jobs,,,North West England,2026-09-04 08:25:36+00,2026-09-04,2026-09-04,38000,39684,38842.000000000000
5870167501,AI Engineer Placement Programme No Experience Needed,IT Online Learning,it-jobs,permanent,,West Midlands,2026-09-04 07:32:23+00,2026-09-04,2026-09-04,75000,75000,75000.000000000000
5870166999,AI Engineer Placement Programme No Experience Needed,IT Online Learning,it-jobs,permanent,,London,2026-09-04 07:30:16+00,2026-09-04,2026-09-04,75000,75000,75000.000000000000
5869881757,Embedded Machine Learning Engineer,KO2 Embedded Recruitment Solutions LTD,engineering-jobs,permanent,,Scotland,2026-09-04 03:30:51+00,2026-09-04,2026-09-04,70000,70000,70000.000000000000
5869804784,Events Product Producer,Trust in SODA,it-jobs,contract,full_time,London,2026-09-04 02:31:29+00,2026-09-04,2026-09-04,78000,117000,97500.000000000000
5869804805,Data Insights Lead,The Opportunity Hub UK,pr-advertising-marketing-jobs,permanent,full_time,London,2026-09-04 02:31:29+00,2026-09-04,2026-09-04,35000,45000,40000.000000000000
5869804839,Junior English Linguistics Analyst,The Opportunity Hub UK,it-jobs,permanent,full_time,London,2026-09-04 02:31:29+00,2026-09-04,2026-09-04,25000,28000,26500.000000000000
5869784247,Embedded Linux Engineer,Hexwired Recruitment Limited,it-jobs,,full_time,Eastern England,2026-09-04 02:05:46+00,2026-09-04,2026-09-04,65000,80000,72500.000000000000
5869559693,Principal AI Engineer,Picture More,it-jobs,permanent,full_time,London,2026-09-03 22:06:53+00,2026-09-04,2026-09-04,90000,110000,100000.000000000000
5869484014,Personal Trainer - Kensington,Ultimate Performance,hr-jobs,,full_time,London,2026-09-03 19:40:54+00,2026-09-04,2026-09-04,30800,30800,30800.000000000000
5869484015,Personal Trainer - London,Ultimate Performance,hr-jobs,,full_time,London,2026-09-03 19:40:54+00,2026-09-04,2026-09-04,30800,30800,30800.000000000000
5869475738,"Personal Trainer - Canary Wharf, Wood Wharf",Ultimate Performance,hr-jobs,,full_time,,2026-09-03 18:40:37+00,2026-09-04,2026-09-04,30800,30800,30800.000000000000
5869475737,Personal Trainer - Chelsea,Ultimate Performance,hr-jobs,,full_time,London,2026-09-03 18:40:37+00,2026-09-04,2026-09-04,30800,30800,30800.000000000000
5869219270,Senior Software Engineer,Attest,engineering-jobs,,full_time,London,2026-09-03 17:00:22+00,2026-09-04,2026-09-04,85000,95000,90000.000000000000
5869622506,Health and Safety Coordinator,Morson Edge,admin-jobs,permanent,,North West England,2026-09-03 23:36:08+00,2026-09-04,2026-09-04,35000,35000,35000.000000000000
5869551992,Health and Safety Coordinator,Morson Edge,admin-jobs,,,North West England,2026-09-03 21:49:21+00,2026-09-04,2026-09-04,35000,35000,35000.000000000000
5869548912,Workforce Insights and Compliance Analyst,Elysium Healthcare,hr-jobs,,,Eastern England,2026-09-03 21:43:42+00,2026-09-04,2026-09-04,35000,35000,35000.000000000000
5869514649,Health and Safety Coordinator,Anderselite,admin-jobs,,full_time,North West England,2026-09-03 20:47:22+00,2026-09-04,2026-09-04,30000,35000,32500.000000000000
5869492375,Workforce Insights and Compliance Analyst FTC,Elysium Healthcare,hr-jobs,permanent,full_time,Eastern England,2026-09-03 20:30:21+00,2026-09-04,2026-09-04,32000,35000,33500.000000000000
5869472564,Property Asset Data Manager,MMP Consultancy,property-jobs,contract,full_time,South East England,2026-09-03 18:14:30+00,2026-09-04,2026-09-04,78000,130000,104000.000000000000
5869452153,Junior Business Intelligence Analyst,Navitas,it-jobs,permanent,full_time,South East England,2026-09-03 18:08:10+00,2026-09-04,2026-09-04,26000,32000,29000.000000000000
5869442923,Junior Business Intelligence Analyst,Navitas,it-jobs,permanent,full_time,South East England,2026-09-03 17:59:05+00,2026-09-04,2026-09-04,26000,32000,29000.000000000000
5869168198,Head of HSEQ Performance and Compliance,Network Plus,it-jobs,,full_time,North West England,2026-09-03 16:45:07+00,2026-09-04,2026-09-04,80000,95000,87500.000000000000
5869163992,Business Systems Specialist (HR),Heriot-Watt University,it-jobs,,full_time,Scotland,2026-09-03 16:44:06+00,2026-09-04,2026-09-04,37694,47389,42541.500000000000
5869162817,Interim Systems accountant,Hays Senior Finance,it-jobs,contract,,Scotland,2026-09-03 16:43:47+00,2026-09-04,2026-09-04,52000,71500,61750.000000000000
5869159490,Business Systems Specialist (Finance),Heriot-Watt University,it-jobs,,full_time,Scotland,2026-09-03 16:42:49+00,2026-09-04,2026-09-04,37694,47389,42541.500000000000
5869156720,"Regional Vice President, Europe (RVP, EU)",Sitemate,sales-jobs,,full_time,London,2026-09-03 16:41:59+00,2026-09-04,2026-09-04,150000,200000,175000.000000000000
5869079660,Reporting and Analysis Manager,Carrington West,it-jobs,,full_time,West Midlands,2026-09-03 16:23:58+00,2026-09-04,2026-09-04,55687,65514,60600.500000000000
5868918238,Revenue Manager,Chiltern Railways,accounting-finance-jobs,permanent,full_time,South East England,2026-09-03 14:11:41+00,2026-09-04,2026-09-04,40000,44000,42000.000000000000
5868913960,Management Accountant,Prestige Talent Partners Ltd,accounting-finance-jobs,,full_time,North West England,2026-09-03 14:02:42+00,2026-09-04,2026-09-04,35000,45000,40000.000000000000
5868805982,Data & Reporting Specialist / Business Intelligence Analyst,Circom Limited,it-jobs,,full_time,West Midlands,2026-09-03 12:34:12+00,2026-09-04,2026-09-04,30000,40000,35000.000000000000
5868805933,Business Intelligence and Improvement Lead,Cunninghame Housing Assocation,it-jobs,,full_time,Scotland,2026-09-03 12:34:11+00,2026-09-04,2026-09-04,51075,55259,53167.000000000000
5868805944,Business Intelligence Analyst,Cathcart Technology,it-jobs,,full_time,Scotland,2026-09-03 12:34:11+00,2026-09-04,2026-09-04,35000,40000,37500.000000000000
5868805133,SAP Business One Consultant,SSA Digital Recruitment,it-jobs,permanent,full_time,London,2026-09-03 12:33:57+00,2026-09-04,2026-09-04,65000,80000,72500.000000000000
5868804484,Senior Data Engineer,Tech4 Ltd,it-jobs,,full_time,South East England,2026-09-03 12:33:49+00,2026-09-04,2026-09-04,60000,65000,62500.000000000000
5868767995,Data Visualisation Designer,SRT Marine Systems plc,it-jobs,,full_time,South West England,2026-09-03 12:05:55+00,2026-09-04,2026-09-04,45000,65000,55000.000000000000
5868767517,Business Intelligence Analyst,Lioness Recruitment Ltd,it-jobs,,full_time,East Midlands,2026-09-03 12:05:51+00,2026-09-04,2026-09-04,37500,38400,37950.000000000000
5868767510,Business Intelligence Analyst,Police Scotland,it-jobs,contract,full_time,Scotland,2026-09-03 12:05:51+00,2026-09-04,2026-09-04,39590,39590,39590.000000000000
5868457878,Data Analyst Placement Programme No Experience Needed,IT Online Learning,it-jobs,permanent,,Wales,2026-09-03 07:29:42+00,2026-09-03,2026-09-04,65000,65000,65000.000000000000
5868457898,Data Analyst Placement Programme No Experience Needed,IT Online Learning,it-jobs,permanent,,North West England,2026-09-03 07:29:42+00,2026-09-03,2026-09-04,65000,65000,65000.000000000000
5868457874,Data Analyst Placement Programme No Experience Needed,IT Online Learning,it-jobs,permanent,,Scotland,2026-09-03 07:29:41+00,2026-09-03,2026-09-04,65000,65000,65000.000000000000
5868417643,Finance/Business Analyst Internship,The Opportunity Hub UK,it-jobs,permanent,,South East England,2026-09-03 06:33:28+00,2026-09-03,2026-09-04,25000,25000,25000.000000000000
5870409449,Quality and Compliance Officer - Doncaster,Hesley Group,social-work-jobs,,,Yorkshire And The Humber,2026-09-04 11:05:53+00,2026-09-04,2026-09-04,35414,35414,35414.000000000000
5870409277,Deputy General Manager - Blandford Saint Mary,Hall & Woodhouse Ltd,hospitality-catering-jobs,permanent,,South West England,2026-09-04 11:05:24+00,2026-09-04,2026-09-04,40000,40000,40000.000000000000
5870409272,Deputy General Manager - Portishead,Hall & Woodhouse Ltd,hospitality-catering-jobs,,,South West England,2026-09-04 11:05:24+00,2026-09-04,2026-09-04,35500,35500,35500.000000000000
5870409201,General Manager - The Charterhouse Club,Leisure People Recruitment,hospitality-catering-jobs,,,South East England,2026-09-04 11:05:23+00,2026-09-04,2026-09-04,45000,50000,47500.000000000000
5870384129,Deputy General Manager Designate - London,Hall & Woodhouse Managed Houses,hospitality-catering-jobs,permanent,full_time,,2026-09-04 10:45:11+00,2026-09-04,2026-09-04,40000,40000,40000.000000000000
5870313715,Resourcing & Rota Coordinator (GP’s),DrPA Secure,hr-jobs,contract,full_time,London,2026-09-04 10:10:39+00,2026-09-04,2026-09-04,33000,35000,34000.000000000000
5870313461,English Teacher,Supply Desk,teaching-jobs,contract,,South East England,2026-09-04 10:10:31+00,2026-09-04,2026-09-04,34398,52490,43444.000000000000
5870290134,Environmental Advisor,FYBA Talent,engineering-jobs,,full_time,Scotland,2026-09-04 10:03:45+00,2026-09-04,2026-09-04,50000,55000,52500.000000000000
5870263771,Trainee Systems Engineer,Experis UK,it-jobs,permanent,full_time,Scotland,2026-09-04 09:41:15+00,2026-09-04,2026-09-04,40000,40000,40000.000000000000
5870229641,Strategic Services Assistant - ERN06540,EAST RENFREWSHIRE COUNCIL,admin-jobs,,,,2026-09-04 08:48:57+00,2026-09-04,2026-09-04,30001,40000,35000.500000000000
5870229621,Mid Market Rental Officer- Allan Water House - 102352 - 485240,Stirling Council,customer-services-jobs,contract,part_time,Scotland,2026-09-04 08:48:57+00,2026-09-04,2026-09-04,40001,50000,45000.500000000000
5870229359,Empty Homes Officer - DEE06690,Dundee City Council,property-jobs,contract,full_time,Scotland,2026-09-04 08:48:48+00,2026-09-04,2026-09-04,30001,40000,35000.500000000000
5870229102,Digital Officer - DEE06673,Dundee City Council,it-jobs,,full_time,Scotland,2026-09-04 08:48:39+00,2026-09-04,2026-09-04,40001,50000,45000.500000000000
5870169860,Quality Control Inspector,Guidant Global,engineering-jobs,contract,full_time,South East England,2026-09-04 07:36:39+00,2026-09-04,2026-09-04,58701,58701,58701.000000000000
5870169811,Assistant Manager,Zachary Daniels,sales-jobs,permanent,,London,2026-09-04 07:36:30+00,2026-09-04,2026-09-04,45000,45000,45000.000000000000
5870169791,Procurement Lead,Vacancy,retail-jobs,contract,,Eastern England,2026-09-04 07:36:30+00,2026-09-04,2026-09-04,40000,40000,40000.000000000000
5870169808,Town Planning Assistant,South West Water,trade-construction-jobs,permanent,,South West England,2026-09-04 07:36:30+00,2026-09-04,2026-09-04,35000,35000,35000.000000000000
5870169782,Transport Planner,Great Bear,logistics-warehouse-jobs,permanent,full_time,West Midlands,2026-09-04 07:36:29+00,2026-09-04,2026-09-04,30000,30000,30000.000000000000
5870169691,Business Development Manager,WALLACE HIND SELECTION LIMITED,sales-jobs,permanent,,South East England,2026-09-04 07:36:16+00,2026-09-04,2026-09-04,45000,65000,55000.000000000000
5870169664,Business Development Manager,WALLACE HIND SELECTION LIMITED,sales-jobs,permanent,,Yorkshire And The Humber,2026-09-04 07:36:15+00,2026-09-04,2026-09-04,45000,65000,55000.000000000000
5870169680,Programme Management Business Partner,Rated Traders Ltd,consultancy-jobs,contract,,Wales,2026-09-04 07:36:15+00,2026-09-04,2026-09-04,62400,62400,62400.000000000000
5870169496,QA Technologist,Henderson Brown Recruitment Limited,manufacturing-jobs,permanent,,East Midlands,2026-09-04 07:36:05+00,2026-09-04,2026-09-04,30000,30000,30000.000000000000
5870169404,Business Assurance Advisor,VVB ENGINEERING  LIMITED,admin-jobs,,,London,2026-09-04 07:35:55+00,2026-09-04,2026-09-04,45000,45000,45000.000000000000
5870169406,Senior Assistant Merchandiser,Zachary Daniels,logistics-warehouse-jobs,permanent,,North West England,2026-09-04 07:35:55+00,2026-09-04,2026-09-04,30000,30000,30000.000000000000
5870169338,Commercial Manager - Civils,HAYS,trade-construction-jobs,permanent,full_time,Eastern England,2026-09-04 07:35:49+00,2026-09-04,2026-09-04,70000,70000,70000.000000000000
5870169318,"Operations Manager, Chinese Speaking, Freight, Logistics, Leeds, COR7673",Corriculo Ltd,logistics-warehouse-jobs,permanent,,Yorkshire And The Humber,2026-09-04 07:35:49+00,2026-09-04,2026-09-04,35000,35000,35000.000000000000
5870169298,Planning Officer,South West Water,trade-construction-jobs,permanent,,South West England,2026-09-04 07:35:48+00,2026-09-04,2026-09-04,40000,40000,40000.000000000000
5870169305,Project Management Trainer,We Are Fr Group,teaching-jobs,contract,,Northern Ireland,2026-09-04 07:35:48+00,2026-09-04,2026-09-04,71500,84500,78000.000000000000
5870169263,Head of Pre-Sales,Hackajob Ltd,it-jobs,permanent,,London,2026-09-04 07:35:44+00,2026-09-04,2026-09-04,90000,90000,90000.000000000000
5870169223,Bid Manager,Coventry University Group,teaching-jobs,contract,full_time,West Midlands,2026-09-04 07:35:24+00,2026-09-04,2026-09-04,40000,40000,40000.000000000000
5870169182,Business Development Manager,WALLACE HIND SELECTION LIMITED,sales-jobs,permanent,,South West England,2026-09-04 07:35:23+00,2026-09-04,2026-09-04,45000,65000,55000.000000000000
5870169190,Business Development Manager SE,WALLACE HIND SELECTION LIMITED,sales-jobs,permanent,,Eastern England,2026-09-04 07:35:23+00,2026-09-04,2026-09-04,65000,65000,65000.000000000000
5870169178,Maintenance Manager - Manufacturing,Glen Callum Associates Ltd,engineering-jobs,permanent,,West Midlands,2026-09-04 07:35:22+00,2026-09-04,2026-09-04,70000,70000,70000.000000000000
5870169157,Human Resources (HR) Manager,Robert Half Limited,hr-jobs,permanent,full_time,South West England,2026-09-04 07:35:20+00,2026-09-04,2026-09-04,40000,40000,40000.000000000000
5870168994,Technical Administrator,Certain Advantage,engineering-jobs,contract,,Eastern England,2026-09-04 07:34:55+00,2026-09-04,2026-09-04,50315,50315,50315.000000000000
5870168951,Stock & Systems Controller,Zachary Daniels,it-jobs,permanent,,North West England,2026-09-04 07:34:54+00,2026-09-04,2026-09-04,30000,30000,30000.000000000000
5870168845,SEO Executive,Talent-Relay Limited,it-jobs,contract,full_time,London,2026-09-04 07:34:38+00,2026-09-04,2026-09-04,57396,57396,57396.000000000000
5870168851,Senior Design Manager (MEP),VVB ENGINEERING  LIMITED,engineering-jobs,contract,,London,2026-09-04 07:34:38+00,2026-09-04,2026-09-04,100000,100000,100000.000000000000
5870168838,Field Research Photographer - Newcastle,CoStar Group UK Ltd,property-jobs,permanent,,West Midlands,2026-09-04 07:34:36+00,2026-09-04,2026-09-04,50000,50000,50000.000000000000
5870168764,Educational Psychologist,Outcomes First Group,teaching-jobs,permanent,part_time,London,2026-09-04 07:34:32+00,2026-09-04,2026-09-04,60000,60000,60000.000000000000
5870168722,Sales Estimator,Aqumen Recruitment,engineering-jobs,permanent,full_time,Yorkshire And The Humber,2026-09-04 07:34:22+00,2026-09-04,2026-09-04,28080,30160,29120.000000000000
5870168725,Certification and Compliance Coordinator,Groomfield Recruitment,scientific-qa-jobs,contract,,South East England,2026-09-04 07:34:22+00,2026-09-04,2026-09-04,40788,40788,40788.000000000000
5871617840,Performance and Insight Business Partner,Niyaa People,it-jobs,permanent,,West Midlands,2026-09-05 07:35:26+00,2026-09-05,2026-09-05,55000,55000,55000.000000000000
5871617312,Entry Level Data Consultant No Experience Required,NEWTO TRAINING LIMITED,it-jobs,permanent,,London,2026-09-05 07:34:26+00,2026-09-05,2026-09-05,65000,65000,65000.000000000000
5871261734,GIS Specialist,Pertemps,it-jobs,permanent,full_time,South East England,2026-09-05 02:32:07+00,2026-09-05,2026-09-05,47000,60000,53500.000000000000
5871081469,Performance Lead,Public Sector Resourcing CWS,accounting-finance-jobs,permanent,part_time,London,2026-09-04 23:36:02+00,2026-09-05,2026-09-05,55000,55000,55000.000000000000
5871014998,Power BI Developer,Morson Edge,it-jobs,contract,,London,2026-09-04 21:54:11+00,2026-09-05,2026-09-05,117000,130000,123500.000000000000
5871014707,Performance and Insight Business Partner,Niyaa People,it-jobs,contract,,West Midlands,2026-09-04 21:53:44+00,2026-09-05,2026-09-05,55000,55000,55000.000000000000
5871014210,Product Data Analyst,Fabric Recruitment,it-jobs,permanent,full_time,East Midlands,2026-09-04 21:53:11+00,2026-09-05,2026-09-05,40000,40000,40000.000000000000
5871014147,Data Analyst - Private Equity,Twenty Recruitment Group,it-jobs,,,London,2026-09-04 21:53:02+00,2026-09-05,2026-09-05,130000,156000,143000.000000000000
5871009872,Supply Chain Data Scientist,83zero Limited,it-jobs,contract,,East Midlands,2026-09-04 21:42:14+00,2026-09-05,2026-09-05,53040,64251,58645.500000000000
5871009387,Reporting Manager,Robert Half International,it-jobs,permanent,full_time,London,2026-09-04 21:40:54+00,2026-09-05,2026-09-05,60000,65000,62500.000000000000
5870911125,Performance Lead,Public Sector Resourcing,accounting-finance-jobs,permanent,part_time,London,2026-09-04 18:17:21+00,2026-09-05,2026-09-05,57297,57297,57297.000000000000
5870895504,Military Intelligence Assessor,RecruitedUK,it-jobs,,full_time,South East England,2026-09-04 18:11:12+00,2026-09-05,2026-09-05,36000,39000,37500.000000000000
5870884722,Performance and Insight Business Partner,Niyaa People,it-jobs,contract,full_time,West Midlands,2026-09-04 18:04:36+00,2026-09-05,2026-09-05,50000,56000,53000.000000000000
5870758339,Senior Data Analyst,Hippo Digital Limited,it-jobs,,full_time,Yorkshire And The Humber,2026-09-04 16:44:55+00,2026-09-05,2026-09-05,57500,66000,61750.000000000000
5870753568,Performance and Insight Business Partner,Niyaa People Ltd,it-jobs,contract,full_time,West Midlands,2026-09-04 16:42:09+00,2026-09-05,2026-09-05,50000,56000,53000.000000000000
5870749603,Data Analyst,Bleckmann Solutions UK,logistics-warehouse-jobs,permanent,full_time,,2026-09-04 16:39:53+00,2026-09-05,2026-09-05,29700,29700,29700.000000000000
5870713848,Product Data Analyst,Fabric Recruitment Ltd,it-jobs,permanent,full_time,,2026-09-04 16:23:53+00,2026-09-05,2026-09-05,35000,40000,37500.000000000000
5870674548,Deputy Examinations Officer,Eton College,teaching-jobs,permanent,,South East England,2026-09-04 15:34:02+00,2026-09-05,2026-09-05,40000,40000,40000.000000000000
5870627777,AI & Data Apprenticeship Skills Coach,Pertemps Specialist Talent Solutions,teaching-jobs,,full_time,,2026-09-04 14:07:56+00,2026-09-05,2026-09-05,40000,60000,50000.000000000000
5870574861,Supply Chain Data Scientist,83zero Ltd,it-jobs,contract,,East Midlands,2026-09-04 12:47:53+00,2026-09-05,2026-09-05,53040,64251,58645.500000000000
5870533260,Reporting Manager,Kenton Black,it-jobs,permanent,full_time,London,2026-09-04 12:31:54+00,2026-09-05,2026-09-05,65000,80000,72500.000000000000
5870531395,Reporting Manager,Kenton Black,it-jobs,permanent,full_time,Eastern England,2026-09-04 12:30:14+00,2026-09-05,2026-09-05,65000,80000,72500.000000000000
5870531375,Reporting Manager,Kenton Black,it-jobs,permanent,full_time,London,2026-09-04 12:30:13+00,2026-09-05,2026-09-05,65000,80000,72500.000000000000
5870168721,Data Architect,FBI &TMT,it-jobs,permanent,,South East England,2026-09-04 07:34:22+00,2026-09-04,2026-09-05,90000,90000,90000.000000000000
5870168290,Data Analyst Placement Programme No Experience Needed,IT Online Learning,it-jobs,permanent,,Scotland,2026-09-04 07:33:41+00,2026-09-04,2026-09-05,65000,65000,65000.000000000000
5870167396,Data Architect,Data Careers,it-jobs,permanent,,East Midlands,2026-09-04 07:31:55+00,2026-09-04,2026-09-05,75000,75000,75000.000000000000
5870020018,Entry Level Data Consultant No Experience Required,NEWTO TRAINING LIMITED,it-jobs,,,London,2026-09-04 05:40:42+00,2026-09-04,2026-09-05,65000,65000,65000.000000000000
5870019323,Entry Level Data Consultant No Experience Required,NEWTO TRAINING LIMITED,it-jobs,,,London,2026-09-04 05:39:12+00,2026-09-04,2026-09-05,65000,65000,65000.000000000000
5869887070,Trainee Project Manager - no experience needed,NEWTO TRAINING LIMITED,it-jobs,permanent,full_time,Yorkshire And The Humber,2026-09-04 03:33:23+00,2026-09-04,2026-09-05,55000,55000,55000.000000000000
5869887069,Trainee Project Manager - no experience needed,NEWTO TRAINING LIMITED,it-jobs,permanent,full_time,North West England,2026-09-04 03:33:23+00,2026-09-04,2026-09-05,55000,55000,55000.000000000000
5869887068,Trainee Project Manager - no experience needed,NEWTO TRAINING LIMITED,it-jobs,permanent,full_time,South West England,2026-09-04 03:33:23+00,2026-09-04,2026-09-05,55000,55000,55000.000000000000
5869887067,Trainee Project Manager - no experience needed,NEWTO TRAINING LIMITED,it-jobs,permanent,full_time,North West England,2026-09-04 03:33:23+00,2026-09-04,2026-09-05,55000,55000,55000.000000000000
5869886949,Entry Level Data Consultant No Experience Required,NEWTO TRAINING LIMITED,it-jobs,permanent,,London,2026-09-04 03:33:20+00,2026-09-04,2026-09-05,65000,65000,65000.000000000000
5869804868,Performance Analyst/Data Analyst,Futureheads Recruitment,it-jobs,contract,full_time,North East England,2026-09-04 02:31:30+00,2026-09-04,2026-09-05,78000,91000,84500.000000000000
5869804842,Finance/Business Analyst Internship,The Opportunity Hub UK,it-jobs,permanent,full_time,South East England,2026-09-04 02:31:29+00,2026-09-04,2026-09-05,25000,25000,25000.000000000000
5869622915,Entry Level Data Consultant No Experience Required,NEWTO TRAINING LIMITED,it-jobs,permanent,,West Midlands,2026-09-03 23:36:33+00,2026-09-04,2026-09-05,65000,65000,65000.000000000000
5869622912,Trainee Data Analyst No Experience Required,NEWTO TRAINING LIMITED,it-jobs,permanent,,North West England,2026-09-03 23:36:33+00,2026-09-04,2026-09-05,65000,65000,65000.000000000000
5869586939,Data Analyst,PDSA,it-jobs,,,West Midlands,2026-09-03 23:19:24+00,2026-09-04,2026-09-05,42783,45350,44066.500000000000
5869554126,Trainee Project Manager - no experience needed,NEWTO TRAINING LIMITED,it-jobs,,full_time,Scotland,2026-09-03 21:51:54+00,2026-09-05,2026-09-05,55000,55000,55000.000000000000
5869554121,Trainee Project Manager - no experience needed,NEWTO TRAINING LIMITED,it-jobs,,full_time,Yorkshire And The Humber,2026-09-03 21:51:53+00,2026-09-05,2026-09-05,55000,55000,55000.000000000000
5869554123,Trainee Project Manager - no experience needed,NEWTO TRAINING LIMITED,it-jobs,,full_time,Wales,2026-09-03 21:51:53+00,2026-09-04,2026-09-05,55000,55000,55000.000000000000
5869554109,Trainee Data Analyst No Experience Required,NEWTO TRAINING LIMITED,it-jobs,,,West Midlands,2026-09-03 21:51:50+00,2026-09-04,2026-09-05,65000,65000,65000.000000000000
5869552187,Trainee Project Manager - no experience needed,NEWTO TRAINING LIMITED,it-jobs,,full_time,London,2026-09-03 21:49:40+00,2026-09-04,2026-09-05,55000,55000,55000.000000000000
5869552162,Trainee Data Analyst No Experience Required,NEWTO TRAINING LIMITED,it-jobs,,,London,2026-09-03 21:49:38+00,2026-09-04,2026-09-05,65000,65000,65000.000000000000
5869552165,Data Analytics Engineer,Asset Resourcing,it-jobs,permanent,,South West England,2026-09-03 21:49:38+00,2026-09-05,2026-09-05,60000,60000,60000.000000000000
5869552164,Trainee Data Analyst No Experience Required,NEWTO TRAINING LIMITED,it-jobs,,,Wales,2026-09-03 21:49:38+00,2026-09-04,2026-09-05,65000,65000,65000.000000000000
5869552158,Data Architect,Data Careers,it-jobs,contract,,East Midlands,2026-09-03 21:49:37+00,2026-09-04,2026-09-05,75000,75000,75000.000000000000
5869552091,Deputy Examinations Officer,Eton College,teaching-jobs,,,South East England,2026-09-03 21:49:32+00,2026-09-04,2026-09-05,40000,40000,40000.000000000000
5869549938,Trainee Project Manager - no experience required,NEWTO TRAINING LIMITED,it-jobs,,full_time,West Midlands,2026-09-03 21:46:48+00,2026-09-04,2026-09-05,55000,55000,55000.000000000000
5869549958,Trainee Project Manager - No experience needed,NEWTO TRAINING LIMITED,it-jobs,,full_time,,2026-09-03 21:46:48+00,2026-09-04,2026-09-05,55000,55000,55000.000000000000
5869545944,Data Architect,Data Careers,it-jobs,permanent,full_time,East Midlands,2026-09-03 21:35:30+00,2026-09-04,2026-09-05,70000,75000,72500.000000000000
5869502774,GIS Specialist,Pertemps Thames Water,it-jobs,,full_time,South East England,2026-09-03 20:41:29+00,2026-09-04,2026-09-05,47000,60000,53500.000000000000
5869482692,Trainee Project Manager - no experience needed,NEWTO TRAINING LIMITED,it-jobs,permanent,full_time,Scotland,2026-09-03 19:34:58+00,2026-09-05,2026-09-05,55000,55000,55000.000000000000
5871615756,Senior AI Engineering Consultant,Lynx Recruitment Limited,it-jobs,permanent,,North West England,2026-09-05 07:33:31+00,2026-09-05,2026-09-05,80000,80000,80000.000000000000
5871328916,Data Engineer | Enterprise AI Knowledge Platform | Banking,Vertus Partners Ltd,it-jobs,,full_time,North West England,2026-09-05 03:39:55+00,2026-09-05,2026-09-05,182000,208000,195000.000000000000
5871328910,AI Engineer | Enterprise Data & AI Platforms | Banking,Vertus Partners Ltd,it-jobs,,full_time,North West England,2026-09-05 03:39:55+00,2026-09-05,2026-09-05,182000,208000,195000.000000000000
5871327253,Senior Data Engineer,Data Idols,it-jobs,permanent,full_time,London,2026-09-05 03:36:22+00,2026-09-05,2026-09-05,75000,85000,80000.000000000000
5871323856,Data Engineer (Maternity Cover),The Wildlife Trust,it-jobs,contract,part_time,East Midlands,2026-09-05 03:32:52+00,2026-09-05,2026-09-05,35000,35000,35000.000000000000
5871322772,Cloud Engineer - AWS Python,Hireful,it-jobs,permanent,,South West England,2026-09-05 03:31:37+00,2026-09-05,2026-09-05,70000,70000,70000.000000000000
5871322753,"SQL Analytics Engineer (AI-Enabled, Databricks) - Software",Salt,it-jobs,contract,,London,2026-09-05 03:31:36+00,2026-09-05,2026-09-05,91000,117000,104000.000000000000
5871081419,Senior & mid-level Data Platform Engineers,ITSS Recruitment Ltd,it-jobs,permanent,,North West England,2026-09-04 23:35:59+00,2026-09-05,2026-09-05,100000,100000,100000.000000000000
5871023111,DV Cleared Data Engineers Wanted - Mid to Senior AWS Data Platforms,Avanti Recruitment,it-jobs,,full_time,North West England,2026-09-04 22:10:46+00,2026-09-05,2026-09-05,55000,80000,67500.000000000000
5871023102,DV Cleared Data Engineers Wanted - Mid to Senior AWS Data Platforms,Avanti Recruitment,it-jobs,,full_time,South West England,2026-09-04 22:10:41+00,2026-09-05,2026-09-05,55000,80000,67500.000000000000
5871023047,Data Architect (Snowflake),Sanderson,it-jobs,,full_time,London,2026-09-04 22:10:23+00,2026-09-05,2026-09-05,100000,115000,107500.000000000000
5871023050,DV Cleared Data Engineers Wanted Mid to Senior AWS - Data Platforms - Hybrid,Avanti,it-jobs,,full_time,North West England,2026-09-04 22:10:23+00,2026-09-05,2026-09-05,55000,80000,67500.000000000000
5871023048,Data Engineer,Amtis Professional Ltd,it-jobs,permanent,full_time,West Midlands,2026-09-04 22:10:23+00,2026-09-05,2026-09-05,40000,45000,42500.000000000000
5871022913,Principal Data Engineer - Azure - Perm,Lorien,it-jobs,permanent,full_time,Scotland,2026-09-04 22:10:10+00,2026-09-05,2026-09-05,54000,70000,62000.000000000000
5871014217,Senior Data Engineer,Intelligent Talent Solutions Ltd,it-jobs,,,West Midlands,2026-09-04 21:53:11+00,2026-09-05,2026-09-05,75000,75000,75000.000000000000
5871014020,Cloud Engineer - AWS Python,Hireful,it-jobs,,,London,2026-09-04 21:52:44+00,2026-09-05,2026-09-05,70000,70000,70000.000000000000
5871012745,Data Engineer,Intelligent Talent Solutions Ltd,it-jobs,,,West Midlands,2026-09-04 21:50:24+00,2026-09-05,2026-09-05,65000,65000,65000.000000000000
5871012309,Software Engineer Python SQL - Market Data,Client Server,it-jobs,,full_time,London,2026-09-04 21:49:32+00,2026-09-05,2026-09-05,100000,100000,100000.000000000000
5871012283,AI Architect,TALENT INTERNATIONAL UK LTD,it-jobs,contract,,,2026-09-04 21:49:32+00,2026-09-05,2026-09-05,169000,176800,172900.000000000000
5871012288,Lead Data Architect,Harvey Nash,it-jobs,,,Scotland,2026-09-04 21:49:32+00,2026-09-05,2026-09-05,100000,100000,100000.000000000000
5871012257,AI Engineer,Fruition Group,it-jobs,,,London,2026-09-04 21:49:31+00,2026-09-05,2026-09-05,100000,100000,100000.000000000000
5870940446,Data Engineer,Data Careers,it-jobs,permanent,,East Midlands,2026-09-04 19:34:30+00,2026-09-05,2026-09-05,50000,50000,50000.000000000000
5870940454,Senior Data Engineer,DWP Digital,it-jobs,permanent,,North East England,2026-09-04 19:34:30+00,2026-09-05,2026-09-05,75000,75000,75000.000000000000
5870887483,Technology Specialist - Digital Twin,Digital Catapult,it-jobs,,full_time,Northern Ireland,2026-09-04 18:06:31+00,2026-09-05,2026-09-05,35000,45000,40000.000000000000
5870884990,Data Engineer,Hays Specialist Recruitment Limited,it-jobs,permanent,full_time,London,2026-09-04 18:04:40+00,2026-09-05,2026-09-05,70000,90000,80000.000000000000
5870884468,Data Engineer (Maternity Cover),The Wildlife Trust,it-jobs,contract,full_time,East Midlands,2026-09-04 18:04:31+00,2026-09-05,2026-09-05,35000,35000,35000.000000000000
5870884069,"SQL Analytics Engineer (AI-Enabled, Databricks) - Software",Salt,it-jobs,contract,,London,2026-09-04 18:04:12+00,2026-09-05,2026-09-05,91000,117000,104000.000000000000
5870770538,Data Integration Specialist,NATO,it-jobs,contract,full_time,West Midlands,2026-09-04 16:52:10+00,2026-09-05,2026-09-05,59820,59820,59820.000000000000
5870769464,Project Manager (Maritime C2 Data Integration),NATO,it-jobs,contract,full_time,West Midlands,2026-09-04 16:51:15+00,2026-09-05,2026-09-05,91763,91763,91763.000000000000
5870763602,Portfolio Analyst,OVO Group,it-jobs,,full_time,South West England,2026-09-04 16:48:06+00,2026-09-05,2026-09-05,35000,50000,42500.000000000000
5870761300,Data Engineer,NATO,it-jobs,contract,full_time,West Midlands,2026-09-04 16:46:38+00,2026-09-05,2026-09-05,74459,74459,74459.000000000000
5870758322,Demand Reporting Data Scientist,Anglian Water Services,it-jobs,permanent,full_time,,2026-09-04 16:44:54+00,2026-09-05,2026-09-05,43344,43344,43344.000000000000
5870749058,Head of Data Engineering,PHMG,it-jobs,,full_time,North West England,2026-09-04 16:39:37+00,2026-09-05,2026-09-05,90000,90000,90000.000000000000
5870727681,Data Engineer,Hays Technology,it-jobs,permanent,full_time,London,2026-09-04 16:31:46+00,2026-09-05,2026-09-05,70000,90000,80000.000000000000
5870727101,Senior Java Software Engineer,Rebel Recruitment Limited,it-jobs,,full_time,East Midlands,2026-09-04 16:31:33+00,2026-09-05,2026-09-05,70000,80000,75000.000000000000
5871396051,European Head Of Supply Chain & Planning,Martin Veasey Talent Solutions,logistics-warehouse-jobs,,full_time,South East England,2026-09-05 04:45:45+00,2026-09-05,2026-09-05,80000,100000,90000.000000000000
5871327252,Senior Data Scientist,Data Idols,it-jobs,permanent,full_time,London,2026-09-05 03:36:22+00,2026-09-05,2026-09-05,80000,85000,82500.000000000000
5871010841,SC Cleared AI / ML Engineer,IO Associates,it-jobs,contract,,South East England,2026-09-04 21:45:02+00,2026-09-05,2026-09-05,156000,182000,169000.000000000000
5870884631,Software Developer (.Net / Python),Gleeson Recruitment Group,it-jobs,,full_time,West Midlands,2026-09-04 18:04:34+00,2026-09-05,2026-09-05,50000,60000,55000.000000000000
5870779375,Senior AI Product Manager,9fin,it-jobs,,full_time,London,2026-09-04 16:58:06+00,2026-09-05,2026-09-05,301600,301600,301600.000000000000
5870771049,Technical Lead - Salesforce Agentforce,Iberdrola,it-jobs,,full_time,Scotland,2026-09-04 16:52:24+00,2026-09-05,2026-09-05,74000,74000,74000.000000000000
5870769774,"Engineering Manager, Safeguards",Anthropic,engineering-jobs,,full_time,London,2026-09-04 16:51:33+00,2026-09-05,2026-09-05,325000,390000,357500.000000000000
5870769564,Technical Operations Engineer,UCAS,it-jobs,contract,full_time,,2026-09-04 16:51:21+00,2026-09-05,2026-09-05,40000,42000,41000.000000000000
5870747384,Senior Software Engineer - FDE,Microsoft,it-jobs,contract,full_time,London,2026-09-04 16:39:10+00,2026-09-05,2026-09-05,74700,122600,98650.000000000000
5871618003,Procurement Lead / Purchasing Manager,Vibe Recruit Limited,it-jobs,contract,,South East England,2026-09-05 07:35:43+00,2026-09-05,2026-09-05,53040,58656,55848.000000000000
5871082278,Data Quality & Insights Officer,Flat Fee Recruiter,it-jobs,permanent,part_time,East Midlands,2026-09-04 23:36:45+00,2026-09-05,2026-09-05,30000,30000,30000.000000000000
5870884752,Business Performance Analyst,Reed,it-jobs,contract,full_time,West Midlands,2026-09-04 18:04:37+00,2026-09-05,2026-09-05,56385,56385,56385.000000000000
5870884465,Senior Analytics Manager,Harnham - Data & Analytics Recruitment,it-jobs,,full_time,London,2026-09-04 18:04:31+00,2026-09-05,2026-09-05,90000,100000,95000.000000000000
5870765533,Senior Marketing Specialist Large Capital,Medtronic,sales-jobs,,full_time,Eastern England,2026-09-04 16:49:13+00,2026-09-05,2026-09-05,77600,116400,97000.000000000000
5870757576,Talent Acquisition Partner,Paloma Health,healthcare-nursing-jobs,,full_time,London,2026-09-04 16:44:30+00,2026-09-05,2026-09-05,45000,45000,45000.000000000000
5870754091,Procurement Lead / Purchasing Manager,Vibe Recruit,it-jobs,contract,,South East England,2026-09-04 16:42:25+00,2026-09-05,2026-09-05,53040,58656,55848.000000000000
5870752366,Revenue Growth Manager,St Ewe Free Range Eggs Limited,accounting-finance-jobs,,full_time,,2026-09-04 16:41:35+00,2026-09-05,2026-09-05,55000,60000,57500.000000000000
5870727652,FP&A Analyst,Hays Senior Finance,accounting-finance-jobs,contract,,,2026-09-04 16:31:45+00,2026-09-05,2026-09-05,45000,50000,47500.000000000000
5870713316,Business Performance Analyst,Reed Technology,it-jobs,contract,full_time,West Midlands,2026-09-04 16:23:29+00,2026-09-05,2026-09-05,56385,56385,56385.000000000000
5870673641,Senior Oracle SCM Cloud Functional Consultant,Hackajob Ltd,it-jobs,permanent,,London,2026-09-04 15:30:19+00,2026-09-05,2026-09-05,100000,100000,100000.000000000000
5870427445,Senior Oracle SCM Cloud Functional Consultant,Hackajob Ltd,it-jobs,permanent,,London,2026-09-04 11:29:56+00,2026-09-04,2026-09-05,90000,90000,90000.000000000000
5869622280,Chief Data Officer,Police Scotland,it-jobs,permanent,part_time,Scotland,2026-09-03 23:35:30+00,2026-09-04,2026-09-05,100000,100000,100000.000000000000
5869588252,Interim Systems accountant,HAYS,it-jobs,contract,,Scotland,2026-09-03 23:24:52+00,2026-09-04,2026-09-05,52000,71500,61750.000000000000
5871739978,General Manager - Ardingly,Hall & Woodhouse Ltd,hospitality-catering-jobs,,,South East England,2026-09-05 10:11:53+00,2026-09-05,2026-09-05,46500,46500,46500.000000000000
5871739982,Deputy General Manager - Weymouth,Hall & Woodhouse Ltd,hospitality-catering-jobs,,,South West England,2026-09-05 10:11:53+00,2026-09-05,2026-09-05,36000,36000,36000.000000000000
5871737155,Trainee Product Manager | No experience needed (Ref: 9401),Qualify Nation Recruitment,it-jobs,,full_time,London,2026-09-05 10:04:17+00,2026-09-05,2026-09-05,28000,38000,33000.000000000000
5871724911,Housing Standards Systems Manager,South Norfolk and Broadland Councils,it-jobs,permanent,full_time,Eastern England,2026-09-05 09:54:25+00,2026-09-05,2026-09-05,33705,38039,35872.000000000000
5871634137,Talent Aquisition Lead - Technology,My Recruiter Jobs,hr-jobs,permanent,full_time,London,2026-09-05 08:24:24+00,2026-09-05,2026-09-05,70000,90000,80000.000000000000
5871632065,Planning Officer (Temporary) (Maternity Cover) - MOR12094,Moray Council,admin-jobs,contract,,Scotland,2026-09-05 08:19:27+00,2026-09-05,2026-09-05,30001,40000,35000.500000000000
5871632033,Planning Officer - MOR12114,Moray Council,admin-jobs,,,Scotland,2026-09-05 08:19:23+00,2026-09-05,2026-09-05,30001,40000,35000.500000000000
5871618097,Senior Manufacturing Engineer,Vectis Recruitment Limited,engineering-jobs,permanent,,North West England,2026-09-05 07:35:49+00,2026-09-05,2026-09-05,55000,55000,55000.000000000000
5871618071,Quality Supervisor,Consortium Professional Recruitment,scientific-qa-jobs,permanent,,East Midlands,2026-09-05 07:35:49+00,2026-09-05,2026-09-05,30000,30000,30000.000000000000
5871618040,Procurement Business Partner,Hackajob Ltd,admin-jobs,permanent,full_time,South West England,2026-09-05 07:35:47+00,2026-09-05,2026-09-05,80000,80000,80000.000000000000
5871618035,Merchandiser,Zachary Daniels,retail-jobs,permanent,,North West England,2026-09-05 07:35:46+00,2026-09-05,2026-09-05,50000,50000,50000.000000000000
5871618007,Merchandising Manager,Zachary Daniels,retail-jobs,permanent,,North West England,2026-09-05 07:35:43+00,2026-09-05,2026-09-05,75000,75000,75000.000000000000
5871618005,Commercial Director,Building Careers UK Ltd,trade-construction-jobs,permanent,,North West England,2026-09-05 07:35:43+00,2026-09-05,2026-09-05,100000,100000,100000.000000000000
5871618009,Transport Planner,Stobart,logistics-warehouse-jobs,permanent,,East Midlands,2026-09-05 07:35:43+00,2026-09-05,2026-09-05,26000,26000,26000.000000000000
5871618015,Category Buyer/Manager,Consortium Professional Recruitment,retail-jobs,permanent,,Yorkshire And The Humber,2026-09-05 07:35:43+00,2026-09-05,2026-09-05,35000,35000,35000.000000000000
5871618002,Junior Buyer,Zachary Daniels,retail-jobs,contract,,London,2026-09-05 07:35:43+00,2026-09-05,2026-09-05,40000,40000,40000.000000000000
5871617854,Business Development Manager,WALLACE HIND SELECTION LIMITED,sales-jobs,permanent,,Yorkshire And The Humber,2026-09-05 07:35:26+00,2026-09-05,2026-09-05,45000,65000,55000.000000000000
5871617843,Business Development Manager,WALLACE HIND SELECTION LIMITED,sales-jobs,permanent,,East Midlands,2026-09-05 07:35:26+00,2026-09-05,2026-09-05,45000,65000,55000.000000000000
5871617838,Theatre Robotics Lead,Jarrodean Healthcare Recruitment,healthcare-nursing-jobs,permanent,full_time,London,2026-09-05 07:35:26+00,2026-09-05,2026-09-05,55000,55000,55000.000000000000
5871617856,Destination Experiences Executive,Saga Travel,admin-jobs,permanent,,South East England,2026-09-05 07:35:26+00,2026-09-05,2026-09-05,30000,30000,30000.000000000000
5871617731,Destination Experiences Coordinator,Saga Travel,admin-jobs,permanent,,South East England,2026-09-05 07:35:12+00,2026-09-05,2026-09-05,26000,26000,26000.000000000000
5871617714,Spanish Speaking Customer Advisor,Brook Street UK,customer-services-jobs,permanent,,Wales,2026-09-05 07:35:11+00,2026-09-05,2026-09-05,26000,26000,26000.000000000000
5871617583,Senior Social Work Lead Practitioner,Birmingham Children's Trust,social-work-jobs,permanent,,West Midlands,2026-09-05 07:34:57+00,2026-09-05,2026-09-05,50000,50000,50000.000000000000
5871617481,Supervising Social Worker,Orange Grove,social-work-jobs,permanent,part_time,Yorkshire And The Humber,2026-09-05 07:34:45+00,2026-09-05,2026-09-05,35000,35000,35000.000000000000
5871617358,Digital Merchandising & Product Content Executive,Socium Search Ltd,pr-advertising-marketing-jobs,permanent,,Eastern England,2026-09-05 07:34:31+00,2026-09-05,2026-09-05,40000,40000,40000.000000000000
5871617300,Tenancy Fraud Manager,Guinness Partnership,social-work-jobs,permanent,full_time,North West England,2026-09-05 07:34:25+00,2026-09-05,2026-09-05,45000,45000,45000.000000000000
5871617302,Tenancy Fraud Manager,Guinness Partnership,social-work-jobs,permanent,full_time,London,2026-09-05 07:34:25+00,2026-09-05,2026-09-05,50000,50000,50000.000000000000
5871617246,Project Accountant,Robert Half Limited,accounting-finance-jobs,contract,,Yorkshire And The Humber,2026-09-05 07:34:17+00,2026-09-05,2026-09-05,182000,234000,208000.000000000000
5871617220,Technical Manager,Building Careers UK Ltd,trade-construction-jobs,permanent,,North West England,2026-09-05 07:34:15+00,2026-09-05,2026-09-05,60000,60000,60000.000000000000
5871617009,Group Financial Accountant,Otto James Consulting Limited,accounting-finance-jobs,permanent,,North West England,2026-09-05 07:34:05+00,2026-09-05,2026-09-05,50000,50000,50000.000000000000
5871617004,Private Client Tax Manager,Curtis Recruitment,accounting-finance-jobs,permanent,,West Midlands,2026-09-05 07:34:05+00,2026-09-05,2026-09-05,75000,75000,75000.000000000000
5871617006,Senior Credit Risk Analyst,Dudley Building Society,accounting-finance-jobs,contract,,West Midlands,2026-09-05 07:34:05+00,2026-09-05,2026-09-05,50000,50000,50000.000000000000
5871617011,Management Accountant,Quorn Country Tiles Limited,accounting-finance-jobs,permanent,,East Midlands,2026-09-05 07:34:05+00,2026-09-05,2026-09-05,45000,45000,45000.000000000000
5871616999,Assitant Accountant,Hays,accounting-finance-jobs,permanent,full_time,Northern Ireland,2026-09-05 07:34:05+00,2026-09-05,2026-09-05,40000,40000,40000.000000000000
5871616994,AAT Assistant Accountant,Curtis Recruitment,accounting-finance-jobs,permanent,,South East England,2026-09-05 07:34:05+00,2026-09-05,2026-09-05,35000,35000,35000.000000000000
5871617016,Accounts & Tax Manager,Curtis Recruitment,accounting-finance-jobs,permanent,,East Midlands,2026-09-05 07:34:05+00,2026-09-05,2026-09-05,70000,70000,70000.000000000000
5871617005,Accounts & Tax Manager,Curtis Recruitment,accounting-finance-jobs,permanent,,South East England,2026-09-05 07:34:05+00,2026-09-05,2026-09-05,70000,70000,70000.000000000000
5871616837,Senior Human Resources Business Partner,Henderson Brown Recruitment Limited,hr-jobs,permanent,,Eastern England,2026-09-05 07:33:50+00,2026-09-05,2026-09-05,60000,60000,60000.000000000000
5871616766,Senior Design Engineer,Echelon Engineers Limited,engineering-jobs,permanent,full_time,North West England,2026-09-05 07:33:46+00,2026-09-05,2026-09-05,55000,55000,55000.000000000000
5871616760,Technical Services Manager,CBW Staffing Solutions Ltd,it-jobs,permanent,,London,2026-09-05 07:33:45+00,2026-09-05,2026-09-05,80000,80000,80000.000000000000
5871616751,Quality Engineer,Contek Recruitment Solutions LTD.,engineering-jobs,permanent,,South East England,2026-09-05 07:33:44+00,2026-09-05,2026-09-05,45000,45000,45000.000000000000
5871615718,Machine Learning Engineer,RedTech Recruitment Ltd,it-jobs,permanent,,London,2026-09-05 07:33:31+00,2026-09-05,2026-09-05,75000,75000,75000.000000000000
5871615711,Technical Consultant,Lynx Recruitment Limited,it-jobs,permanent,,London,2026-09-05 07:33:31+00,2026-09-05,2026-09-05,60000,60000,60000.000000000000
5871615652,Ai Integration Engineer,Streamline Search Limited,it-jobs,permanent,,Scotland,2026-09-05 07:33:30+00,2026-09-05,2026-09-05,65000,65000,65000.000000000000
5871615629,"PowerApps Developer, Hybrid, Central London, 70k,",Langley James Limited,it-jobs,permanent,,London,2026-09-05 07:33:29+00,2026-09-05,2026-09-05,70000,70000,70000.000000000000
5871615579,Service Desk Analyst,South West Water,it-jobs,permanent,,South West England,2026-09-05 07:33:29+00,2026-09-05,2026-09-05,30000,30000,30000.000000000000
5871615592,OpenShift Developer eDV,Bulb Resourcing,it-jobs,permanent,,South West England,2026-09-05 07:33:29+00,2026-09-05,2026-09-05,75000,75000,75000.000000000000
